metric,seed,task,prediction_file,model,source_family,n_samples,recomputed_test_score,candidate_count,candidate_count_definition,selection_budget,prediction_evidence_note
AUROC,101,ames,/mnt/data/projects/trimole_hybrid_revision_20260915/results_strict/revision_20260917_flaml_matched_v1/final/predictions/ames/seed_101.csv,flaml_automl,matched_budget_automl,1457,0.7227261156474574,4,available estimators/views,60 seconds and <= 30 iterations per task/seed,five seed-level prediction arrays generated in revision
AUROC,202,ames,/mnt/data/projects/trimole_hybrid_revision_20260915/results_strict/revision_20260917_flaml_matched_v1/final/predictions/ames/seed_202.csv,flaml_automl,matched_budget_automl,1457,0.7228132526581683,4,available estimators/views,60 seconds and <= 30 iterations per task/seed,five seed-level prediction arrays generated in revision
AUROC,303,ames,/mnt/data/projects/trimole_hybrid_revision_20260915/results_strict/revision_20260917_flaml_matched_v1/final/predictions/ames/seed_303.csv,flaml_automl,matched_budget_automl,1457,0.7011249485989544,4,available estimators/views,60 seconds and <= 30 iterations per task/seed,five seed-level prediction arrays generated in revision
AUROC,404,ames,/mnt/data/projects/trimole_hybrid_revision_20260915/results_strict/revision_20260917_flaml_matched_v1/final/predictions/ames/seed_404.csv,flaml_automl,matched_budget_automl,1457,0.8196195343554797,4,available estimators/views,60 seconds and <= 30 iterations per task/seed,five seed-level prediction arrays generated in revision
AUROC,505,ames,/mnt/data/projects/trimole_hybrid_revision_20260915/results_strict/revision_20260917_flaml_matched_v1/final/predictions/ames/seed_505.csv,flaml_automl,matched_budget_automl,1457,0.6949773835399166,4,available estimators/views,60 seconds and <= 30 iterations per task/seed,five seed-level prediction arrays generated in revision
AUROC,101,ames,/mnt/data/projects/trimole_hybrid_revision_20260915/results_strict/revision_20260917_controlled_baselines_v3/final/predictions/ames/global_single_seed_101.csv,global_single,controlled_three_view_pool,1457,0.7533229552174509,3,available estimators/views,fixed three-view pool; fixed linear learner; no adaptive time search,five seed-level prediction arrays generated in revision
AUROC,202,ames,/mnt/data/projects/trimole_hybrid_revision_20260915/results_strict/revision_20260917_controlled_baselines_v3/final/predictions/ames/global_single_seed_202.csv,global_single,controlled_three_view_pool,1457,0.755279132154536,3,available estimators/views,fixed three-view pool; fixed linear learner; no adaptive time search,five seed-level prediction arrays generated in revision
AUROC,303,ames,/mnt/data/projects/trimole_hybrid_revision_20260915/results_strict/revision_20260917_controlled_baselines_v3/final/predictions/ames/global_single_seed_303.csv,global_single,controlled_three_view_pool,1457,0.7566331825569328,3,available estimators/views,fixed three-view pool; fixed linear learner; no adaptive time search,five seed-level prediction arrays generated in revision
AUROC,404,ames,/mnt/data/projects/trimole_hybrid_revision_20260915/results_strict/revision_20260917_controlled_baselines_v3/final/predictions/ames/global_single_seed_404.csv,global_single,controlled_three_view_pool,1457,0.7542246764181795,3,available estimators/views,fixed three-view pool; fixed linear learner; no adaptive time search,five seed-level prediction arrays generated in revision
AUROC,505,ames,/mnt/data/projects/trimole_hybrid_revision_20260915/results_strict/revision_20260917_controlled_baselines_v3/final/predictions/ames/global_single_seed_505.csv,global_single,controlled_three_view_pool,1457,0.7495173197047132,3,available estimators/views,fixed three-view pool; fixed linear learner; no adaptive time search,five seed-level prediction arrays generated in revision
AUROC,101,ames,/mnt/data/projects/trimole_hybrid_revision_20260915/results_strict/revision_20260917_controlled_baselines_v3/final/predictions/ames/oof_stacking_seed_101.csv,oof_stacking,controlled_three_view_pool,1457,0.8247958644187275,3,available estimators/views,fixed three-view pool; fixed linear learner; no adaptive time search,five seed-level prediction arrays generated in revision
AUROC,202,ames,/mnt/data/projects/trimole_hybrid_revision_20260915/results_strict/revision_20260917_controlled_baselines_v3/final/predictions/ames/oof_stacking_seed_202.csv,oof_stacking,controlled_three_view_pool,1457,0.8278926550353443,3,available estimators/views,fixed three-view pool; fixed linear learner; no adaptive time search,five seed-level prediction arrays generated in revision
AUROC,303,ames,/mnt/data/projects/trimole_hybrid_revision_20260915/results_strict/revision_20260917_controlled_baselines_v3/final/predictions/ames/oof_stacking_seed_303.csv,oof_stacking,controlled_three_view_pool,1457,0.8246871879222228,3,available estimators/views,fixed three-view pool; fixed linear learner; no adaptive time search,five seed-level prediction arrays generated in revision
AUROC,404,ames,/mnt/data/projects/trimole_hybrid_revision_20260915/results_strict/revision_20260917_controlled_baselines_v3/final/predictions/ames/oof_stacking_seed_404.csv,oof_stacking,controlled_three_view_pool,1457,0.8282833029822396,3,available estimators/views,fixed three-view pool; fixed linear learner; no adaptive time search,five seed-level prediction arrays generated in revision
AUROC,505,ames,/mnt/data/projects/trimole_hybrid_revision_20260915/results_strict/revision_20260917_controlled_baselines_v3/final/predictions/ames/oof_stacking_seed_505.csv,oof_stacking,controlled_three_view_pool,1457,0.8251943449059117,3,available estimators/views,fixed three-view pool; fixed linear learner; no adaptive time search,five seed-level prediction arrays generated in revision
AUROC,101,ames,/mnt/data/projects/trimole_hybrid_revision_20260915/results_strict/revision_20260917_controlled_baselines_v3/final/predictions/ames/per_task_single_seed_101.csv,per_task_single,controlled_three_view_pool,1457,0.7997904795472792,3,available estimators/views,fixed three-view pool; fixed linear learner; no adaptive time search,five seed-level prediction arrays generated in revision
AUROC,202,ames,/mnt/data/projects/trimole_hybrid_revision_20260915/results_strict/revision_20260917_controlled_baselines_v3/final/predictions/ames/per_task_single_seed_202.csv,per_task_single,controlled_three_view_pool,1457,0.804482171180168,3,available estimators/views,fixed three-view pool; fixed linear learner; no adaptive time search,five seed-level prediction arrays generated in revision
AUROC,303,ames,/mnt/data/projects/trimole_hybrid_revision_20260915/results_strict/revision_20260917_controlled_baselines_v3/final/predictions/ames/per_task_single_seed_303.csv,per_task_single,controlled_three_view_pool,1457,0.7998159353032173,3,available estimators/views,fixed three-view pool; fixed linear learner; no adaptive time search,five seed-level prediction arrays generated in revision
AUROC,404,ames,/mnt/data/projects/trimole_hybrid_revision_20260915/results_strict/revision_20260917_controlled_baselines_v3/final/predictions/ames/per_task_single_seed_404.csv,per_task_single,controlled_three_view_pool,1457,0.8086500616812548,3,available estimators/views,fixed three-view pool; fixed linear learner; no adaptive time search,five seed-level prediction arrays generated in revision
AUROC,505,ames,/mnt/data/projects/trimole_hybrid_revision_20260915/results_strict/revision_20260917_controlled_baselines_v3/final/predictions/ames/per_task_single_seed_505.csv,per_task_single,controlled_three_view_pool,1457,0.803125183575163,3,available estimators/views,fixed three-view pool; fixed linear learner; no adaptive time search,five seed-level prediction arrays generated in revision
AUROC,1,ames,/mnt/data/projects/trimole_hybrid_revision_20260915/manuscript_revision/trimole_prediction_manifest_20260917/predictions/ames/seed_1.csv,trimole_hybrid,submitted_taskwise_system,1457,0.8723511327811393,6,formal audited variants,historical validation-only search; six formal variants audited,five seed-level prediction arrays archived
AUROC,2,ames,/mnt/data/projects/trimole_hybrid_revision_20260915/manuscript_revision/trimole_prediction_manifest_20260917/predictions/ames/seed_2.csv,trimole_hybrid,submitted_taskwise_system,1457,0.8709158197732478,6,formal audited variants,historical validation-only search; six formal variants audited,five seed-level prediction arrays archived
AUROC,3,ames,/mnt/data/projects/trimole_hybrid_revision_20260915/manuscript_revision/trimole_prediction_manifest_20260917/predictions/ames/seed_3.csv,trimole_hybrid,submitted_taskwise_system,1457,0.8719967103330788,6,formal audited variants,historical validation-only search; six formal variants audited,five seed-level prediction arrays archived
AUROC,4,ames,/mnt/data/projects/trimole_hybrid_revision_20260915/manuscript_revision/trimole_prediction_manifest_20260917/predictions/ames/seed_4.csv,trimole_hybrid,submitted_taskwise_system,1457,0.8726233135561692,6,formal audited variants,historical validation-only search; six formal variants audited,five seed-level prediction arrays archived
AUROC,5,ames,/mnt/data/projects/trimole_hybrid_revision_20260915/manuscript_revision/trimole_prediction_manifest_20260917/predictions/ames/seed_5.csv,trimole_hybrid,submitted_taskwise_system,1457,0.8718400595273061,6,formal audited variants,historical validation-only search; six formal variants audited,five seed-level prediction arrays archived
AUROC,101,ames,/mnt/data/projects/trimole_hybrid_revision_20260915/results_strict/revision_20260917_controlled_baselines_v3/final/predictions/ames/uniform_average_seed_101.csv,uniform_average,controlled_three_view_pool,1457,0.8217245295580489,3,available estimators/views,fixed three-view pool; fixed linear learner; no adaptive time search,five seed-level prediction arrays generated in revision
AUROC,202,ames,/mnt/data/projects/trimole_hybrid_revision_20260915/results_strict/revision_20260917_controlled_baselines_v3/final/predictions/ames/uniform_average_seed_202.csv,uniform_average,controlled_three_view_pool,1457,0.8239440756623392,3,available estimators/views,fixed three-view pool; fixed linear learner; no adaptive time search,five seed-level prediction arrays generated in revision
AUROC,303,ames,/mnt/data/projects/trimole_hybrid_revision_20260915/results_strict/revision_20260917_controlled_baselines_v3/final/predictions/ames/uniform_average_seed_303.csv,uniform_average,controlled_three_view_pool,1457,0.8201599796353953,3,available estimators/views,fixed three-view pool; fixed linear learner; no adaptive time search,five seed-level prediction arrays generated in revision
AUROC,404,ames,/mnt/data/projects/trimole_hybrid_revision_20260915/results_strict/revision_20260917_controlled_baselines_v3/final/predictions/ames/uniform_average_seed_404.csv,uniform_average,controlled_three_view_pool,1457,0.8231637588360844,3,available estimators/views,fixed three-view pool; fixed linear learner; no adaptive time search,five seed-level prediction arrays generated in revision
AUROC,505,ames,/mnt/data/projects/trimole_hybrid_revision_20260915/results_strict/revision_20260917_controlled_baselines_v3/final/predictions/ames/uniform_average_seed_505.csv,uniform_average,controlled_three_view_pool,1457,0.8228651432375805,3,available estimators/views,fixed three-view pool; fixed linear learner; no adaptive time search,five seed-level prediction arrays generated in revision
AUROC,101,ames,/mnt/data/projects/trimole_hybrid_revision_20260915/results_strict/revision_20260917_controlled_baselines_v3/final/predictions/ames/validation_top2_average_seed_101.csv,validation_top2_average,controlled_three_view_pool,1457,0.8255164581252815,3,available estimators/views,fixed three-view pool; fixed linear learner; no adaptive time search,five seed-level prediction arrays generated in revision
AUROC,202,ames,/mnt/data/projects/trimole_hybrid_revision_20260915/results_strict/revision_20260917_controlled_baselines_v3/final/predictions/ames/validation_top2_average_seed_202.csv,validation_top2_average,controlled_three_view_pool,1457,0.8307172648769312,3,available estimators/views,fixed three-view pool; fixed linear learner; no adaptive time search,five seed-level prediction arrays generated in revision
AUROC,303,ames,/mnt/data/projects/trimole_hybrid_revision_20260915/results_strict/revision_20260917_controlled_baselines_v3/final/predictions/ames/validation_top2_average_seed_303.csv,validation_top2_average,controlled_three_view_pool,1457,0.8277820204037674,3,available estimators/views,fixed three-view pool; fixed linear learner; no adaptive time search,five seed-level prediction arrays generated in revision
AUROC,404,ames,/mnt/data/projects/trimole_hybrid_revision_20260915/results_strict/revision_20260917_controlled_baselines_v3/final/predictions/ames/validation_top2_average_seed_404.csv,validation_top2_average,controlled_three_view_pool,1457,0.8273884352542639,3,available estimators/views,fixed three-view pool; fixed linear learner; no adaptive time search,five seed-level prediction arrays generated in revision
AUROC,505,ames,/mnt/data/projects/trimole_hybrid_revision_20260915/results_strict/revision_20260917_controlled_baselines_v3/final/predictions/ames/validation_top2_average_seed_505.csv,validation_top2_average,controlled_three_view_pool,1457,0.8272709471499344,3,available estimators/views,fixed three-view pool; fixed linear learner; no adaptive time search,five seed-level prediction arrays generated in revision
AUROC,101,ames,/mnt/data/projects/trimole_hybrid_revision_20260915/results_strict/revision_20260917_controlled_baselines_v3/final/predictions/ames/validation_top3_average_seed_101.csv,validation_top3_average,controlled_three_view_pool,1457,0.8217245295580489,3,available estimators/views,fixed three-view pool; fixed linear learner; no adaptive time search,five seed-level prediction arrays generated in revision
AUROC,202,ames,/mnt/data/projects/trimole_hybrid_revision_20260915/results_strict/revision_20260917_controlled_baselines_v3/final/predictions/ames/validation_top3_average_seed_202.csv,validation_top3_average,controlled_three_view_pool,1457,0.8239440756623392,3,available estimators/views,fixed three-view pool; fixed linear learner; no adaptive time search,five seed-level prediction arrays generated in revision
AUROC,303,ames,/mnt/data/projects/trimole_hybrid_revision_20260915/results_strict/revision_20260917_controlled_baselines_v3/final/predictions/ames/validation_top3_average_seed_303.csv,validation_top3_average,controlled_three_view_pool,1457,0.8201599796353953,3,available estimators/views,fixed three-view pool; fixed linear learner; no adaptive time search,five seed-level prediction arrays generated in revision
AUROC,404,ames,/mnt/data/projects/trimole_hybrid_revision_20260915/results_strict/revision_20260917_controlled_baselines_v3/final/predictions/ames/validation_top3_average_seed_404.csv,validation_top3_average,controlled_three_view_pool,1457,0.8231637588360844,3,available estimators/views,fixed three-view pool; fixed linear learner; no adaptive time search,five seed-level prediction arrays generated in revision
AUROC,505,ames,/mnt/data/projects/trimole_hybrid_revision_20260915/results_strict/revision_20260917_controlled_baselines_v3/final/predictions/ames/validation_top3_average_seed_505.csv,validation_top3_average,controlled_three_view_pool,1457,0.8228651432375805,3,available estimators/views,fixed three-view pool; fixed linear learner; no adaptive time search,five seed-level prediction arrays generated in revision
AUROC,101,bbb_martins,/mnt/data/projects/trimole_hybrid_revision_20260915/results_strict/revision_20260917_flaml_matched_v1/final/predictions/bbb_martins/seed_101.csv,flaml_automl,matched_budget_automl,406,0.874296435272045,4,available estimators/views,60 seconds and <= 30 iterations per task/seed,five seed-level prediction arrays generated in revision
AUROC,202,bbb_martins,/mnt/data/projects/trimole_hybrid_revision_20260915/results_strict/revision_20260917_flaml_matched_v1/final/predictions/bbb_martins/seed_202.csv,flaml_automl,matched_budget_automl,406,0.8509810819262039,4,available estimators/views,60 seconds and <= 30 iterations per task/seed,five seed-level prediction arrays generated in revision
AUROC,303,bbb_martins,/mnt/data/projects/trimole_hybrid_revision_20260915/results_strict/revision_20260917_flaml_matched_v1/final/predictions/bbb_martins/seed_303.csv,flaml_automl,matched_budget_automl,406,0.8489876485303314,4,available estimators/views,60 seconds and <= 30 iterations per task/seed,five seed-level prediction arrays generated in revision
AUROC,404,bbb_martins,/mnt/data/projects/trimole_hybrid_revision_20260915/results_strict/revision_20260917_flaml_matched_v1/final/predictions/bbb_martins/seed_404.csv,flaml_automl,matched_budget_automl,406,0.872889305816135,4,available estimators/views,60 seconds and <= 30 iterations per task/seed,five seed-level prediction arrays generated in revision
AUROC,505,bbb_martins,/mnt/data/projects/trimole_hybrid_revision_20260915/results_strict/revision_20260917_flaml_matched_v1/final/predictions/bbb_martins/seed_505.csv,flaml_automl,matched_budget_automl,406,0.8389032207629767,4,available estimators/views,60 seconds and <= 30 iterations per task/seed,five seed-level prediction arrays generated in revision
AUROC,101,bbb_martins,/mnt/data/projects/trimole_hybrid_revision_20260915/results_strict/revision_20260917_controlled_baselines_v3/final/predictions/bbb_martins/global_single_seed_101.csv,global_single,controlled_three_view_pool,406,0.7994254221388368,3,available estimators/views,fixed three-view pool; fixed linear learner; no adaptive time search,five seed-level prediction arrays generated in revision
AUROC,202,bbb_martins,/mnt/data/projects/trimole_hybrid_revision_20260915/results_strict/revision_20260917_controlled_baselines_v3/final/predictions/bbb_martins/global_single_seed_202.csv,global_single,controlled_three_view_pool,406,0.7955753595997499,3,available estimators/views,fixed three-view pool; fixed linear learner; no adaptive time search,five seed-level prediction arrays generated in revision
AUROC,303,bbb_martins,/mnt/data/projects/trimole_hybrid_revision_20260915/results_strict/revision_20260917_controlled_baselines_v3/final/predictions/bbb_martins/global_single_seed_303.csv,global_single,controlled_three_view_pool,406,0.8002267041901188,3,available estimators/views,fixed three-view pool; fixed linear learner; no adaptive time search,five seed-level prediction arrays generated in revision
AUROC,404,bbb_martins,/mnt/data/projects/trimole_hybrid_revision_20260915/results_strict/revision_20260917_controlled_baselines_v3/final/predictions/bbb_martins/global_single_seed_404.csv,global_single,controlled_three_view_pool,406,0.8018683552220137,3,available estimators/views,fixed three-view pool; fixed linear learner; no adaptive time search,five seed-level prediction arrays generated in revision
AUROC,505,bbb_martins,/mnt/data/projects/trimole_hybrid_revision_20260915/results_strict/revision_20260917_controlled_baselines_v3/final/predictions/bbb_martins/global_single_seed_505.csv,global_single,controlled_three_view_pool,406,0.799816291432145,3,available estimators/views,fixed three-view pool; fixed linear learner; no adaptive time search,five seed-level prediction arrays generated in revision
AUROC,101,bbb_martins,/mnt/data/projects/trimole_hybrid_revision_20260915/results_strict/revision_20260917_controlled_baselines_v3/final/predictions/bbb_martins/oof_stacking_seed_101.csv,oof_stacking,controlled_three_view_pool,406,0.8812734521575984,3,available estimators/views,fixed three-view pool; fixed linear learner; no adaptive time search,five seed-level prediction arrays generated in revision
AUROC,202,bbb_martins,/mnt/data/projects/trimole_hybrid_revision_20260915/results_strict/revision_20260917_controlled_baselines_v3/final/predictions/bbb_martins/oof_stacking_seed_202.csv,oof_stacking,controlled_three_view_pool,406,0.882895559724828,3,available estimators/views,fixed three-view pool; fixed linear learner; no adaptive time search,five seed-level prediction arrays generated in revision
AUROC,303,bbb_martins,/mnt/data/projects/trimole_hybrid_revision_20260915/results_strict/revision_20260917_controlled_baselines_v3/final/predictions/bbb_martins/oof_stacking_seed_303.csv,oof_stacking,controlled_three_view_pool,406,0.8718339587242027,3,available estimators/views,fixed three-view pool; fixed linear learner; no adaptive time search,five seed-level prediction arrays generated in revision
AUROC,404,bbb_martins,/mnt/data/projects/trimole_hybrid_revision_20260915/results_strict/revision_20260917_controlled_baselines_v3/final/predictions/bbb_martins/oof_stacking_seed_404.csv,oof_stacking,controlled_three_view_pool,406,0.8777556285178236,3,available estimators/views,fixed three-view pool; fixed linear learner; no adaptive time search,five seed-level prediction arrays generated in revision
AUROC,505,bbb_martins,/mnt/data/projects/trimole_hybrid_revision_20260915/results_strict/revision_20260917_controlled_baselines_v3/final/predictions/bbb_martins/oof_stacking_seed_505.csv,oof_stacking,controlled_three_view_pool,406,0.8793581926203878,3,available estimators/views,fixed three-view pool; fixed linear learner; no adaptive time search,five seed-level prediction arrays generated in revision
AUROC,101,bbb_martins,/mnt/data/projects/trimole_hybrid_revision_20260915/results_strict/revision_20260917_controlled_baselines_v3/final/predictions/bbb_martins/per_task_single_seed_101.csv,per_task_single,controlled_three_view_pool,406,0.8294637273295811,3,available estimators/views,fixed three-view pool; fixed linear learner; no adaptive time search,five seed-level prediction arrays generated in revision
AUROC,202,bbb_martins,/mnt/data/projects/trimole_hybrid_revision_20260915/results_strict/revision_20260917_controlled_baselines_v3/final/predictions/bbb_martins/per_task_single_seed_202.csv,per_task_single,controlled_three_view_pool,406,0.8329424640400249,3,available estimators/views,fixed three-view pool; fixed linear learner; no adaptive time search,five seed-level prediction arrays generated in revision
AUROC,303,bbb_martins,/mnt/data/projects/trimole_hybrid_revision_20260915/results_strict/revision_20260917_controlled_baselines_v3/final/predictions/bbb_martins/per_task_single_seed_303.csv,per_task_single,controlled_three_view_pool,406,0.8225453408380238,3,available estimators/views,fixed three-view pool; fixed linear learner; no adaptive time search,five seed-level prediction arrays generated in revision
AUROC,404,bbb_martins,/mnt/data/projects/trimole_hybrid_revision_20260915/results_strict/revision_20260917_controlled_baselines_v3/final/predictions/bbb_martins/per_task_single_seed_404.csv,per_task_single,controlled_three_view_pool,406,0.8344277673545966,3,available estimators/views,fixed three-view pool; fixed linear learner; no adaptive time search,five seed-level prediction arrays generated in revision
AUROC,505,bbb_martins,/mnt/data/projects/trimole_hybrid_revision_20260915/results_strict/revision_20260917_controlled_baselines_v3/final/predictions/bbb_martins/per_task_single_seed_505.csv,per_task_single,controlled_three_view_pool,406,0.8294246404002501,3,available estimators/views,fixed three-view pool; fixed linear learner; no adaptive time search,five seed-level prediction arrays generated in revision
AUROC,1,bbb_martins,/mnt/data/projects/trimole_hybrid_revision_20260915/manuscript_revision/trimole_prediction_manifest_20260917/predictions/bbb_martins/seed_1.csv,trimole_hybrid,submitted_taskwise_system,406,0.9281191369606004,6,formal audited variants,historical validation-only search; six formal variants audited,five-run aggregate scores archived; one five-model ensemble prediction array archived
AUROC,101,bbb_martins,/mnt/data/projects/trimole_hybrid_revision_20260915/results_strict/revision_20260917_controlled_baselines_v3/final/predictions/bbb_martins/uniform_average_seed_101.csv,uniform_average,controlled_three_view_pool,406,0.883462320200125,3,available estimators/views,fixed three-view pool; fixed linear learner; no adaptive time search,five seed-level prediction arrays generated in revision
AUROC,202,bbb_martins,/mnt/data/projects/trimole_hybrid_revision_20260915/results_strict/revision_20260917_controlled_baselines_v3/final/predictions/bbb_martins/uniform_average_seed_202.csv,uniform_average,controlled_three_view_pool,406,0.8837945590994372,3,available estimators/views,fixed three-view pool; fixed linear learner; no adaptive time search,five seed-level prediction arrays generated in revision
AUROC,303,bbb_martins,/mnt/data/projects/trimole_hybrid_revision_20260915/results_strict/revision_20260917_controlled_baselines_v3/final/predictions/bbb_martins/uniform_average_seed_303.csv,uniform_average,controlled_three_view_pool,406,0.874335522201376,3,available estimators/views,fixed three-view pool; fixed linear learner; no adaptive time search,five seed-level prediction arrays generated in revision
AUROC,404,bbb_martins,/mnt/data/projects/trimole_hybrid_revision_20260915/results_strict/revision_20260917_controlled_baselines_v3/final/predictions/bbb_martins/uniform_average_seed_404.csv,uniform_average,controlled_three_view_pool,406,0.8788500625390869,3,available estimators/views,fixed three-view pool; fixed linear learner; no adaptive time search,five seed-level prediction arrays generated in revision
AUROC,505,bbb_martins,/mnt/data/projects/trimole_hybrid_revision_20260915/results_strict/revision_20260917_controlled_baselines_v3/final/predictions/bbb_martins/uniform_average_seed_505.csv,uniform_average,controlled_three_view_pool,406,0.8815079737335835,3,available estimators/views,fixed three-view pool; fixed linear learner; no adaptive time search,five seed-level prediction arrays generated in revision
AUROC,101,bbb_martins,/mnt/data/projects/trimole_hybrid_revision_20260915/results_strict/revision_20260917_controlled_baselines_v3/final/predictions/bbb_martins/validation_top2_average_seed_101.csv,validation_top2_average,controlled_three_view_pool,406,0.8546357098186366,3,available estimators/views,fixed three-view pool; fixed linear learner; no adaptive time search,five seed-level prediction arrays generated in revision
AUROC,202,bbb_martins,/mnt/data/projects/trimole_hybrid_revision_20260915/results_strict/revision_20260917_controlled_baselines_v3/final/predictions/bbb_martins/validation_top2_average_seed_202.csv,validation_top2_average,controlled_three_view_pool,406,0.8551829268292683,3,available estimators/views,fixed three-view pool; fixed linear learner; no adaptive time search,five seed-level prediction arrays generated in revision
AUROC,303,bbb_martins,/mnt/data/projects/trimole_hybrid_revision_20260915/results_strict/revision_20260917_controlled_baselines_v3/final/predictions/bbb_martins/validation_top2_average_seed_303.csv,validation_top2_average,controlled_three_view_pool,406,0.846896497811132,3,available estimators/views,fixed three-view pool; fixed linear learner; no adaptive time search,five seed-level prediction arrays generated in revision
AUROC,404,bbb_martins,/mnt/data/projects/trimole_hybrid_revision_20260915/results_strict/revision_20260917_controlled_baselines_v3/final/predictions/bbb_martins/validation_top2_average_seed_404.csv,validation_top2_average,controlled_three_view_pool,406,0.8550852095059412,3,available estimators/views,fixed three-view pool; fixed linear learner; no adaptive time search,five seed-level prediction arrays generated in revision
AUROC,505,bbb_martins,/mnt/data/projects/trimole_hybrid_revision_20260915/results_strict/revision_20260917_controlled_baselines_v3/final/predictions/bbb_martins/validation_top2_average_seed_505.csv,validation_top2_average,controlled_three_view_pool,406,0.8515869293308318,3,available estimators/views,fixed three-view pool; fixed linear learner; no adaptive time search,five seed-level prediction arrays generated in revision
AUROC,101,bbb_martins,/mnt/data/projects/trimole_hybrid_revision_20260915/results_strict/revision_20260917_controlled_baselines_v3/final/predictions/bbb_martins/validation_top3_average_seed_101.csv,validation_top3_average,controlled_three_view_pool,406,0.883462320200125,3,available estimators/views,fixed three-view pool; fixed linear learner; no adaptive time search,five seed-level prediction arrays generated in revision
AUROC,202,bbb_martins,/mnt/data/projects/trimole_hybrid_revision_20260915/results_strict/revision_20260917_controlled_baselines_v3/final/predictions/bbb_martins/validation_top3_average_seed_202.csv,validation_top3_average,controlled_three_view_pool,406,0.8837945590994372,3,available estimators/views,fixed three-view pool; fixed linear learner; no adaptive time search,five seed-level prediction arrays generated in revision
AUROC,303,bbb_martins,/mnt/data/projects/trimole_hybrid_revision_20260915/results_strict/revision_20260917_controlled_baselines_v3/final/predictions/bbb_martins/validation_top3_average_seed_303.csv,validation_top3_average,controlled_three_view_pool,406,0.874335522201376,3,available estimators/views,fixed three-view pool; fixed linear learner; no adaptive time search,five seed-level prediction arrays generated in revision
AUROC,404,bbb_martins,/mnt/data/projects/trimole_hybrid_revision_20260915/results_strict/revision_20260917_controlled_baselines_v3/final/predictions/bbb_martins/validation_top3_average_seed_404.csv,validation_top3_average,controlled_three_view_pool,406,0.8788500625390869,3,available estimators/views,fixed three-view pool; fixed linear learner; no adaptive time search,five seed-level prediction arrays generated in revision
AUROC,505,bbb_martins,/mnt/data/projects/trimole_hybrid_revision_20260915/results_strict/revision_20260917_controlled_baselines_v3/final/predictions/bbb_martins/validation_top3_average_seed_505.csv,validation_top3_average,controlled_three_view_pool,406,0.8815079737335835,3,available estimators/views,fixed three-view pool; fixed linear learner; no adaptive time search,five seed-level prediction arrays generated in revision
AUROC,101,bioavailability_ma,/mnt/data/projects/trimole_hybrid_revision_20260915/results_strict/revision_20260917_flaml_matched_v1/final/predictions/bioavailability_ma/seed_101.csv,flaml_automl,matched_budget_automl,128,0.6148985700033255,4,available estimators/views,60 seconds and <= 30 iterations per task/seed,five seed-level prediction arrays generated in revision
AUROC,202,bioavailability_ma,/mnt/data/projects/trimole_hybrid_revision_20260915/results_strict/revision_20260917_flaml_matched_v1/final/predictions/bioavailability_ma/seed_202.csv,flaml_automl,matched_budget_automl,128,0.611572996341869,4,available estimators/views,60 seconds and <= 30 iterations per task/seed,five seed-level prediction arrays generated in revision
AUROC,303,bioavailability_ma,/mnt/data/projects/trimole_hybrid_revision_20260915/results_strict/revision_20260917_flaml_matched_v1/final/predictions/bioavailability_ma/seed_303.csv,flaml_automl,matched_budget_automl,128,0.6381775856335218,4,available estimators/views,60 seconds and <= 30 iterations per task/seed,five seed-level prediction arrays generated in revision
AUROC,404,bioavailability_ma,/mnt/data/projects/trimole_hybrid_revision_20260915/results_strict/revision_20260917_flaml_matched_v1/final/predictions/bioavailability_ma/seed_404.csv,flaml_automl,matched_budget_automl,128,0.6521449950116396,4,available estimators/views,60 seconds and <= 30 iterations per task/seed,five seed-level prediction arrays generated in revision
AUROC,505,bioavailability_ma,/mnt/data/projects/trimole_hybrid_revision_20260915/results_strict/revision_20260917_flaml_matched_v1/final/predictions/bioavailability_ma/seed_505.csv,flaml_automl,matched_budget_automl,128,0.565513801130695,4,available estimators/views,60 seconds and <= 30 iterations per task/seed,five seed-level prediction arrays generated in revision
AUROC,101,bioavailability_ma,/mnt/data/projects/trimole_hybrid_revision_20260915/results_strict/revision_20260917_controlled_baselines_v3/final/predictions/bioavailability_ma/global_single_seed_101.csv,global_single,controlled_three_view_pool,128,0.6782507482540738,3,available estimators/views,fixed three-view pool; fixed linear learner; no adaptive time search,five seed-level prediction arrays generated in revision
AUROC,202,bioavailability_ma,/mnt/data/projects/trimole_hybrid_revision_20260915/results_strict/revision_20260917_controlled_baselines_v3/final/predictions/bioavailability_ma/global_single_seed_202.csv,global_single,controlled_three_view_pool,128,0.659461257066844,3,available estimators/views,fixed three-view pool; fixed linear learner; no adaptive time search,five seed-level prediction arrays generated in revision
AUROC,303,bioavailability_ma,/mnt/data/projects/trimole_hybrid_revision_20260915/results_strict/revision_20260917_controlled_baselines_v3/final/predictions/bioavailability_ma/global_single_seed_303.csv,global_single,controlled_three_view_pool,128,0.6745926172264716,3,available estimators/views,fixed three-view pool; fixed linear learner; no adaptive time search,five seed-level prediction arrays generated in revision
AUROC,404,bioavailability_ma,/mnt/data/projects/trimole_hybrid_revision_20260915/results_strict/revision_20260917_controlled_baselines_v3/final/predictions/bioavailability_ma/global_single_seed_404.csv,global_single,controlled_three_view_pool,128,0.6563019620884603,3,available estimators/views,fixed three-view pool; fixed linear learner; no adaptive time search,five seed-level prediction arrays generated in revision
AUROC,505,bioavailability_ma,/mnt/data/projects/trimole_hybrid_revision_20260915/results_strict/revision_20260917_controlled_baselines_v3/final/predictions/bioavailability_ma/global_single_seed_505.csv,global_single,controlled_three_view_pool,128,0.6762554040572,3,available estimators/views,fixed three-view pool; fixed linear learner; no adaptive time search,five seed-level prediction arrays generated in revision
AUROC,101,bioavailability_ma,/mnt/data/projects/trimole_hybrid_revision_20260915/results_strict/revision_20260917_controlled_baselines_v3/final/predictions/bioavailability_ma/oof_stacking_seed_101.csv,oof_stacking,controlled_three_view_pool,128,0.6890588626538078,3,available estimators/views,fixed three-view pool; fixed linear learner; no adaptive time search,five seed-level prediction arrays generated in revision
AUROC,202,bioavailability_ma,/mnt/data/projects/trimole_hybrid_revision_20260915/results_strict/revision_20260917_controlled_baselines_v3/final/predictions/bioavailability_ma/oof_stacking_seed_202.csv,oof_stacking,controlled_three_view_pool,128,0.7026937146657799,3,available estimators/views,fixed three-view pool; fixed linear learner; no adaptive time search,five seed-level prediction arrays generated in revision
AUROC,303,bioavailability_ma,/mnt/data/projects/trimole_hybrid_revision_20260915/results_strict/revision_20260917_controlled_baselines_v3/final/predictions/bioavailability_ma/oof_stacking_seed_303.csv,oof_stacking,controlled_three_view_pool,128,0.6933821084137013,3,available estimators/views,fixed three-view pool; fixed linear learner; no adaptive time search,five seed-level prediction arrays generated in revision
AUROC,404,bioavailability_ma,/mnt/data/projects/trimole_hybrid_revision_20260915/results_strict/revision_20260917_controlled_baselines_v3/final/predictions/bioavailability_ma/oof_stacking_seed_404.csv,oof_stacking,controlled_three_view_pool,128,0.6912204855337547,3,available estimators/views,fixed three-view pool; fixed linear learner; no adaptive time search,five seed-level prediction arrays generated in revision
AUROC,505,bioavailability_ma,/mnt/data/projects/trimole_hybrid_revision_20260915/results_strict/revision_20260917_controlled_baselines_v3/final/predictions/bioavailability_ma/oof_stacking_seed_505.csv,oof_stacking,controlled_three_view_pool,128,0.6654472896574658,3,available estimators/views,fixed three-view pool; fixed linear learner; no adaptive time search,five seed-level prediction arrays generated in revision
AUROC,101,bioavailability_ma,/mnt/data/projects/trimole_hybrid_revision_20260915/results_strict/revision_20260917_controlled_baselines_v3/final/predictions/bioavailability_ma/per_task_single_seed_101.csv,per_task_single,controlled_three_view_pool,128,0.6139008979048887,3,available estimators/views,fixed three-view pool; fixed linear learner; no adaptive time search,five seed-level prediction arrays generated in revision
AUROC,202,bioavailability_ma,/mnt/data/projects/trimole_hybrid_revision_20260915/results_strict/revision_20260917_controlled_baselines_v3/final/predictions/bioavailability_ma/per_task_single_seed_202.csv,per_task_single,controlled_three_view_pool,128,0.6395078150981044,3,available estimators/views,fixed three-view pool; fixed linear learner; no adaptive time search,five seed-level prediction arrays generated in revision
AUROC,303,bioavailability_ma,/mnt/data/projects/trimole_hybrid_revision_20260915/results_strict/revision_20260917_controlled_baselines_v3/final/predictions/bioavailability_ma/per_task_single_seed_303.csv,per_task_single,controlled_three_view_pool,128,0.6142334552710342,3,available estimators/views,fixed three-view pool; fixed linear learner; no adaptive time search,five seed-level prediction arrays generated in revision
AUROC,404,bioavailability_ma,/mnt/data/projects/trimole_hybrid_revision_20260915/results_strict/revision_20260917_controlled_baselines_v3/final/predictions/bioavailability_ma/per_task_single_seed_404.csv,per_task_single,controlled_three_view_pool,128,0.6429996674426338,3,available estimators/views,fixed three-view pool; fixed linear learner; no adaptive time search,five seed-level prediction arrays generated in revision
AUROC,505,bioavailability_ma,/mnt/data/projects/trimole_hybrid_revision_20260915/results_strict/revision_20260917_controlled_baselines_v3/final/predictions/bioavailability_ma/per_task_single_seed_505.csv,per_task_single,controlled_three_view_pool,128,0.5982707016960426,3,available estimators/views,fixed three-view pool; fixed linear learner; no adaptive time search,five seed-level prediction arrays generated in revision
AUROC,101,bioavailability_ma,/mnt/data/projects/trimole_hybrid_revision_20260915/manuscript_revision/trimole_prediction_manifest_20260917/predictions/bioavailability_ma/seed_101.csv,trimole_hybrid,submitted_taskwise_system,128,0.7236448287329564,6,formal audited variants,historical validation-only search; six formal variants audited,five seed-level prediction arrays archived
AUROC,202,bioavailability_ma,/mnt/data/projects/trimole_hybrid_revision_20260915/manuscript_revision/trimole_prediction_manifest_20260917/predictions/bioavailability_ma/seed_202.csv,trimole_hybrid,submitted_taskwise_system,128,0.725972730295976,6,formal audited variants,historical validation-only search; six formal variants audited,five seed-level prediction arrays archived
AUROC,303,bioavailability_ma,/mnt/data/projects/trimole_hybrid_revision_20260915/manuscript_revision/trimole_prediction_manifest_20260917/predictions/bioavailability_ma/seed_303.csv,trimole_hybrid,submitted_taskwise_system,128,0.7169936814100433,6,formal audited variants,historical validation-only search; six formal variants audited,five seed-level prediction arrays archived
AUROC,404,bioavailability_ma,/mnt/data/projects/trimole_hybrid_revision_20260915/manuscript_revision/trimole_prediction_manifest_20260917/predictions/bioavailability_ma/seed_404.csv,trimole_hybrid,submitted_taskwise_system,128,0.7189890256069172,6,formal audited variants,historical validation-only search; six formal variants audited,five seed-level prediction arrays archived
AUROC,505,bioavailability_ma,/mnt/data/projects/trimole_hybrid_revision_20260915/manuscript_revision/trimole_prediction_manifest_20260917/predictions/bioavailability_ma/seed_505.csv,trimole_hybrid,submitted_taskwise_system,128,0.7256401729298304,6,formal audited variants,historical validation-only search; six formal variants audited,five seed-level prediction arrays archived
AUROC,101,bioavailability_ma,/mnt/data/projects/trimole_hybrid_revision_20260915/results_strict/revision_20260917_controlled_baselines_v3/final/predictions/bioavailability_ma/uniform_average_seed_101.csv,uniform_average,controlled_three_view_pool,128,0.6908879281676089,3,available estimators/views,fixed three-view pool; fixed linear learner; no adaptive time search,five seed-level prediction arrays generated in revision
AUROC,202,bioavailability_ma,/mnt/data/projects/trimole_hybrid_revision_20260915/results_strict/revision_20260917_controlled_baselines_v3/final/predictions/bioavailability_ma/uniform_average_seed_202.csv,uniform_average,controlled_three_view_pool,128,0.7000332557366146,3,available estimators/views,fixed three-view pool; fixed linear learner; no adaptive time search,five seed-level prediction arrays generated in revision
AUROC,303,bioavailability_ma,/mnt/data/projects/trimole_hybrid_revision_20260915/results_strict/revision_20260917_controlled_baselines_v3/final/predictions/bioavailability_ma/uniform_average_seed_303.csv,uniform_average,controlled_three_view_pool,128,0.6902228134353177,3,available estimators/views,fixed three-view pool; fixed linear learner; no adaptive time search,five seed-level prediction arrays generated in revision
AUROC,404,bioavailability_ma,/mnt/data/projects/trimole_hybrid_revision_20260915/results_strict/revision_20260917_controlled_baselines_v3/final/predictions/bioavailability_ma/uniform_average_seed_404.csv,uniform_average,controlled_three_view_pool,128,0.6878949118722979,3,available estimators/views,fixed three-view pool; fixed linear learner; no adaptive time search,five seed-level prediction arrays generated in revision
AUROC,505,bioavailability_ma,/mnt/data/projects/trimole_hybrid_revision_20260915/results_strict/revision_20260917_controlled_baselines_v3/final/predictions/bioavailability_ma/uniform_average_seed_505.csv,uniform_average,controlled_three_view_pool,128,0.6779181908879282,3,available estimators/views,fixed three-view pool; fixed linear learner; no adaptive time search,five seed-level prediction arrays generated in revision
AUROC,101,bioavailability_ma,/mnt/data/projects/trimole_hybrid_revision_20260915/results_strict/revision_20260917_controlled_baselines_v3/final/predictions/bioavailability_ma/validation_top2_average_seed_101.csv,validation_top2_average,controlled_three_view_pool,128,0.6528101097439307,3,available estimators/views,fixed three-view pool; fixed linear learner; no adaptive time search,five seed-level prediction arrays generated in revision
AUROC,202,bioavailability_ma,/mnt/data/projects/trimole_hybrid_revision_20260915/results_strict/revision_20260917_controlled_baselines_v3/final/predictions/bioavailability_ma/validation_top2_average_seed_202.csv,validation_top2_average,controlled_three_view_pool,128,0.6626205520452279,3,available estimators/views,fixed three-view pool; fixed linear learner; no adaptive time search,five seed-level prediction arrays generated in revision
AUROC,303,bioavailability_ma,/mnt/data/projects/trimole_hybrid_revision_20260915/results_strict/revision_20260917_controlled_baselines_v3/final/predictions/bioavailability_ma/validation_top2_average_seed_303.csv,validation_top2_average,controlled_three_view_pool,128,0.6514798802793481,3,available estimators/views,fixed three-view pool; fixed linear learner; no adaptive time search,five seed-level prediction arrays generated in revision
AUROC,404,bioavailability_ma,/mnt/data/projects/trimole_hybrid_revision_20260915/results_strict/revision_20260917_controlled_baselines_v3/final/predictions/bioavailability_ma/validation_top2_average_seed_404.csv,validation_top2_average,controlled_three_view_pool,128,0.6572996341868971,3,available estimators/views,fixed three-view pool; fixed linear learner; no adaptive time search,five seed-level prediction arrays generated in revision
AUROC,505,bioavailability_ma,/mnt/data/projects/trimole_hybrid_revision_20260915/results_strict/revision_20260917_controlled_baselines_v3/final/predictions/bioavailability_ma/validation_top2_average_seed_505.csv,validation_top2_average,controlled_three_view_pool,128,0.6335217825074826,3,available estimators/views,fixed three-view pool; fixed linear learner; no adaptive time search,five seed-level prediction arrays generated in revision
AUROC,101,bioavailability_ma,/mnt/data/projects/trimole_hybrid_revision_20260915/results_strict/revision_20260917_controlled_baselines_v3/final/predictions/bioavailability_ma/validation_top3_average_seed_101.csv,validation_top3_average,controlled_three_view_pool,128,0.6908879281676089,3,available estimators/views,fixed three-view pool; fixed linear learner; no adaptive time search,five seed-level prediction arrays generated in revision
AUROC,202,bioavailability_ma,/mnt/data/projects/trimole_hybrid_revision_20260915/results_strict/revision_20260917_controlled_baselines_v3/final/predictions/bioavailability_ma/validation_top3_average_seed_202.csv,validation_top3_average,controlled_three_view_pool,128,0.7000332557366146,3,available estimators/views,fixed three-view pool; fixed linear learner; no adaptive time search,five seed-level prediction arrays generated in revision
AUROC,303,bioavailability_ma,/mnt/data/projects/trimole_hybrid_revision_20260915/results_strict/revision_20260917_controlled_baselines_v3/final/predictions/bioavailability_ma/validation_top3_average_seed_303.csv,validation_top3_average,controlled_three_view_pool,128,0.6902228134353177,3,available estimators/views,fixed three-view pool; fixed linear learner; no adaptive time search,five seed-level prediction arrays generated in revision
AUROC,404,bioavailability_ma,/mnt/data/projects/trimole_hybrid_revision_20260915/results_strict/revision_20260917_controlled_baselines_v3/final/predictions/bioavailability_ma/validation_top3_average_seed_404.csv,validation_top3_average,controlled_three_view_pool,128,0.6878949118722979,3,available estimators/views,fixed three-view pool; fixed linear learner; no adaptive time search,five seed-level prediction arrays generated in revision
AUROC,505,bioavailability_ma,/mnt/data/projects/trimole_hybrid_revision_20260915/results_strict/revision_20260917_controlled_baselines_v3/final/predictions/bioavailability_ma/validation_top3_average_seed_505.csv,validation_top3_average,controlled_three_view_pool,128,0.6779181908879282,3,available estimators/views,fixed three-view pool; fixed linear learner; no adaptive time search,five seed-level prediction arrays generated in revision
MAE,101,caco2_wang,/mnt/data/projects/trimole_hybrid_revision_20260915/results_strict/revision_20260917_flaml_matched_v1/final/predictions/caco2_wang/seed_101.csv,flaml_automl,matched_budget_automl,182,0.3596235752394456,3,available estimators/views,60 seconds and <= 30 iterations per task/seed,five seed-level prediction arrays generated in revision
MAE,202,caco2_wang,/mnt/data/projects/trimole_hybrid_revision_20260915/results_strict/revision_20260917_flaml_matched_v1/final/predictions/caco2_wang/seed_202.csv,flaml_automl,matched_budget_automl,182,0.37614958092557477,3,available estimators/views,60 seconds and <= 30 iterations per task/seed,five seed-level prediction arrays generated in revision
MAE,303,caco2_wang,/mnt/data/projects/trimole_hybrid_revision_20260915/results_strict/revision_20260917_flaml_matched_v1/final/predictions/caco2_wang/seed_303.csv,flaml_automl,matched_budget_automl,182,0.45698747114608934,3,available estimators/views,60 seconds and <= 30 iterations per task/seed,five seed-level prediction arrays generated in revision
MAE,404,caco2_wang,/mnt/data/projects/trimole_hybrid_revision_20260915/results_strict/revision_20260917_flaml_matched_v1/final/predictions/caco2_wang/seed_404.csv,flaml_automl,matched_budget_automl,182,0.3953706776147528,3,available estimators/views,60 seconds and <= 30 iterations per task/seed,five seed-level prediction arrays generated in revision
MAE,505,caco2_wang,/mnt/data/projects/trimole_hybrid_revision_20260915/results_strict/revision_20260917_flaml_matched_v1/final/predictions/caco2_wang/seed_505.csv,flaml_automl,matched_budget_automl,182,0.5110217101571755,3,available estimators/views,60 seconds and <= 30 iterations per task/seed,five seed-level prediction arrays generated in revision
MAE,101,caco2_wang,/mnt/data/projects/trimole_hybrid_revision_20260915/results_strict/revision_20260917_controlled_baselines_v3/final/predictions/caco2_wang/global_single_seed_101.csv,global_single,controlled_three_view_pool,182,0.33397820711686693,3,available estimators/views,fixed three-view pool; fixed linear learner; no adaptive time search,five seed-level prediction arrays generated in revision
MAE,202,caco2_wang,/mnt/data/projects/trimole_hybrid_revision_20260915/results_strict/revision_20260917_controlled_baselines_v3/final/predictions/caco2_wang/global_single_seed_202.csv,global_single,controlled_three_view_pool,182,0.33397820711686693,3,available estimators/views,fixed three-view pool; fixed linear learner; no adaptive time search,five seed-level prediction arrays generated in revision
MAE,303,caco2_wang,/mnt/data/projects/trimole_hybrid_revision_20260915/results_strict/revision_20260917_controlled_baselines_v3/final/predictions/caco2_wang/global_single_seed_303.csv,global_single,controlled_three_view_pool,182,0.33397820711686693,3,available estimators/views,fixed three-view pool; fixed linear learner; no adaptive time search,five seed-level prediction arrays generated in revision
MAE,404,caco2_wang,/mnt/data/projects/trimole_hybrid_revision_20260915/results_strict/revision_20260917_controlled_baselines_v3/final/predictions/caco2_wang/global_single_seed_404.csv,global_single,controlled_three_view_pool,182,0.33397820711686693,3,available estimators/views,fixed three-view pool; fixed linear learner; no adaptive time search,five seed-level prediction arrays generated in revision
MAE,505,caco2_wang,/mnt/data/projects/trimole_hybrid_revision_20260915/results_strict/revision_20260917_controlled_baselines_v3/final/predictions/caco2_wang/global_single_seed_505.csv,global_single,controlled_three_view_pool,182,0.33397820711686693,3,available estimators/views,fixed three-view pool; fixed linear learner; no adaptive time search,five seed-level prediction arrays generated in revision
MAE,101,caco2_wang,/mnt/data/projects/trimole_hybrid_revision_20260915/results_strict/revision_20260917_controlled_baselines_v3/final/predictions/caco2_wang/oof_stacking_seed_101.csv,oof_stacking,controlled_three_view_pool,182,0.37669244586125006,3,available estimators/views,fixed three-view pool; fixed linear learner; no adaptive time search,five seed-level prediction arrays generated in revision
MAE,202,caco2_wang,/mnt/data/projects/trimole_hybrid_revision_20260915/results_strict/revision_20260917_controlled_baselines_v3/final/predictions/caco2_wang/oof_stacking_seed_202.csv,oof_stacking,controlled_three_view_pool,182,0.36546898500000025,3,available estimators/views,fixed three-view pool; fixed linear learner; no adaptive time search,five seed-level prediction arrays generated in revision
MAE,303,caco2_wang,/mnt/data/projects/trimole_hybrid_revision_20260915/results_strict/revision_20260917_controlled_baselines_v3/final/predictions/caco2_wang/oof_stacking_seed_303.csv,oof_stacking,controlled_three_view_pool,182,0.3785289136215951,3,available estimators/views,fixed three-view pool; fixed linear learner; no adaptive time search,five seed-level prediction arrays generated in revision
MAE,404,caco2_wang,/mnt/data/projects/trimole_hybrid_revision_20260915/results_strict/revision_20260917_controlled_baselines_v3/final/predictions/caco2_wang/oof_stacking_seed_404.csv,oof_stacking,controlled_three_view_pool,182,0.3751506086099839,3,available estimators/views,fixed three-view pool; fixed linear learner; no adaptive time search,five seed-level prediction arrays generated in revision
MAE,505,caco2_wang,/mnt/data/projects/trimole_hybrid_revision_20260915/results_strict/revision_20260917_controlled_baselines_v3/final/predictions/caco2_wang/oof_stacking_seed_505.csv,oof_stacking,controlled_three_view_pool,182,0.38016007249447126,3,available estimators/views,fixed three-view pool; fixed linear learner; no adaptive time search,five seed-level prediction arrays generated in revision
MAE,101,caco2_wang,/mnt/data/projects/trimole_hybrid_revision_20260915/results_strict/revision_20260917_controlled_baselines_v3/final/predictions/caco2_wang/per_task_single_seed_101.csv,per_task_single,controlled_three_view_pool,182,0.33397820711686693,3,available estimators/views,fixed three-view pool; fixed linear learner; no adaptive time search,five seed-level prediction arrays generated in revision
MAE,202,caco2_wang,/mnt/data/projects/trimole_hybrid_revision_20260915/results_strict/revision_20260917_controlled_baselines_v3/final/predictions/caco2_wang/per_task_single_seed_202.csv,per_task_single,controlled_three_view_pool,182,0.33397820711686693,3,available estimators/views,fixed three-view pool; fixed linear learner; no adaptive time search,five seed-level prediction arrays generated in revision
MAE,303,caco2_wang,/mnt/data/projects/trimole_hybrid_revision_20260915/results_strict/revision_20260917_controlled_baselines_v3/final/predictions/caco2_wang/per_task_single_seed_303.csv,per_task_single,controlled_three_view_pool,182,0.33397820711686693,3,available estimators/views,fixed three-view pool; fixed linear learner; no adaptive time search,five seed-level prediction arrays generated in revision
MAE,404,caco2_wang,/mnt/data/projects/trimole_hybrid_revision_20260915/results_strict/revision_20260917_controlled_baselines_v3/final/predictions/caco2_wang/per_task_single_seed_404.csv,per_task_single,controlled_three_view_pool,182,0.33397820711686693,3,available estimators/views,fixed three-view pool; fixed linear learner; no adaptive time search,five seed-level prediction arrays generated in revision
MAE,505,caco2_wang,/mnt/data/projects/trimole_hybrid_revision_20260915/results_strict/revision_20260917_controlled_baselines_v3/final/predictions/caco2_wang/per_task_single_seed_505.csv,per_task_single,controlled_three_view_pool,182,0.33397820711686693,3,available estimators/views,fixed three-view pool; fixed linear learner; no adaptive time search,five seed-level prediction arrays generated in revision
MAE,101,caco2_wang,/mnt/data/projects/trimole_hybrid_revision_20260915/manuscript_revision/trimole_prediction_manifest_20260917/predictions/caco2_wang/seed_101.csv,trimole_hybrid,submitted_taskwise_system,182,0.2861001986414648,6,formal audited variants,historical validation-only search; six formal variants audited,five seed-level prediction arrays archived
MAE,202,caco2_wang,/mnt/data/projects/trimole_hybrid_revision_20260915/manuscript_revision/trimole_prediction_manifest_20260917/predictions/caco2_wang/seed_202.csv,trimole_hybrid,submitted_taskwise_system,182,0.28179241524188703,6,formal audited variants,historical validation-only search; six formal variants audited,five seed-level prediction arrays archived
MAE,303,caco2_wang,/mnt/data/projects/trimole_hybrid_revision_20260915/manuscript_revision/trimole_prediction_manifest_20260917/predictions/caco2_wang/seed_303.csv,trimole_hybrid,submitted_taskwise_system,182,0.28154402829821246,6,formal audited variants,historical validation-only search; six formal variants audited,five seed-level prediction arrays archived
MAE,404,caco2_wang,/mnt/data/projects/trimole_hybrid_revision_20260915/manuscript_revision/trimole_prediction_manifest_20260917/predictions/caco2_wang/seed_404.csv,trimole_hybrid,submitted_taskwise_system,182,0.2861257905188928,6,formal audited variants,historical validation-only search; six formal variants audited,five seed-level prediction arrays archived
MAE,505,caco2_wang,/mnt/data/projects/trimole_hybrid_revision_20260915/manuscript_revision/trimole_prediction_manifest_20260917/predictions/caco2_wang/seed_505.csv,trimole_hybrid,submitted_taskwise_system,182,0.28267443375291096,6,formal audited variants,historical validation-only search; six formal variants audited,five seed-level prediction arrays archived
MAE,101,caco2_wang,/mnt/data/projects/trimole_hybrid_revision_20260915/results_strict/revision_20260917_controlled_baselines_v3/final/predictions/caco2_wang/uniform_average_seed_101.csv,uniform_average,controlled_three_view_pool,182,0.6101151665235414,3,available estimators/views,fixed three-view pool; fixed linear learner; no adaptive time search,five seed-level prediction arrays generated in revision
MAE,202,caco2_wang,/mnt/data/projects/trimole_hybrid_revision_20260915/results_strict/revision_20260917_controlled_baselines_v3/final/predictions/caco2_wang/uniform_average_seed_202.csv,uniform_average,controlled_three_view_pool,182,0.6101151665235414,3,available estimators/views,fixed three-view pool; fixed linear learner; no adaptive time search,five seed-level prediction arrays generated in revision
MAE,303,caco2_wang,/mnt/data/projects/trimole_hybrid_revision_20260915/results_strict/revision_20260917_controlled_baselines_v3/final/predictions/caco2_wang/uniform_average_seed_303.csv,uniform_average,controlled_three_view_pool,182,0.6101151665235414,3,available estimators/views,fixed three-view pool; fixed linear learner; no adaptive time search,five seed-level prediction arrays generated in revision
MAE,404,caco2_wang,/mnt/data/projects/trimole_hybrid_revision_20260915/results_strict/revision_20260917_controlled_baselines_v3/final/predictions/caco2_wang/uniform_average_seed_404.csv,uniform_average,controlled_three_view_pool,182,0.6101151665235414,3,available estimators/views,fixed three-view pool; fixed linear learner; no adaptive time search,five seed-level prediction arrays generated in revision
MAE,505,caco2_wang,/mnt/data/projects/trimole_hybrid_revision_20260915/results_strict/revision_20260917_controlled_baselines_v3/final/predictions/caco2_wang/uniform_average_seed_505.csv,uniform_average,controlled_three_view_pool,182,0.6101151665235414,3,available estimators/views,fixed three-view pool; fixed linear learner; no adaptive time search,five seed-level prediction arrays generated in revision
MAE,101,caco2_wang,/mnt/data/projects/trimole_hybrid_revision_20260915/results_strict/revision_20260917_controlled_baselines_v3/final/predictions/caco2_wang/validation_top2_average_seed_101.csv,validation_top2_average,controlled_three_view_pool,182,0.4342931651491019,3,available estimators/views,fixed three-view pool; fixed linear learner; no adaptive time search,five seed-level prediction arrays generated in revision
MAE,202,caco2_wang,/mnt/data/projects/trimole_hybrid_revision_20260915/results_strict/revision_20260917_controlled_baselines_v3/final/predictions/caco2_wang/validation_top2_average_seed_202.csv,validation_top2_average,controlled_three_view_pool,182,0.4342931651491019,3,available estimators/views,fixed three-view pool; fixed linear learner; no adaptive time search,five seed-level prediction arrays generated in revision
MAE,303,caco2_wang,/mnt/data/projects/trimole_hybrid_revision_20260915/results_strict/revision_20260917_controlled_baselines_v3/final/predictions/caco2_wang/validation_top2_average_seed_303.csv,validation_top2_average,controlled_three_view_pool,182,0.4342931651491019,3,available estimators/views,fixed three-view pool; fixed linear learner; no adaptive time search,five seed-level prediction arrays generated in revision
MAE,404,caco2_wang,/mnt/data/projects/trimole_hybrid_revision_20260915/results_strict/revision_20260917_controlled_baselines_v3/final/predictions/caco2_wang/validation_top2_average_seed_404.csv,validation_top2_average,controlled_three_view_pool,182,0.4342931651491019,3,available estimators/views,fixed three-view pool; fixed linear learner; no adaptive time search,five seed-level prediction arrays generated in revision
MAE,505,caco2_wang,/mnt/data/projects/trimole_hybrid_revision_20260915/results_strict/revision_20260917_controlled_baselines_v3/final/predictions/caco2_wang/validation_top2_average_seed_505.csv,validation_top2_average,controlled_three_view_pool,182,0.4342931651491019,3,available estimators/views,fixed three-view pool; fixed linear learner; no adaptive time search,five seed-level prediction arrays generated in revision
MAE,101,caco2_wang,/mnt/data/projects/trimole_hybrid_revision_20260915/results_strict/revision_20260917_controlled_baselines_v3/final/predictions/caco2_wang/validation_top3_average_seed_101.csv,validation_top3_average,controlled_three_view_pool,182,0.6101151665235414,3,available estimators/views,fixed three-view pool; fixed linear learner; no adaptive time search,five seed-level prediction arrays generated in revision
MAE,202,caco2_wang,/mnt/data/projects/trimole_hybrid_revision_20260915/results_strict/revision_20260917_controlled_baselines_v3/final/predictions/caco2_wang/validation_top3_average_seed_202.csv,validation_top3_average,controlled_three_view_pool,182,0.6101151665235414,3,available estimators/views,fixed three-view pool; fixed linear learner; no adaptive time search,five seed-level prediction arrays generated in revision
MAE,303,caco2_wang,/mnt/data/projects/trimole_hybrid_revision_20260915/results_strict/revision_20260917_controlled_baselines_v3/final/predictions/caco2_wang/validation_top3_average_seed_303.csv,validation_top3_average,controlled_three_view_pool,182,0.6101151665235414,3,available estimators/views,fixed three-view pool; fixed linear learner; no adaptive time search,five seed-level prediction arrays generated in revision
MAE,404,caco2_wang,/mnt/data/projects/trimole_hybrid_revision_20260915/results_strict/revision_20260917_controlled_baselines_v3/final/predictions/caco2_wang/validation_top3_average_seed_404.csv,validation_top3_average,controlled_three_view_pool,182,0.6101151665235414,3,available estimators/views,fixed three-view pool; fixed linear learner; no adaptive time search,five seed-level prediction arrays generated in revision
MAE,505,caco2_wang,/mnt/data/projects/trimole_hybrid_revision_20260915/results_strict/revision_20260917_controlled_baselines_v3/final/predictions/caco2_wang/validation_top3_average_seed_505.csv,validation_top3_average,controlled_three_view_pool,182,0.6101151665235414,3,available estimators/views,fixed three-view pool; fixed linear learner; no adaptive time search,five seed-level prediction arrays generated in revision
Spearman,101,clearance_hepatocyte_az,/mnt/data/projects/trimole_hybrid_revision_20260915/results_strict/revision_20260917_flaml_matched_v1/final/predictions/clearance_hepatocyte_az/seed_101.csv,flaml_automl,matched_budget_automl,243,0.11374481364537528,3,available estimators/views,60 seconds and <= 30 iterations per task/seed,five seed-level prediction arrays generated in revision
Spearman,202,clearance_hepatocyte_az,/mnt/data/projects/trimole_hybrid_revision_20260915/results_strict/revision_20260917_flaml_matched_v1/final/predictions/clearance_hepatocyte_az/seed_202.csv,flaml_automl,matched_budget_automl,243,0.2207344037209243,3,available estimators/views,60 seconds and <= 30 iterations per task/seed,five seed-level prediction arrays generated in revision
Spearman,303,clearance_hepatocyte_az,/mnt/data/projects/trimole_hybrid_revision_20260915/results_strict/revision_20260917_flaml_matched_v1/final/predictions/clearance_hepatocyte_az/seed_303.csv,flaml_automl,matched_budget_automl,243,0.2078363800244214,3,available estimators/views,60 seconds and <= 30 iterations per task/seed,five seed-level prediction arrays generated in revision
Spearman,404,clearance_hepatocyte_az,/mnt/data/projects/trimole_hybrid_revision_20260915/results_strict/revision_20260917_flaml_matched_v1/final/predictions/clearance_hepatocyte_az/seed_404.csv,flaml_automl,matched_budget_automl,243,0.2072365408038675,3,available estimators/views,60 seconds and <= 30 iterations per task/seed,five seed-level prediction arrays generated in revision
Spearman,505,clearance_hepatocyte_az,/mnt/data/projects/trimole_hybrid_revision_20260915/results_strict/revision_20260917_flaml_matched_v1/final/predictions/clearance_hepatocyte_az/seed_505.csv,flaml_automl,matched_budget_automl,243,0.18697520089637248,3,available estimators/views,60 seconds and <= 30 iterations per task/seed,five seed-level prediction arrays generated in revision
Spearman,101,clearance_hepatocyte_az,/mnt/data/projects/trimole_hybrid_revision_20260915/results_strict/revision_20260917_controlled_baselines_v3/final/predictions/clearance_hepatocyte_az/global_single_seed_101.csv,global_single,controlled_three_view_pool,243,0.2494328237039323,3,available estimators/views,fixed three-view pool; fixed linear learner; no adaptive time search,five seed-level prediction arrays generated in revision
Spearman,202,clearance_hepatocyte_az,/mnt/data/projects/trimole_hybrid_revision_20260915/results_strict/revision_20260917_controlled_baselines_v3/final/predictions/clearance_hepatocyte_az/global_single_seed_202.csv,global_single,controlled_three_view_pool,243,0.2494328237039323,3,available estimators/views,fixed three-view pool; fixed linear learner; no adaptive time search,five seed-level prediction arrays generated in revision
Spearman,303,clearance_hepatocyte_az,/mnt/data/projects/trimole_hybrid_revision_20260915/results_strict/revision_20260917_controlled_baselines_v3/final/predictions/clearance_hepatocyte_az/global_single_seed_303.csv,global_single,controlled_three_view_pool,243,0.2494328237039323,3,available estimators/views,fixed three-view pool; fixed linear learner; no adaptive time search,five seed-level prediction arrays generated in revision
Spearman,404,clearance_hepatocyte_az,/mnt/data/projects/trimole_hybrid_revision_20260915/results_strict/revision_20260917_controlled_baselines_v3/final/predictions/clearance_hepatocyte_az/global_single_seed_404.csv,global_single,controlled_three_view_pool,243,0.2494328237039323,3,available estimators/views,fixed three-view pool; fixed linear learner; no adaptive time search,five seed-level prediction arrays generated in revision
Spearman,505,clearance_hepatocyte_az,/mnt/data/projects/trimole_hybrid_revision_20260915/results_strict/revision_20260917_controlled_baselines_v3/final/predictions/clearance_hepatocyte_az/global_single_seed_505.csv,global_single,controlled_three_view_pool,243,0.2494328237039323,3,available estimators/views,fixed three-view pool; fixed linear learner; no adaptive time search,five seed-level prediction arrays generated in revision
Spearman,101,clearance_hepatocyte_az,/mnt/data/projects/trimole_hybrid_revision_20260915/results_strict/revision_20260917_controlled_baselines_v3/final/predictions/clearance_hepatocyte_az/oof_stacking_seed_101.csv,oof_stacking,controlled_three_view_pool,243,0.33223558555429067,3,available estimators/views,fixed three-view pool; fixed linear learner; no adaptive time search,five seed-level prediction arrays generated in revision
Spearman,202,clearance_hepatocyte_az,/mnt/data/projects/trimole_hybrid_revision_20260915/results_strict/revision_20260917_controlled_baselines_v3/final/predictions/clearance_hepatocyte_az/oof_stacking_seed_202.csv,oof_stacking,controlled_three_view_pool,243,0.3460313551386,3,available estimators/views,fixed three-view pool; fixed linear learner; no adaptive time search,five seed-level prediction arrays generated in revision
Spearman,303,clearance_hepatocyte_az,/mnt/data/projects/trimole_hybrid_revision_20260915/results_strict/revision_20260917_controlled_baselines_v3/final/predictions/clearance_hepatocyte_az/oof_stacking_seed_303.csv,oof_stacking,controlled_three_view_pool,243,0.3386886216773697,3,available estimators/views,fixed three-view pool; fixed linear learner; no adaptive time search,five seed-level prediction arrays generated in revision
Spearman,404,clearance_hepatocyte_az,/mnt/data/projects/trimole_hybrid_revision_20260915/results_strict/revision_20260917_controlled_baselines_v3/final/predictions/clearance_hepatocyte_az/oof_stacking_seed_404.csv,oof_stacking,controlled_three_view_pool,243,0.34669001681292544,3,available estimators/views,fixed three-view pool; fixed linear learner; no adaptive time search,five seed-level prediction arrays generated in revision
Spearman,505,clearance_hepatocyte_az,/mnt/data/projects/trimole_hybrid_revision_20260915/results_strict/revision_20260917_controlled_baselines_v3/final/predictions/clearance_hepatocyte_az/oof_stacking_seed_505.csv,oof_stacking,controlled_three_view_pool,243,0.3375859514636551,3,available estimators/views,fixed three-view pool; fixed linear learner; no adaptive time search,five seed-level prediction arrays generated in revision
Spearman,101,clearance_hepatocyte_az,/mnt/data/projects/trimole_hybrid_revision_20260915/results_strict/revision_20260917_controlled_baselines_v3/final/predictions/clearance_hepatocyte_az/per_task_single_seed_101.csv,per_task_single,controlled_three_view_pool,243,0.3302528679512532,3,available estimators/views,fixed three-view pool; fixed linear learner; no adaptive time search,five seed-level prediction arrays generated in revision
Spearman,202,clearance_hepatocyte_az,/mnt/data/projects/trimole_hybrid_revision_20260915/results_strict/revision_20260917_controlled_baselines_v3/final/predictions/clearance_hepatocyte_az/per_task_single_seed_202.csv,per_task_single,controlled_three_view_pool,243,0.3302528679512532,3,available estimators/views,fixed three-view pool; fixed linear learner; no adaptive time search,five seed-level prediction arrays generated in revision
Spearman,303,clearance_hepatocyte_az,/mnt/data/projects/trimole_hybrid_revision_20260915/results_strict/revision_20260917_controlled_baselines_v3/final/predictions/clearance_hepatocyte_az/per_task_single_seed_303.csv,per_task_single,controlled_three_view_pool,243,0.3302528679512532,3,available estimators/views,fixed three-view pool; fixed linear learner; no adaptive time search,five seed-level prediction arrays generated in revision
Spearman,404,clearance_hepatocyte_az,/mnt/data/projects/trimole_hybrid_revision_20260915/results_strict/revision_20260917_controlled_baselines_v3/final/predictions/clearance_hepatocyte_az/per_task_single_seed_404.csv,per_task_single,controlled_three_view_pool,243,0.3302528679512532,3,available estimators/views,fixed three-view pool; fixed linear learner; no adaptive time search,five seed-level prediction arrays generated in revision
Spearman,505,clearance_hepatocyte_az,/mnt/data/projects/trimole_hybrid_revision_20260915/results_strict/revision_20260917_controlled_baselines_v3/final/predictions/clearance_hepatocyte_az/per_task_single_seed_505.csv,per_task_single,controlled_three_view_pool,243,0.3302528679512532,3,available estimators/views,fixed three-view pool; fixed linear learner; no adaptive time search,five seed-level prediction arrays generated in revision
Spearman,1,clearance_hepatocyte_az,/mnt/data/projects/trimole_hybrid_revision_20260915/manuscript_revision/trimole_prediction_manifest_20260917/predictions/clearance_hepatocyte_az/seed_1.csv,trimole_hybrid,submitted_taskwise_system,243,0.28357568913187997,6,formal audited variants,historical validation-only search; six formal variants audited,five seed-level prediction arrays archived
Spearman,2,clearance_hepatocyte_az,/mnt/data/projects/trimole_hybrid_revision_20260915/manuscript_revision/trimole_prediction_manifest_20260917/predictions/clearance_hepatocyte_az/seed_2.csv,trimole_hybrid,submitted_taskwise_system,243,0.2658866338410582,6,formal audited variants,historical validation-only search; six formal variants audited,five seed-level prediction arrays archived
Spearman,3,clearance_hepatocyte_az,/mnt/data/projects/trimole_hybrid_revision_20260915/manuscript_revision/trimole_prediction_manifest_20260917/predictions/clearance_hepatocyte_az/seed_3.csv,trimole_hybrid,submitted_taskwise_system,243,0.26668601874210646,6,formal audited variants,historical validation-only search; six formal variants audited,five seed-level prediction arrays archived
Spearman,4,clearance_hepatocyte_az,/mnt/data/projects/trimole_hybrid_revision_20260915/manuscript_revision/trimole_prediction_manifest_20260917/predictions/clearance_hepatocyte_az/seed_4.csv,trimole_hybrid,submitted_taskwise_system,243,0.24957837225391924,6,formal audited variants,historical validation-only search; six formal variants audited,five seed-level prediction arrays archived
Spearman,5,clearance_hepatocyte_az,/mnt/data/projects/trimole_hybrid_revision_20260915/manuscript_revision/trimole_prediction_manifest_20260917/predictions/clearance_hepatocyte_az/seed_5.csv,trimole_hybrid,submitted_taskwise_system,243,0.30282386523908067,6,formal audited variants,historical validation-only search; six formal variants audited,five seed-level prediction arrays archived
Spearman,101,clearance_hepatocyte_az,/mnt/data/projects/trimole_hybrid_revision_20260915/results_strict/revision_20260917_controlled_baselines_v3/final/predictions/clearance_hepatocyte_az/uniform_average_seed_101.csv,uniform_average,controlled_three_view_pool,243,0.3910450836839079,3,available estimators/views,fixed three-view pool; fixed linear learner; no adaptive time search,five seed-level prediction arrays generated in revision
Spearman,202,clearance_hepatocyte_az,/mnt/data/projects/trimole_hybrid_revision_20260915/results_strict/revision_20260917_controlled_baselines_v3/final/predictions/clearance_hepatocyte_az/uniform_average_seed_202.csv,uniform_average,controlled_three_view_pool,243,0.3910450836839079,3,available estimators/views,fixed three-view pool; fixed linear learner; no adaptive time search,five seed-level prediction arrays generated in revision
Spearman,303,clearance_hepatocyte_az,/mnt/data/projects/trimole_hybrid_revision_20260915/results_strict/revision_20260917_controlled_baselines_v3/final/predictions/clearance_hepatocyte_az/uniform_average_seed_303.csv,uniform_average,controlled_three_view_pool,243,0.3910450836839079,3,available estimators/views,fixed three-view pool; fixed linear learner; no adaptive time search,five seed-level prediction arrays generated in revision
Spearman,404,clearance_hepatocyte_az,/mnt/data/projects/trimole_hybrid_revision_20260915/results_strict/revision_20260917_controlled_baselines_v3/final/predictions/clearance_hepatocyte_az/uniform_average_seed_404.csv,uniform_average,controlled_three_view_pool,243,0.3910450836839079,3,available estimators/views,fixed three-view pool; fixed linear learner; no adaptive time search,five seed-level prediction arrays generated in revision
Spearman,505,clearance_hepatocyte_az,/mnt/data/projects/trimole_hybrid_revision_20260915/results_strict/revision_20260917_controlled_baselines_v3/final/predictions/clearance_hepatocyte_az/uniform_average_seed_505.csv,uniform_average,controlled_three_view_pool,243,0.3910450836839079,3,available estimators/views,fixed three-view pool; fixed linear learner; no adaptive time search,five seed-level prediction arrays generated in revision
Spearman,101,clearance_hepatocyte_az,/mnt/data/projects/trimole_hybrid_revision_20260915/results_strict/revision_20260917_controlled_baselines_v3/final/predictions/clearance_hepatocyte_az/validation_top2_average_seed_101.csv,validation_top2_average,controlled_three_view_pool,243,0.3494246389429374,3,available estimators/views,fixed three-view pool; fixed linear learner; no adaptive time search,five seed-level prediction arrays generated in revision
Spearman,202,clearance_hepatocyte_az,/mnt/data/projects/trimole_hybrid_revision_20260915/results_strict/revision_20260917_controlled_baselines_v3/final/predictions/clearance_hepatocyte_az/validation_top2_average_seed_202.csv,validation_top2_average,controlled_three_view_pool,243,0.3494246389429374,3,available estimators/views,fixed three-view pool; fixed linear learner; no adaptive time search,five seed-level prediction arrays generated in revision
Spearman,303,clearance_hepatocyte_az,/mnt/data/projects/trimole_hybrid_revision_20260915/results_strict/revision_20260917_controlled_baselines_v3/final/predictions/clearance_hepatocyte_az/validation_top2_average_seed_303.csv,validation_top2_average,controlled_three_view_pool,243,0.3494246389429374,3,available estimators/views,fixed three-view pool; fixed linear learner; no adaptive time search,five seed-level prediction arrays generated in revision
Spearman,404,clearance_hepatocyte_az,/mnt/data/projects/trimole_hybrid_revision_20260915/results_strict/revision_20260917_controlled_baselines_v3/final/predictions/clearance_hepatocyte_az/validation_top2_average_seed_404.csv,validation_top2_average,controlled_three_view_pool,243,0.3494246389429374,3,available estimators/views,fixed three-view pool; fixed linear learner; no adaptive time search,five seed-level prediction arrays generated in revision
Spearman,505,clearance_hepatocyte_az,/mnt/data/projects/trimole_hybrid_revision_20260915/results_strict/revision_20260917_controlled_baselines_v3/final/predictions/clearance_hepatocyte_az/validation_top2_average_seed_505.csv,validation_top2_average,controlled_three_view_pool,243,0.3494246389429374,3,available estimators/views,fixed three-view pool; fixed linear learner; no adaptive time search,five seed-level prediction arrays generated in revision
Spearman,101,clearance_hepatocyte_az,/mnt/data/projects/trimole_hybrid_revision_20260915/results_strict/revision_20260917_controlled_baselines_v3/final/predictions/clearance_hepatocyte_az/validation_top3_average_seed_101.csv,validation_top3_average,controlled_three_view_pool,243,0.3910450836839079,3,available estimators/views,fixed three-view pool; fixed linear learner; no adaptive time search,five seed-level prediction arrays generated in revision
Spearman,202,clearance_hepatocyte_az,/mnt/data/projects/trimole_hybrid_revision_20260915/results_strict/revision_20260917_controlled_baselines_v3/final/predictions/clearance_hepatocyte_az/validation_top3_average_seed_202.csv,validation_top3_average,controlled_three_view_pool,243,0.3910450836839079,3,available estimators/views,fixed three-view pool; fixed linear learner; no adaptive time search,five seed-level prediction arrays generated in revision
Spearman,303,clearance_hepatocyte_az,/mnt/data/projects/trimole_hybrid_revision_20260915/results_strict/revision_20260917_controlled_baselines_v3/final/predictions/clearance_hepatocyte_az/validation_top3_average_seed_303.csv,validation_top3_average,controlled_three_view_pool,243,0.3910450836839079,3,available estimators/views,fixed three-view pool; fixed linear learner; no adaptive time search,five seed-level prediction arrays generated in revision
Spearman,404,clearance_hepatocyte_az,/mnt/data/projects/trimole_hybrid_revision_20260915/results_strict/revision_20260917_controlled_baselines_v3/final/predictions/clearance_hepatocyte_az/validation_top3_average_seed_404.csv,validation_top3_average,controlled_three_view_pool,243,0.3910450836839079,3,available estimators/views,fixed three-view pool; fixed linear learner; no adaptive time search,five seed-level prediction arrays generated in revision
Spearman,505,clearance_hepatocyte_az,/mnt/data/projects/trimole_hybrid_revision_20260915/results_strict/revision_20260917_controlled_baselines_v3/final/predictions/clearance_hepatocyte_az/validation_top3_average_seed_505.csv,validation_top3_average,controlled_three_view_pool,243,0.3910450836839079,3,available estimators/views,fixed three-view pool; fixed linear learner; no adaptive time search,five seed-level prediction arrays generated in revision
Spearman,101,clearance_microsome_az,/mnt/data/projects/trimole_hybrid_revision_20260915/results_strict/revision_20260917_flaml_matched_v1/final/predictions/clearance_microsome_az/seed_101.csv,flaml_automl,matched_budget_automl,221,0.4854221028964113,3,available estimators/views,60 seconds and <= 30 iterations per task/seed,five seed-level prediction arrays generated in revision
Spearman,202,clearance_microsome_az,/mnt/data/projects/trimole_hybrid_revision_20260915/results_strict/revision_20260917_flaml_matched_v1/final/predictions/clearance_microsome_az/seed_202.csv,flaml_automl,matched_budget_automl,221,0.5422931311389901,3,available estimators/views,60 seconds and <= 30 iterations per task/seed,five seed-level prediction arrays generated in revision
Spearman,303,clearance_microsome_az,/mnt/data/projects/trimole_hybrid_revision_20260915/results_strict/revision_20260917_flaml_matched_v1/final/predictions/clearance_microsome_az/seed_303.csv,flaml_automl,matched_budget_automl,221,0.5375897379102419,3,available estimators/views,60 seconds and <= 30 iterations per task/seed,five seed-level prediction arrays generated in revision
Spearman,404,clearance_microsome_az,/mnt/data/projects/trimole_hybrid_revision_20260915/results_strict/revision_20260917_flaml_matched_v1/final/predictions/clearance_microsome_az/seed_404.csv,flaml_automl,matched_budget_automl,221,0.5935191426152915,3,available estimators/views,60 seconds and <= 30 iterations per task/seed,five seed-level prediction arrays generated in revision
Spearman,505,clearance_microsome_az,/mnt/data/projects/trimole_hybrid_revision_20260915/results_strict/revision_20260917_flaml_matched_v1/final/predictions/clearance_microsome_az/seed_505.csv,flaml_automl,matched_budget_automl,221,0.5015100479529532,3,available estimators/views,60 seconds and <= 30 iterations per task/seed,five seed-level prediction arrays generated in revision
Spearman,101,clearance_microsome_az,/mnt/data/projects/trimole_hybrid_revision_20260915/results_strict/revision_20260917_controlled_baselines_v3/final/predictions/clearance_microsome_az/global_single_seed_101.csv,global_single,controlled_three_view_pool,221,0.4882190049070579,3,available estimators/views,fixed three-view pool; fixed linear learner; no adaptive time search,five seed-level prediction arrays generated in revision
Spearman,202,clearance_microsome_az,/mnt/data/projects/trimole_hybrid_revision_20260915/results_strict/revision_20260917_controlled_baselines_v3/final/predictions/clearance_microsome_az/global_single_seed_202.csv,global_single,controlled_three_view_pool,221,0.4882190049070579,3,available estimators/views,fixed three-view pool; fixed linear learner; no adaptive time search,five seed-level prediction arrays generated in revision
Spearman,303,clearance_microsome_az,/mnt/data/projects/trimole_hybrid_revision_20260915/results_strict/revision_20260917_controlled_baselines_v3/final/predictions/clearance_microsome_az/global_single_seed_303.csv,global_single,controlled_three_view_pool,221,0.4882190049070579,3,available estimators/views,fixed three-view pool; fixed linear learner; no adaptive time search,five seed-level prediction arrays generated in revision
Spearman,404,clearance_microsome_az,/mnt/data/projects/trimole_hybrid_revision_20260915/results_strict/revision_20260917_controlled_baselines_v3/final/predictions/clearance_microsome_az/global_single_seed_404.csv,global_single,controlled_three_view_pool,221,0.4882190049070579,3,available estimators/views,fixed three-view pool; fixed linear learner; no adaptive time search,five seed-level prediction arrays generated in revision
Spearman,505,clearance_microsome_az,/mnt/data/projects/trimole_hybrid_revision_20260915/results_strict/revision_20260917_controlled_baselines_v3/final/predictions/clearance_microsome_az/global_single_seed_505.csv,global_single,controlled_three_view_pool,221,0.4882190049070579,3,available estimators/views,fixed three-view pool; fixed linear learner; no adaptive time search,five seed-level prediction arrays generated in revision
Spearman,101,clearance_microsome_az,/mnt/data/projects/trimole_hybrid_revision_20260915/results_strict/revision_20260917_controlled_baselines_v3/final/predictions/clearance_microsome_az/oof_stacking_seed_101.csv,oof_stacking,controlled_three_view_pool,221,0.5060860243541067,3,available estimators/views,fixed three-view pool; fixed linear learner; no adaptive time search,five seed-level prediction arrays generated in revision
Spearman,202,clearance_microsome_az,/mnt/data/projects/trimole_hybrid_revision_20260915/results_strict/revision_20260917_controlled_baselines_v3/final/predictions/clearance_microsome_az/oof_stacking_seed_202.csv,oof_stacking,controlled_three_view_pool,221,0.49236506239273553,3,available estimators/views,fixed three-view pool; fixed linear learner; no adaptive time search,five seed-level prediction arrays generated in revision
Spearman,303,clearance_microsome_az,/mnt/data/projects/trimole_hybrid_revision_20260915/results_strict/revision_20260917_controlled_baselines_v3/final/predictions/clearance_microsome_az/oof_stacking_seed_303.csv,oof_stacking,controlled_three_view_pool,221,0.5159319166923197,3,available estimators/views,fixed three-view pool; fixed linear learner; no adaptive time search,five seed-level prediction arrays generated in revision
Spearman,404,clearance_microsome_az,/mnt/data/projects/trimole_hybrid_revision_20260915/results_strict/revision_20260917_controlled_baselines_v3/final/predictions/clearance_microsome_az/oof_stacking_seed_404.csv,oof_stacking,controlled_three_view_pool,221,0.5058031062083314,3,available estimators/views,fixed three-view pool; fixed linear learner; no adaptive time search,five seed-level prediction arrays generated in revision
Spearman,505,clearance_microsome_az,/mnt/data/projects/trimole_hybrid_revision_20260915/results_strict/revision_20260917_controlled_baselines_v3/final/predictions/clearance_microsome_az/oof_stacking_seed_505.csv,oof_stacking,controlled_three_view_pool,221,0.5149042080061604,3,available estimators/views,fixed three-view pool; fixed linear learner; no adaptive time search,five seed-level prediction arrays generated in revision
Spearman,101,clearance_microsome_az,/mnt/data/projects/trimole_hybrid_revision_20260915/results_strict/revision_20260917_controlled_baselines_v3/final/predictions/clearance_microsome_az/per_task_single_seed_101.csv,per_task_single,controlled_three_view_pool,221,0.3076166726578927,3,available estimators/views,fixed three-view pool; fixed linear learner; no adaptive time search,five seed-level prediction arrays generated in revision
Spearman,202,clearance_microsome_az,/mnt/data/projects/trimole_hybrid_revision_20260915/results_strict/revision_20260917_controlled_baselines_v3/final/predictions/clearance_microsome_az/per_task_single_seed_202.csv,per_task_single,controlled_three_view_pool,221,0.3076166726578927,3,available estimators/views,fixed three-view pool; fixed linear learner; no adaptive time search,five seed-level prediction arrays generated in revision
Spearman,303,clearance_microsome_az,/mnt/data/projects/trimole_hybrid_revision_20260915/results_strict/revision_20260917_controlled_baselines_v3/final/predictions/clearance_microsome_az/per_task_single_seed_303.csv,per_task_single,controlled_three_view_pool,221,0.3076166726578927,3,available estimators/views,fixed three-view pool; fixed linear learner; no adaptive time search,five seed-level prediction arrays generated in revision
Spearman,404,clearance_microsome_az,/mnt/data/projects/trimole_hybrid_revision_20260915/results_strict/revision_20260917_controlled_baselines_v3/final/predictions/clearance_microsome_az/per_task_single_seed_404.csv,per_task_single,controlled_three_view_pool,221,0.3076166726578927,3,available estimators/views,fixed three-view pool; fixed linear learner; no adaptive time search,five seed-level prediction arrays generated in revision
Spearman,505,clearance_microsome_az,/mnt/data/projects/trimole_hybrid_revision_20260915/results_strict/revision_20260917_controlled_baselines_v3/final/predictions/clearance_microsome_az/per_task_single_seed_505.csv,per_task_single,controlled_three_view_pool,221,0.3076166726578927,3,available estimators/views,fixed three-view pool; fixed linear learner; no adaptive time search,five seed-level prediction arrays generated in revision
Spearman,5,clearance_microsome_az,/mnt/data/projects/trimole_hybrid_revision_20260915/manuscript_revision/trimole_prediction_manifest_20260917/predictions/clearance_microsome_az/seed_5.csv,trimole_hybrid,submitted_taskwise_system,221,0.645325496447446,6,formal audited variants,historical validation-only search; six formal variants audited,five seed-level prediction arrays archived
Spearman,15,clearance_microsome_az,/mnt/data/projects/trimole_hybrid_revision_20260915/manuscript_revision/trimole_prediction_manifest_20260917/predictions/clearance_microsome_az/seed_15.csv,trimole_hybrid,submitted_taskwise_system,221,0.640131846470183,6,formal audited variants,historical validation-only search; six formal variants audited,five seed-level prediction arrays archived
Spearman,25,clearance_microsome_az,/mnt/data/projects/trimole_hybrid_revision_20260915/manuscript_revision/trimole_prediction_manifest_20260917/predictions/clearance_microsome_az/seed_25.csv,trimole_hybrid,submitted_taskwise_system,221,0.6513372229908058,6,formal audited variants,historical validation-only search; six formal variants audited,five seed-level prediction arrays archived
Spearman,35,clearance_microsome_az,/mnt/data/projects/trimole_hybrid_revision_20260915/manuscript_revision/trimole_prediction_manifest_20260917/predictions/clearance_microsome_az/seed_35.csv,trimole_hybrid,submitted_taskwise_system,221,0.6361590621460744,6,formal audited variants,historical validation-only search; six formal variants audited,five seed-level prediction arrays archived
Spearman,45,clearance_microsome_az,/mnt/data/projects/trimole_hybrid_revision_20260915/manuscript_revision/trimole_prediction_manifest_20260917/predictions/clearance_microsome_az/seed_45.csv,trimole_hybrid,submitted_taskwise_system,221,0.6411163788931317,6,formal audited variants,historical validation-only search; six formal variants audited,five seed-level prediction arrays archived
Spearman,101,clearance_microsome_az,/mnt/data/projects/trimole_hybrid_revision_20260915/results_strict/revision_20260917_controlled_baselines_v3/final/predictions/clearance_microsome_az/uniform_average_seed_101.csv,uniform_average,controlled_three_view_pool,221,0.4761660101665623,3,available estimators/views,fixed three-view pool; fixed linear learner; no adaptive time search,five seed-level prediction arrays generated in revision
Spearman,202,clearance_microsome_az,/mnt/data/projects/trimole_hybrid_revision_20260915/results_strict/revision_20260917_controlled_baselines_v3/final/predictions/clearance_microsome_az/uniform_average_seed_202.csv,uniform_average,controlled_three_view_pool,221,0.4761660101665623,3,available estimators/views,fixed three-view pool; fixed linear learner; no adaptive time search,five seed-level prediction arrays generated in revision
Spearman,303,clearance_microsome_az,/mnt/data/projects/trimole_hybrid_revision_20260915/results_strict/revision_20260917_controlled_baselines_v3/final/predictions/clearance_microsome_az/uniform_average_seed_303.csv,uniform_average,controlled_three_view_pool,221,0.4761660101665623,3,available estimators/views,fixed three-view pool; fixed linear learner; no adaptive time search,five seed-level prediction arrays generated in revision
Spearman,404,clearance_microsome_az,/mnt/data/projects/trimole_hybrid_revision_20260915/results_strict/revision_20260917_controlled_baselines_v3/final/predictions/clearance_microsome_az/uniform_average_seed_404.csv,uniform_average,controlled_three_view_pool,221,0.4761660101665623,3,available estimators/views,fixed three-view pool; fixed linear learner; no adaptive time search,five seed-level prediction arrays generated in revision
Spearman,505,clearance_microsome_az,/mnt/data/projects/trimole_hybrid_revision_20260915/results_strict/revision_20260917_controlled_baselines_v3/final/predictions/clearance_microsome_az/uniform_average_seed_505.csv,uniform_average,controlled_three_view_pool,221,0.4761660101665623,3,available estimators/views,fixed three-view pool; fixed linear learner; no adaptive time search,five seed-level prediction arrays generated in revision
Spearman,101,clearance_microsome_az,/mnt/data/projects/trimole_hybrid_revision_20260915/results_strict/revision_20260917_controlled_baselines_v3/final/predictions/clearance_microsome_az/validation_top2_average_seed_101.csv,validation_top2_average,controlled_three_view_pool,221,0.47318173502648764,3,available estimators/views,fixed three-view pool; fixed linear learner; no adaptive time search,five seed-level prediction arrays generated in revision
Spearman,202,clearance_microsome_az,/mnt/data/projects/trimole_hybrid_revision_20260915/results_strict/revision_20260917_controlled_baselines_v3/final/predictions/clearance_microsome_az/validation_top2_average_seed_202.csv,validation_top2_average,controlled_three_view_pool,221,0.47318173502648764,3,available estimators/views,fixed three-view pool; fixed linear learner; no adaptive time search,five seed-level prediction arrays generated in revision
Spearman,303,clearance_microsome_az,/mnt/data/projects/trimole_hybrid_revision_20260915/results_strict/revision_20260917_controlled_baselines_v3/final/predictions/clearance_microsome_az/validation_top2_average_seed_303.csv,validation_top2_average,controlled_three_view_pool,221,0.47318173502648764,3,available estimators/views,fixed three-view pool; fixed linear learner; no adaptive time search,five seed-level prediction arrays generated in revision
Spearman,404,clearance_microsome_az,/mnt/data/projects/trimole_hybrid_revision_20260915/results_strict/revision_20260917_controlled_baselines_v3/final/predictions/clearance_microsome_az/validation_top2_average_seed_404.csv,validation_top2_average,controlled_three_view_pool,221,0.47318173502648764,3,available estimators/views,fixed three-view pool; fixed linear learner; no adaptive time search,five seed-level prediction arrays generated in revision
Spearman,505,clearance_microsome_az,/mnt/data/projects/trimole_hybrid_revision_20260915/results_strict/revision_20260917_controlled_baselines_v3/final/predictions/clearance_microsome_az/validation_top2_average_seed_505.csv,validation_top2_average,controlled_three_view_pool,221,0.47318173502648764,3,available estimators/views,fixed three-view pool; fixed linear learner; no adaptive time search,five seed-level prediction arrays generated in revision
Spearman,101,clearance_microsome_az,/mnt/data/projects/trimole_hybrid_revision_20260915/results_strict/revision_20260917_controlled_baselines_v3/final/predictions/clearance_microsome_az/validation_top3_average_seed_101.csv,validation_top3_average,controlled_three_view_pool,221,0.4761660101665623,3,available estimators/views,fixed three-view pool; fixed linear learner; no adaptive time search,five seed-level prediction arrays generated in revision
Spearman,202,clearance_microsome_az,/mnt/data/projects/trimole_hybrid_revision_20260915/results_strict/revision_20260917_controlled_baselines_v3/final/predictions/clearance_microsome_az/validation_top3_average_seed_202.csv,validation_top3_average,controlled_three_view_pool,221,0.4761660101665623,3,available estimators/views,fixed three-view pool; fixed linear learner; no adaptive time search,five seed-level prediction arrays generated in revision
Spearman,303,clearance_microsome_az,/mnt/data/projects/trimole_hybrid_revision_20260915/results_strict/revision_20260917_controlled_baselines_v3/final/predictions/clearance_microsome_az/validation_top3_average_seed_303.csv,validation_top3_average,controlled_three_view_pool,221,0.4761660101665623,3,available estimators/views,fixed three-view pool; fixed linear learner; no adaptive time search,five seed-level prediction arrays generated in revision
Spearman,404,clearance_microsome_az,/mnt/data/projects/trimole_hybrid_revision_20260915/results_strict/revision_20260917_controlled_baselines_v3/final/predictions/clearance_microsome_az/validation_top3_average_seed_404.csv,validation_top3_average,controlled_three_view_pool,221,0.4761660101665623,3,available estimators/views,fixed three-view pool; fixed linear learner; no adaptive time search,five seed-level prediction arrays generated in revision
Spearman,505,clearance_microsome_az,/mnt/data/projects/trimole_hybrid_revision_20260915/results_strict/revision_20260917_controlled_baselines_v3/final/predictions/clearance_microsome_az/validation_top3_average_seed_505.csv,validation_top3_average,controlled_three_view_pool,221,0.4761660101665623,3,available estimators/views,fixed three-view pool; fixed linear learner; no adaptive time search,five seed-level prediction arrays generated in revision
AUPRC,101,cyp2c9_substrate_carbonmangels,/mnt/data/projects/trimole_hybrid_revision_20260915/results_strict/revision_20260917_flaml_matched_v1/final/predictions/cyp2c9_substrate_carbonmangels/seed_101.csv,flaml_automl,matched_budget_automl,135,0.36341827261441484,4,available estimators/views,60 seconds and <= 30 iterations per task/seed,five seed-level prediction arrays generated in revision
AUPRC,202,cyp2c9_substrate_carbonmangels,/mnt/data/projects/trimole_hybrid_revision_20260915/results_strict/revision_20260917_flaml_matched_v1/final/predictions/cyp2c9_substrate_carbonmangels/seed_202.csv,flaml_automl,matched_budget_automl,135,0.3312688618794959,4,available estimators/views,60 seconds and <= 30 iterations per task/seed,five seed-level prediction arrays generated in revision
AUPRC,303,cyp2c9_substrate_carbonmangels,/mnt/data/projects/trimole_hybrid_revision_20260915/results_strict/revision_20260917_flaml_matched_v1/final/predictions/cyp2c9_substrate_carbonmangels/seed_303.csv,flaml_automl,matched_budget_automl,135,0.37167329569437463,4,available estimators/views,60 seconds and <= 30 iterations per task/seed,five seed-level prediction arrays generated in revision
AUPRC,404,cyp2c9_substrate_carbonmangels,/mnt/data/projects/trimole_hybrid_revision_20260915/results_strict/revision_20260917_flaml_matched_v1/final/predictions/cyp2c9_substrate_carbonmangels/seed_404.csv,flaml_automl,matched_budget_automl,135,0.42000358435052354,4,available estimators/views,60 seconds and <= 30 iterations per task/seed,five seed-level prediction arrays generated in revision
AUPRC,505,cyp2c9_substrate_carbonmangels,/mnt/data/projects/trimole_hybrid_revision_20260915/results_strict/revision_20260917_flaml_matched_v1/final/predictions/cyp2c9_substrate_carbonmangels/seed_505.csv,flaml_automl,matched_budget_automl,135,0.35898446591541655,4,available estimators/views,60 seconds and <= 30 iterations per task/seed,five seed-level prediction arrays generated in revision
AUPRC,101,cyp2c9_substrate_carbonmangels,/mnt/data/projects/trimole_hybrid_revision_20260915/results_strict/revision_20260917_controlled_baselines_v3/final/predictions/cyp2c9_substrate_carbonmangels/global_single_seed_101.csv,global_single,controlled_three_view_pool,135,0.32834987379553127,3,available estimators/views,fixed three-view pool; fixed linear learner; no adaptive time search,five seed-level prediction arrays generated in revision
AUPRC,202,cyp2c9_substrate_carbonmangels,/mnt/data/projects/trimole_hybrid_revision_20260915/results_strict/revision_20260917_controlled_baselines_v3/final/predictions/cyp2c9_substrate_carbonmangels/global_single_seed_202.csv,global_single,controlled_three_view_pool,135,0.33148450688246334,3,available estimators/views,fixed three-view pool; fixed linear learner; no adaptive time search,five seed-level prediction arrays generated in revision
AUPRC,303,cyp2c9_substrate_carbonmangels,/mnt/data/projects/trimole_hybrid_revision_20260915/results_strict/revision_20260917_controlled_baselines_v3/final/predictions/cyp2c9_substrate_carbonmangels/global_single_seed_303.csv,global_single,controlled_three_view_pool,135,0.3324488535486697,3,available estimators/views,fixed three-view pool; fixed linear learner; no adaptive time search,five seed-level prediction arrays generated in revision
AUPRC,404,cyp2c9_substrate_carbonmangels,/mnt/data/projects/trimole_hybrid_revision_20260915/results_strict/revision_20260917_controlled_baselines_v3/final/predictions/cyp2c9_substrate_carbonmangels/global_single_seed_404.csv,global_single,controlled_three_view_pool,135,0.3434894851712653,3,available estimators/views,fixed three-view pool; fixed linear learner; no adaptive time search,five seed-level prediction arrays generated in revision
AUPRC,505,cyp2c9_substrate_carbonmangels,/mnt/data/projects/trimole_hybrid_revision_20260915/results_strict/revision_20260917_controlled_baselines_v3/final/predictions/cyp2c9_substrate_carbonmangels/global_single_seed_505.csv,global_single,controlled_three_view_pool,135,0.33196978717660475,3,available estimators/views,fixed three-view pool; fixed linear learner; no adaptive time search,five seed-level prediction arrays generated in revision
AUPRC,101,cyp2c9_substrate_carbonmangels,/mnt/data/projects/trimole_hybrid_revision_20260915/results_strict/revision_20260917_controlled_baselines_v3/final/predictions/cyp2c9_substrate_carbonmangels/oof_stacking_seed_101.csv,oof_stacking,controlled_three_view_pool,135,0.3564274883707426,3,available estimators/views,fixed three-view pool; fixed linear learner; no adaptive time search,five seed-level prediction arrays generated in revision
AUPRC,202,cyp2c9_substrate_carbonmangels,/mnt/data/projects/trimole_hybrid_revision_20260915/results_strict/revision_20260917_controlled_baselines_v3/final/predictions/cyp2c9_substrate_carbonmangels/oof_stacking_seed_202.csv,oof_stacking,controlled_three_view_pool,135,0.36754647471983154,3,available estimators/views,fixed three-view pool; fixed linear learner; no adaptive time search,five seed-level prediction arrays generated in revision
AUPRC,303,cyp2c9_substrate_carbonmangels,/mnt/data/projects/trimole_hybrid_revision_20260915/results_strict/revision_20260917_controlled_baselines_v3/final/predictions/cyp2c9_substrate_carbonmangels/oof_stacking_seed_303.csv,oof_stacking,controlled_three_view_pool,135,0.34816274762474675,3,available estimators/views,fixed three-view pool; fixed linear learner; no adaptive time search,five seed-level prediction arrays generated in revision
AUPRC,404,cyp2c9_substrate_carbonmangels,/mnt/data/projects/trimole_hybrid_revision_20260915/results_strict/revision_20260917_controlled_baselines_v3/final/predictions/cyp2c9_substrate_carbonmangels/oof_stacking_seed_404.csv,oof_stacking,controlled_three_view_pool,135,0.3853668884492542,3,available estimators/views,fixed three-view pool; fixed linear learner; no adaptive time search,five seed-level prediction arrays generated in revision
AUPRC,505,cyp2c9_substrate_carbonmangels,/mnt/data/projects/trimole_hybrid_revision_20260915/results_strict/revision_20260917_controlled_baselines_v3/final/predictions/cyp2c9_substrate_carbonmangels/oof_stacking_seed_505.csv,oof_stacking,controlled_three_view_pool,135,0.3576527353448546,3,available estimators/views,fixed three-view pool; fixed linear learner; no adaptive time search,five seed-level prediction arrays generated in revision
AUPRC,101,cyp2c9_substrate_carbonmangels,/mnt/data/projects/trimole_hybrid_revision_20260915/results_strict/revision_20260917_controlled_baselines_v3/final/predictions/cyp2c9_substrate_carbonmangels/per_task_single_seed_101.csv,per_task_single,controlled_three_view_pool,135,0.3212588551324109,3,available estimators/views,fixed three-view pool; fixed linear learner; no adaptive time search,five seed-level prediction arrays generated in revision
AUPRC,202,cyp2c9_substrate_carbonmangels,/mnt/data/projects/trimole_hybrid_revision_20260915/results_strict/revision_20260917_controlled_baselines_v3/final/predictions/cyp2c9_substrate_carbonmangels/per_task_single_seed_202.csv,per_task_single,controlled_three_view_pool,135,0.32105263157894737,3,available estimators/views,fixed three-view pool; fixed linear learner; no adaptive time search,five seed-level prediction arrays generated in revision
AUPRC,303,cyp2c9_substrate_carbonmangels,/mnt/data/projects/trimole_hybrid_revision_20260915/results_strict/revision_20260917_controlled_baselines_v3/final/predictions/cyp2c9_substrate_carbonmangels/per_task_single_seed_303.csv,per_task_single,controlled_three_view_pool,135,0.3221922327185485,3,available estimators/views,fixed three-view pool; fixed linear learner; no adaptive time search,five seed-level prediction arrays generated in revision
AUPRC,404,cyp2c9_substrate_carbonmangels,/mnt/data/projects/trimole_hybrid_revision_20260915/results_strict/revision_20260917_controlled_baselines_v3/final/predictions/cyp2c9_substrate_carbonmangels/per_task_single_seed_404.csv,per_task_single,controlled_three_view_pool,135,0.3389619883040936,3,available estimators/views,fixed three-view pool; fixed linear learner; no adaptive time search,five seed-level prediction arrays generated in revision
AUPRC,505,cyp2c9_substrate_carbonmangels,/mnt/data/projects/trimole_hybrid_revision_20260915/results_strict/revision_20260917_controlled_baselines_v3/final/predictions/cyp2c9_substrate_carbonmangels/per_task_single_seed_505.csv,per_task_single,controlled_three_view_pool,135,0.31607301080985295,3,available estimators/views,fixed three-view pool; fixed linear learner; no adaptive time search,five seed-level prediction arrays generated in revision
AUPRC,101,cyp2c9_substrate_carbonmangels,/mnt/data/projects/trimole_hybrid_revision_20260915/manuscript_revision/trimole_prediction_manifest_20260917/predictions/cyp2c9_substrate_carbonmangels/seed_101.csv,trimole_hybrid,submitted_taskwise_system,135,0.4281784982077168,6,formal audited variants,historical validation-only search; six formal variants audited,five seed-level prediction arrays archived
AUPRC,202,cyp2c9_substrate_carbonmangels,/mnt/data/projects/trimole_hybrid_revision_20260915/manuscript_revision/trimole_prediction_manifest_20260917/predictions/cyp2c9_substrate_carbonmangels/seed_202.csv,trimole_hybrid,submitted_taskwise_system,135,0.4384000940502305,6,formal audited variants,historical validation-only search; six formal variants audited,five seed-level prediction arrays archived
AUPRC,303,cyp2c9_substrate_carbonmangels,/mnt/data/projects/trimole_hybrid_revision_20260915/manuscript_revision/trimole_prediction_manifest_20260917/predictions/cyp2c9_substrate_carbonmangels/seed_303.csv,trimole_hybrid,submitted_taskwise_system,135,0.420713491137566,6,formal audited variants,historical validation-only search; six formal variants audited,five seed-level prediction arrays archived
AUPRC,404,cyp2c9_substrate_carbonmangels,/mnt/data/projects/trimole_hybrid_revision_20260915/manuscript_revision/trimole_prediction_manifest_20260917/predictions/cyp2c9_substrate_carbonmangels/seed_404.csv,trimole_hybrid,submitted_taskwise_system,135,0.44901584481873436,6,formal audited variants,historical validation-only search; six formal variants audited,five seed-level prediction arrays archived
AUPRC,505,cyp2c9_substrate_carbonmangels,/mnt/data/projects/trimole_hybrid_revision_20260915/manuscript_revision/trimole_prediction_manifest_20260917/predictions/cyp2c9_substrate_carbonmangels/seed_505.csv,trimole_hybrid,submitted_taskwise_system,135,0.48054156471626175,6,formal audited variants,historical validation-only search; six formal variants audited,five seed-level prediction arrays archived
AUPRC,101,cyp2c9_substrate_carbonmangels,/mnt/data/projects/trimole_hybrid_revision_20260915/results_strict/revision_20260917_controlled_baselines_v3/final/predictions/cyp2c9_substrate_carbonmangels/uniform_average_seed_101.csv,uniform_average,controlled_three_view_pool,135,0.35849456198544866,3,available estimators/views,fixed three-view pool; fixed linear learner; no adaptive time search,five seed-level prediction arrays generated in revision
AUPRC,202,cyp2c9_substrate_carbonmangels,/mnt/data/projects/trimole_hybrid_revision_20260915/results_strict/revision_20260917_controlled_baselines_v3/final/predictions/cyp2c9_substrate_carbonmangels/uniform_average_seed_202.csv,uniform_average,controlled_three_view_pool,135,0.37140740830030444,3,available estimators/views,fixed three-view pool; fixed linear learner; no adaptive time search,five seed-level prediction arrays generated in revision
AUPRC,303,cyp2c9_substrate_carbonmangels,/mnt/data/projects/trimole_hybrid_revision_20260915/results_strict/revision_20260917_controlled_baselines_v3/final/predictions/cyp2c9_substrate_carbonmangels/uniform_average_seed_303.csv,uniform_average,controlled_three_view_pool,135,0.3737430826621479,3,available estimators/views,fixed three-view pool; fixed linear learner; no adaptive time search,five seed-level prediction arrays generated in revision
AUPRC,404,cyp2c9_substrate_carbonmangels,/mnt/data/projects/trimole_hybrid_revision_20260915/results_strict/revision_20260917_controlled_baselines_v3/final/predictions/cyp2c9_substrate_carbonmangels/uniform_average_seed_404.csv,uniform_average,controlled_three_view_pool,135,0.3827320883603278,3,available estimators/views,fixed three-view pool; fixed linear learner; no adaptive time search,five seed-level prediction arrays generated in revision
AUPRC,505,cyp2c9_substrate_carbonmangels,/mnt/data/projects/trimole_hybrid_revision_20260915/results_strict/revision_20260917_controlled_baselines_v3/final/predictions/cyp2c9_substrate_carbonmangels/uniform_average_seed_505.csv,uniform_average,controlled_three_view_pool,135,0.37312669567931805,3,available estimators/views,fixed three-view pool; fixed linear learner; no adaptive time search,five seed-level prediction arrays generated in revision
AUPRC,101,cyp2c9_substrate_carbonmangels,/mnt/data/projects/trimole_hybrid_revision_20260915/results_strict/revision_20260917_controlled_baselines_v3/final/predictions/cyp2c9_substrate_carbonmangels/validation_top2_average_seed_101.csv,validation_top2_average,controlled_three_view_pool,135,0.35700724755303426,3,available estimators/views,fixed three-view pool; fixed linear learner; no adaptive time search,five seed-level prediction arrays generated in revision
AUPRC,202,cyp2c9_substrate_carbonmangels,/mnt/data/projects/trimole_hybrid_revision_20260915/results_strict/revision_20260917_controlled_baselines_v3/final/predictions/cyp2c9_substrate_carbonmangels/validation_top2_average_seed_202.csv,validation_top2_average,controlled_three_view_pool,135,0.36352180957444113,3,available estimators/views,fixed three-view pool; fixed linear learner; no adaptive time search,five seed-level prediction arrays generated in revision
AUPRC,303,cyp2c9_substrate_carbonmangels,/mnt/data/projects/trimole_hybrid_revision_20260915/results_strict/revision_20260917_controlled_baselines_v3/final/predictions/cyp2c9_substrate_carbonmangels/validation_top2_average_seed_303.csv,validation_top2_average,controlled_three_view_pool,135,0.36750615917757756,3,available estimators/views,fixed three-view pool; fixed linear learner; no adaptive time search,five seed-level prediction arrays generated in revision
AUPRC,404,cyp2c9_substrate_carbonmangels,/mnt/data/projects/trimole_hybrid_revision_20260915/results_strict/revision_20260917_controlled_baselines_v3/final/predictions/cyp2c9_substrate_carbonmangels/validation_top2_average_seed_404.csv,validation_top2_average,controlled_three_view_pool,135,0.37140139239893805,3,available estimators/views,fixed three-view pool; fixed linear learner; no adaptive time search,five seed-level prediction arrays generated in revision
AUPRC,505,cyp2c9_substrate_carbonmangels,/mnt/data/projects/trimole_hybrid_revision_20260915/results_strict/revision_20260917_controlled_baselines_v3/final/predictions/cyp2c9_substrate_carbonmangels/validation_top2_average_seed_505.csv,validation_top2_average,controlled_three_view_pool,135,0.3598767381422222,3,available estimators/views,fixed three-view pool; fixed linear learner; no adaptive time search,five seed-level prediction arrays generated in revision
AUPRC,101,cyp2c9_substrate_carbonmangels,/mnt/data/projects/trimole_hybrid_revision_20260915/results_strict/revision_20260917_controlled_baselines_v3/final/predictions/cyp2c9_substrate_carbonmangels/validation_top3_average_seed_101.csv,validation_top3_average,controlled_three_view_pool,135,0.35849456198544866,3,available estimators/views,fixed three-view pool; fixed linear learner; no adaptive time search,five seed-level prediction arrays generated in revision
AUPRC,202,cyp2c9_substrate_carbonmangels,/mnt/data/projects/trimole_hybrid_revision_20260915/results_strict/revision_20260917_controlled_baselines_v3/final/predictions/cyp2c9_substrate_carbonmangels/validation_top3_average_seed_202.csv,validation_top3_average,controlled_three_view_pool,135,0.37140740830030444,3,available estimators/views,fixed three-view pool; fixed linear learner; no adaptive time search,five seed-level prediction arrays generated in revision
AUPRC,303,cyp2c9_substrate_carbonmangels,/mnt/data/projects/trimole_hybrid_revision_20260915/results_strict/revision_20260917_controlled_baselines_v3/final/predictions/cyp2c9_substrate_carbonmangels/validation_top3_average_seed_303.csv,validation_top3_average,controlled_three_view_pool,135,0.3737430826621479,3,available estimators/views,fixed three-view pool; fixed linear learner; no adaptive time search,five seed-level prediction arrays generated in revision
AUPRC,404,cyp2c9_substrate_carbonmangels,/mnt/data/projects/trimole_hybrid_revision_20260915/results_strict/revision_20260917_controlled_baselines_v3/final/predictions/cyp2c9_substrate_carbonmangels/validation_top3_average_seed_404.csv,validation_top3_average,controlled_three_view_pool,135,0.3827320883603278,3,available estimators/views,fixed three-view pool; fixed linear learner; no adaptive time search,five seed-level prediction arrays generated in revision
AUPRC,505,cyp2c9_substrate_carbonmangels,/mnt/data/projects/trimole_hybrid_revision_20260915/results_strict/revision_20260917_controlled_baselines_v3/final/predictions/cyp2c9_substrate_carbonmangels/validation_top3_average_seed_505.csv,validation_top3_average,controlled_three_view_pool,135,0.37312669567931805,3,available estimators/views,fixed three-view pool; fixed linear learner; no adaptive time search,five seed-level prediction arrays generated in revision
AUPRC,101,cyp2c9_veith,/mnt/data/projects/trimole_hybrid_revision_20260915/results_strict/revision_20260917_flaml_matched_v1/final/predictions/cyp2c9_veith/seed_101.csv,flaml_automl,matched_budget_automl,2419,0.7166182382945621,4,available estimators/views,60 seconds and <= 30 iterations per task/seed,five seed-level prediction arrays generated in revision
AUPRC,202,cyp2c9_veith,/mnt/data/projects/trimole_hybrid_revision_20260915/results_strict/revision_20260917_flaml_matched_v1/final/predictions/cyp2c9_veith/seed_202.csv,flaml_automl,matched_budget_automl,2419,0.7070902174853324,4,available estimators/views,60 seconds and <= 30 iterations per task/seed,five seed-level prediction arrays generated in revision
AUPRC,303,cyp2c9_veith,/mnt/data/projects/trimole_hybrid_revision_20260915/results_strict/revision_20260917_flaml_matched_v1/final/predictions/cyp2c9_veith/seed_303.csv,flaml_automl,matched_budget_automl,2419,0.7326567259713963,4,available estimators/views,60 seconds and <= 30 iterations per task/seed,five seed-level prediction arrays generated in revision
AUPRC,404,cyp2c9_veith,/mnt/data/projects/trimole_hybrid_revision_20260915/results_strict/revision_20260917_flaml_matched_v1/final/predictions/cyp2c9_veith/seed_404.csv,flaml_automl,matched_budget_automl,2419,0.6928882597559322,4,available estimators/views,60 seconds and <= 30 iterations per task/seed,five seed-level prediction arrays generated in revision
AUPRC,505,cyp2c9_veith,/mnt/data/projects/trimole_hybrid_revision_20260915/results_strict/revision_20260917_flaml_matched_v1/final/predictions/cyp2c9_veith/seed_505.csv,flaml_automl,matched_budget_automl,2419,0.7250631614141707,4,available estimators/views,60 seconds and <= 30 iterations per task/seed,five seed-level prediction arrays generated in revision
AUPRC,101,cyp2c9_veith,/mnt/data/projects/trimole_hybrid_revision_20260915/results_strict/revision_20260917_controlled_baselines_v3/final/predictions/cyp2c9_veith/global_single_seed_101.csv,global_single,controlled_three_view_pool,2419,0.6837691939898234,3,available estimators/views,fixed three-view pool; fixed linear learner; no adaptive time search,five seed-level prediction arrays generated in revision
AUPRC,202,cyp2c9_veith,/mnt/data/projects/trimole_hybrid_revision_20260915/results_strict/revision_20260917_controlled_baselines_v3/final/predictions/cyp2c9_veith/global_single_seed_202.csv,global_single,controlled_three_view_pool,2419,0.6669757250759226,3,available estimators/views,fixed three-view pool; fixed linear learner; no adaptive time search,five seed-level prediction arrays generated in revision
AUPRC,303,cyp2c9_veith,/mnt/data/projects/trimole_hybrid_revision_20260915/results_strict/revision_20260917_controlled_baselines_v3/final/predictions/cyp2c9_veith/global_single_seed_303.csv,global_single,controlled_three_view_pool,2419,0.6658333408720186,3,available estimators/views,fixed three-view pool; fixed linear learner; no adaptive time search,five seed-level prediction arrays generated in revision
AUPRC,404,cyp2c9_veith,/mnt/data/projects/trimole_hybrid_revision_20260915/results_strict/revision_20260917_controlled_baselines_v3/final/predictions/cyp2c9_veith/global_single_seed_404.csv,global_single,controlled_three_view_pool,2419,0.6760086249286553,3,available estimators/views,fixed three-view pool; fixed linear learner; no adaptive time search,five seed-level prediction arrays generated in revision
AUPRC,505,cyp2c9_veith,/mnt/data/projects/trimole_hybrid_revision_20260915/results_strict/revision_20260917_controlled_baselines_v3/final/predictions/cyp2c9_veith/global_single_seed_505.csv,global_single,controlled_three_view_pool,2419,0.6731273679750384,3,available estimators/views,fixed three-view pool; fixed linear learner; no adaptive time search,five seed-level prediction arrays generated in revision
AUPRC,101,cyp2c9_veith,/mnt/data/projects/trimole_hybrid_revision_20260915/results_strict/revision_20260917_controlled_baselines_v3/final/predictions/cyp2c9_veith/oof_stacking_seed_101.csv,oof_stacking,controlled_three_view_pool,2419,0.7518282973552812,3,available estimators/views,fixed three-view pool; fixed linear learner; no adaptive time search,five seed-level prediction arrays generated in revision
AUPRC,202,cyp2c9_veith,/mnt/data/projects/trimole_hybrid_revision_20260915/results_strict/revision_20260917_controlled_baselines_v3/final/predictions/cyp2c9_veith/oof_stacking_seed_202.csv,oof_stacking,controlled_three_view_pool,2419,0.746313244134708,3,available estimators/views,fixed three-view pool; fixed linear learner; no adaptive time search,five seed-level prediction arrays generated in revision
AUPRC,303,cyp2c9_veith,/mnt/data/projects/trimole_hybrid_revision_20260915/results_strict/revision_20260917_controlled_baselines_v3/final/predictions/cyp2c9_veith/oof_stacking_seed_303.csv,oof_stacking,controlled_three_view_pool,2419,0.742998709112766,3,available estimators/views,fixed three-view pool; fixed linear learner; no adaptive time search,five seed-level prediction arrays generated in revision
AUPRC,404,cyp2c9_veith,/mnt/data/projects/trimole_hybrid_revision_20260915/results_strict/revision_20260917_controlled_baselines_v3/final/predictions/cyp2c9_veith/oof_stacking_seed_404.csv,oof_stacking,controlled_three_view_pool,2419,0.7491782591982488,3,available estimators/views,fixed three-view pool; fixed linear learner; no adaptive time search,five seed-level prediction arrays generated in revision
AUPRC,505,cyp2c9_veith,/mnt/data/projects/trimole_hybrid_revision_20260915/results_strict/revision_20260917_controlled_baselines_v3/final/predictions/cyp2c9_veith/oof_stacking_seed_505.csv,oof_stacking,controlled_three_view_pool,2419,0.753451410085115,3,available estimators/views,fixed three-view pool; fixed linear learner; no adaptive time search,five seed-level prediction arrays generated in revision
AUPRC,101,cyp2c9_veith,/mnt/data/projects/trimole_hybrid_revision_20260915/results_strict/revision_20260917_controlled_baselines_v3/final/predictions/cyp2c9_veith/per_task_single_seed_101.csv,per_task_single,controlled_three_view_pool,2419,0.6837691939898234,3,available estimators/views,fixed three-view pool; fixed linear learner; no adaptive time search,five seed-level prediction arrays generated in revision
AUPRC,202,cyp2c9_veith,/mnt/data/projects/trimole_hybrid_revision_20260915/results_strict/revision_20260917_controlled_baselines_v3/final/predictions/cyp2c9_veith/per_task_single_seed_202.csv,per_task_single,controlled_three_view_pool,2419,0.6669757250759226,3,available estimators/views,fixed three-view pool; fixed linear learner; no adaptive time search,five seed-level prediction arrays generated in revision
AUPRC,303,cyp2c9_veith,/mnt/data/projects/trimole_hybrid_revision_20260915/results_strict/revision_20260917_controlled_baselines_v3/final/predictions/cyp2c9_veith/per_task_single_seed_303.csv,per_task_single,controlled_three_view_pool,2419,0.6658333408720186,3,available estimators/views,fixed three-view pool; fixed linear learner; no adaptive time search,five seed-level prediction arrays generated in revision
AUPRC,404,cyp2c9_veith,/mnt/data/projects/trimole_hybrid_revision_20260915/results_strict/revision_20260917_controlled_baselines_v3/final/predictions/cyp2c9_veith/per_task_single_seed_404.csv,per_task_single,controlled_three_view_pool,2419,0.6760086249286553,3,available estimators/views,fixed three-view pool; fixed linear learner; no adaptive time search,five seed-level prediction arrays generated in revision
AUPRC,505,cyp2c9_veith,/mnt/data/projects/trimole_hybrid_revision_20260915/results_strict/revision_20260917_controlled_baselines_v3/final/predictions/cyp2c9_veith/per_task_single_seed_505.csv,per_task_single,controlled_three_view_pool,2419,0.6731273679750384,3,available estimators/views,fixed three-view pool; fixed linear learner; no adaptive time search,five seed-level prediction arrays generated in revision
AUPRC,101,cyp2c9_veith,/mnt/data/projects/trimole_hybrid_revision_20260915/manuscript_revision/trimole_prediction_manifest_20260917/predictions/cyp2c9_veith/seed_101.csv,trimole_hybrid,submitted_taskwise_system,2419,0.7916542627899174,6,formal audited variants,historical validation-only search; six formal variants audited,five seed-level prediction arrays archived
AUPRC,202,cyp2c9_veith,/mnt/data/projects/trimole_hybrid_revision_20260915/manuscript_revision/trimole_prediction_manifest_20260917/predictions/cyp2c9_veith/seed_202.csv,trimole_hybrid,submitted_taskwise_system,2419,0.7870428342006671,6,formal audited variants,historical validation-only search; six formal variants audited,five seed-level prediction arrays archived
AUPRC,303,cyp2c9_veith,/mnt/data/projects/trimole_hybrid_revision_20260915/manuscript_revision/trimole_prediction_manifest_20260917/predictions/cyp2c9_veith/seed_303.csv,trimole_hybrid,submitted_taskwise_system,2419,0.7894819073833372,6,formal audited variants,historical validation-only search; six formal variants audited,five seed-level prediction arrays archived
AUPRC,404,cyp2c9_veith,/mnt/data/projects/trimole_hybrid_revision_20260915/manuscript_revision/trimole_prediction_manifest_20260917/predictions/cyp2c9_veith/seed_404.csv,trimole_hybrid,submitted_taskwise_system,2419,0.7940899484983854,6,formal audited variants,historical validation-only search; six formal variants audited,five seed-level prediction arrays archived
AUPRC,505,cyp2c9_veith,/mnt/data/projects/trimole_hybrid_revision_20260915/manuscript_revision/trimole_prediction_manifest_20260917/predictions/cyp2c9_veith/seed_505.csv,trimole_hybrid,submitted_taskwise_system,2419,0.7906618116510629,6,formal audited variants,historical validation-only search; six formal variants audited,five seed-level prediction arrays archived
AUPRC,101,cyp2c9_veith,/mnt/data/projects/trimole_hybrid_revision_20260915/results_strict/revision_20260917_controlled_baselines_v3/final/predictions/cyp2c9_veith/uniform_average_seed_101.csv,uniform_average,controlled_three_view_pool,2419,0.7549120387498804,3,available estimators/views,fixed three-view pool; fixed linear learner; no adaptive time search,five seed-level prediction arrays generated in revision
AUPRC,202,cyp2c9_veith,/mnt/data/projects/trimole_hybrid_revision_20260915/results_strict/revision_20260917_controlled_baselines_v3/final/predictions/cyp2c9_veith/uniform_average_seed_202.csv,uniform_average,controlled_three_view_pool,2419,0.7491297660445146,3,available estimators/views,fixed three-view pool; fixed linear learner; no adaptive time search,five seed-level prediction arrays generated in revision
AUPRC,303,cyp2c9_veith,/mnt/data/projects/trimole_hybrid_revision_20260915/results_strict/revision_20260917_controlled_baselines_v3/final/predictions/cyp2c9_veith/uniform_average_seed_303.csv,uniform_average,controlled_three_view_pool,2419,0.7474211127938362,3,available estimators/views,fixed three-view pool; fixed linear learner; no adaptive time search,five seed-level prediction arrays generated in revision
AUPRC,404,cyp2c9_veith,/mnt/data/projects/trimole_hybrid_revision_20260915/results_strict/revision_20260917_controlled_baselines_v3/final/predictions/cyp2c9_veith/uniform_average_seed_404.csv,uniform_average,controlled_three_view_pool,2419,0.7519197237943767,3,available estimators/views,fixed three-view pool; fixed linear learner; no adaptive time search,five seed-level prediction arrays generated in revision
AUPRC,505,cyp2c9_veith,/mnt/data/projects/trimole_hybrid_revision_20260915/results_strict/revision_20260917_controlled_baselines_v3/final/predictions/cyp2c9_veith/uniform_average_seed_505.csv,uniform_average,controlled_three_view_pool,2419,0.7573792006544587,3,available estimators/views,fixed three-view pool; fixed linear learner; no adaptive time search,five seed-level prediction arrays generated in revision
AUPRC,101,cyp2c9_veith,/mnt/data/projects/trimole_hybrid_revision_20260915/results_strict/revision_20260917_controlled_baselines_v3/final/predictions/cyp2c9_veith/validation_top2_average_seed_101.csv,validation_top2_average,controlled_three_view_pool,2419,0.7436812336831997,3,available estimators/views,fixed three-view pool; fixed linear learner; no adaptive time search,five seed-level prediction arrays generated in revision
AUPRC,202,cyp2c9_veith,/mnt/data/projects/trimole_hybrid_revision_20260915/results_strict/revision_20260917_controlled_baselines_v3/final/predictions/cyp2c9_veith/validation_top2_average_seed_202.csv,validation_top2_average,controlled_three_view_pool,2419,0.731095178812261,3,available estimators/views,fixed three-view pool; fixed linear learner; no adaptive time search,five seed-level prediction arrays generated in revision
AUPRC,303,cyp2c9_veith,/mnt/data/projects/trimole_hybrid_revision_20260915/results_strict/revision_20260917_controlled_baselines_v3/final/predictions/cyp2c9_veith/validation_top2_average_seed_303.csv,validation_top2_average,controlled_three_view_pool,2419,0.7322606156004186,3,available estimators/views,fixed three-view pool; fixed linear learner; no adaptive time search,five seed-level prediction arrays generated in revision
AUPRC,404,cyp2c9_veith,/mnt/data/projects/trimole_hybrid_revision_20260915/results_strict/revision_20260917_controlled_baselines_v3/final/predictions/cyp2c9_veith/validation_top2_average_seed_404.csv,validation_top2_average,controlled_three_view_pool,2419,0.7408979697347535,3,available estimators/views,fixed three-view pool; fixed linear learner; no adaptive time search,five seed-level prediction arrays generated in revision
AUPRC,505,cyp2c9_veith,/mnt/data/projects/trimole_hybrid_revision_20260915/results_strict/revision_20260917_controlled_baselines_v3/final/predictions/cyp2c9_veith/validation_top2_average_seed_505.csv,validation_top2_average,controlled_three_view_pool,2419,0.740636959078352,3,available estimators/views,fixed three-view pool; fixed linear learner; no adaptive time search,five seed-level prediction arrays generated in revision
AUPRC,101,cyp2c9_veith,/mnt/data/projects/trimole_hybrid_revision_20260915/results_strict/revision_20260917_controlled_baselines_v3/final/predictions/cyp2c9_veith/validation_top3_average_seed_101.csv,validation_top3_average,controlled_three_view_pool,2419,0.7549120387498804,3,available estimators/views,fixed three-view pool; fixed linear learner; no adaptive time search,five seed-level prediction arrays generated in revision
AUPRC,202,cyp2c9_veith,/mnt/data/projects/trimole_hybrid_revision_20260915/results_strict/revision_20260917_controlled_baselines_v3/final/predictions/cyp2c9_veith/validation_top3_average_seed_202.csv,validation_top3_average,controlled_three_view_pool,2419,0.7491297660445146,3,available estimators/views,fixed three-view pool; fixed linear learner; no adaptive time search,five seed-level prediction arrays generated in revision
AUPRC,303,cyp2c9_veith,/mnt/data/projects/trimole_hybrid_revision_20260915/results_strict/revision_20260917_controlled_baselines_v3/final/predictions/cyp2c9_veith/validation_top3_average_seed_303.csv,validation_top3_average,controlled_three_view_pool,2419,0.7474211127938362,3,available estimators/views,fixed three-view pool; fixed linear learner; no adaptive time search,five seed-level prediction arrays generated in revision
AUPRC,404,cyp2c9_veith,/mnt/data/projects/trimole_hybrid_revision_20260915/results_strict/revision_20260917_controlled_baselines_v3/final/predictions/cyp2c9_veith/validation_top3_average_seed_404.csv,validation_top3_average,controlled_three_view_pool,2419,0.7519197237943767,3,available estimators/views,fixed three-view pool; fixed linear learner; no adaptive time search,five seed-level prediction arrays generated in revision
AUPRC,505,cyp2c9_veith,/mnt/data/projects/trimole_hybrid_revision_20260915/results_strict/revision_20260917_controlled_baselines_v3/final/predictions/cyp2c9_veith/validation_top3_average_seed_505.csv,validation_top3_average,controlled_three_view_pool,2419,0.7573792006544587,3,available estimators/views,fixed three-view pool; fixed linear learner; no adaptive time search,five seed-level prediction arrays generated in revision
AUPRC,101,cyp2d6_substrate_carbonmangels,/mnt/data/projects/trimole_hybrid_revision_20260915/results_strict/revision_20260917_flaml_matched_v1/final/predictions/cyp2d6_substrate_carbonmangels/seed_101.csv,flaml_automl,matched_budget_automl,135,0.56224122657193,4,available estimators/views,60 seconds and <= 30 iterations per task/seed,five seed-level prediction arrays generated in revision
AUPRC,202,cyp2d6_substrate_carbonmangels,/mnt/data/projects/trimole_hybrid_revision_20260915/results_strict/revision_20260917_flaml_matched_v1/final/predictions/cyp2d6_substrate_carbonmangels/seed_202.csv,flaml_automl,matched_budget_automl,135,0.5336154383762985,4,available estimators/views,60 seconds and <= 30 iterations per task/seed,five seed-level prediction arrays generated in revision
AUPRC,303,cyp2d6_substrate_carbonmangels,/mnt/data/projects/trimole_hybrid_revision_20260915/results_strict/revision_20260917_flaml_matched_v1/final/predictions/cyp2d6_substrate_carbonmangels/seed_303.csv,flaml_automl,matched_budget_automl,135,0.6391954866227407,4,available estimators/views,60 seconds and <= 30 iterations per task/seed,five seed-level prediction arrays generated in revision
AUPRC,404,cyp2d6_substrate_carbonmangels,/mnt/data/projects/trimole_hybrid_revision_20260915/results_strict/revision_20260917_flaml_matched_v1/final/predictions/cyp2d6_substrate_carbonmangels/seed_404.csv,flaml_automl,matched_budget_automl,135,0.5537137351107351,4,available estimators/views,60 seconds and <= 30 iterations per task/seed,five seed-level prediction arrays generated in revision
AUPRC,505,cyp2d6_substrate_carbonmangels,/mnt/data/projects/trimole_hybrid_revision_20260915/results_strict/revision_20260917_flaml_matched_v1/final/predictions/cyp2d6_substrate_carbonmangels/seed_505.csv,flaml_automl,matched_budget_automl,135,0.584466148084803,4,available estimators/views,60 seconds and <= 30 iterations per task/seed,five seed-level prediction arrays generated in revision
AUPRC,101,cyp2d6_substrate_carbonmangels,/mnt/data/projects/trimole_hybrid_revision_20260915/results_strict/revision_20260917_controlled_baselines_v3/final/predictions/cyp2d6_substrate_carbonmangels/global_single_seed_101.csv,global_single,controlled_three_view_pool,135,0.4580487594365191,3,available estimators/views,fixed three-view pool; fixed linear learner; no adaptive time search,five seed-level prediction arrays generated in revision
AUPRC,202,cyp2d6_substrate_carbonmangels,/mnt/data/projects/trimole_hybrid_revision_20260915/results_strict/revision_20260917_controlled_baselines_v3/final/predictions/cyp2d6_substrate_carbonmangels/global_single_seed_202.csv,global_single,controlled_three_view_pool,135,0.46564539203006616,3,available estimators/views,fixed three-view pool; fixed linear learner; no adaptive time search,five seed-level prediction arrays generated in revision
AUPRC,303,cyp2d6_substrate_carbonmangels,/mnt/data/projects/trimole_hybrid_revision_20260915/results_strict/revision_20260917_controlled_baselines_v3/final/predictions/cyp2d6_substrate_carbonmangels/global_single_seed_303.csv,global_single,controlled_three_view_pool,135,0.4628653479185961,3,available estimators/views,fixed three-view pool; fixed linear learner; no adaptive time search,five seed-level prediction arrays generated in revision
AUPRC,404,cyp2d6_substrate_carbonmangels,/mnt/data/projects/trimole_hybrid_revision_20260915/results_strict/revision_20260917_controlled_baselines_v3/final/predictions/cyp2d6_substrate_carbonmangels/global_single_seed_404.csv,global_single,controlled_three_view_pool,135,0.45816965888065,3,available estimators/views,fixed three-view pool; fixed linear learner; no adaptive time search,five seed-level prediction arrays generated in revision
AUPRC,505,cyp2d6_substrate_carbonmangels,/mnt/data/projects/trimole_hybrid_revision_20260915/results_strict/revision_20260917_controlled_baselines_v3/final/predictions/cyp2d6_substrate_carbonmangels/global_single_seed_505.csv,global_single,controlled_three_view_pool,135,0.4472397710669078,3,available estimators/views,fixed three-view pool; fixed linear learner; no adaptive time search,five seed-level prediction arrays generated in revision
AUPRC,101,cyp2d6_substrate_carbonmangels,/mnt/data/projects/trimole_hybrid_revision_20260915/results_strict/revision_20260917_controlled_baselines_v3/final/predictions/cyp2d6_substrate_carbonmangels/oof_stacking_seed_101.csv,oof_stacking,controlled_three_view_pool,135,0.5824707951738868,3,available estimators/views,fixed three-view pool; fixed linear learner; no adaptive time search,five seed-level prediction arrays generated in revision
AUPRC,202,cyp2d6_substrate_carbonmangels,/mnt/data/projects/trimole_hybrid_revision_20260915/results_strict/revision_20260917_controlled_baselines_v3/final/predictions/cyp2d6_substrate_carbonmangels/oof_stacking_seed_202.csv,oof_stacking,controlled_three_view_pool,135,0.5511435024884486,3,available estimators/views,fixed three-view pool; fixed linear learner; no adaptive time search,five seed-level prediction arrays generated in revision
AUPRC,303,cyp2d6_substrate_carbonmangels,/mnt/data/projects/trimole_hybrid_revision_20260915/results_strict/revision_20260917_controlled_baselines_v3/final/predictions/cyp2d6_substrate_carbonmangels/oof_stacking_seed_303.csv,oof_stacking,controlled_three_view_pool,135,0.5362805539382031,3,available estimators/views,fixed three-view pool; fixed linear learner; no adaptive time search,five seed-level prediction arrays generated in revision
AUPRC,404,cyp2d6_substrate_carbonmangels,/mnt/data/projects/trimole_hybrid_revision_20260915/results_strict/revision_20260917_controlled_baselines_v3/final/predictions/cyp2d6_substrate_carbonmangels/oof_stacking_seed_404.csv,oof_stacking,controlled_three_view_pool,135,0.5801224731752612,3,available estimators/views,fixed three-view pool; fixed linear learner; no adaptive time search,five seed-level prediction arrays generated in revision
AUPRC,505,cyp2d6_substrate_carbonmangels,/mnt/data/projects/trimole_hybrid_revision_20260915/results_strict/revision_20260917_controlled_baselines_v3/final/predictions/cyp2d6_substrate_carbonmangels/oof_stacking_seed_505.csv,oof_stacking,controlled_three_view_pool,135,0.5276771766104763,3,available estimators/views,fixed three-view pool; fixed linear learner; no adaptive time search,five seed-level prediction arrays generated in revision
AUPRC,101,cyp2d6_substrate_carbonmangels,/mnt/data/projects/trimole_hybrid_revision_20260915/results_strict/revision_20260917_controlled_baselines_v3/final/predictions/cyp2d6_substrate_carbonmangels/per_task_single_seed_101.csv,per_task_single,controlled_three_view_pool,135,0.5183825196065098,3,available estimators/views,fixed three-view pool; fixed linear learner; no adaptive time search,five seed-level prediction arrays generated in revision
AUPRC,202,cyp2d6_substrate_carbonmangels,/mnt/data/projects/trimole_hybrid_revision_20260915/results_strict/revision_20260917_controlled_baselines_v3/final/predictions/cyp2d6_substrate_carbonmangels/per_task_single_seed_202.csv,per_task_single,controlled_three_view_pool,135,0.4875881690382375,3,available estimators/views,fixed three-view pool; fixed linear learner; no adaptive time search,five seed-level prediction arrays generated in revision
AUPRC,303,cyp2d6_substrate_carbonmangels,/mnt/data/projects/trimole_hybrid_revision_20260915/results_strict/revision_20260917_controlled_baselines_v3/final/predictions/cyp2d6_substrate_carbonmangels/per_task_single_seed_303.csv,per_task_single,controlled_three_view_pool,135,0.4658914728682171,3,available estimators/views,fixed three-view pool; fixed linear learner; no adaptive time search,five seed-level prediction arrays generated in revision
AUPRC,404,cyp2d6_substrate_carbonmangels,/mnt/data/projects/trimole_hybrid_revision_20260915/results_strict/revision_20260917_controlled_baselines_v3/final/predictions/cyp2d6_substrate_carbonmangels/per_task_single_seed_404.csv,per_task_single,controlled_three_view_pool,135,0.4871966357602472,3,available estimators/views,fixed three-view pool; fixed linear learner; no adaptive time search,five seed-level prediction arrays generated in revision
AUPRC,505,cyp2d6_substrate_carbonmangels,/mnt/data/projects/trimole_hybrid_revision_20260915/results_strict/revision_20260917_controlled_baselines_v3/final/predictions/cyp2d6_substrate_carbonmangels/per_task_single_seed_505.csv,per_task_single,controlled_three_view_pool,135,0.48389319552110255,3,available estimators/views,fixed three-view pool; fixed linear learner; no adaptive time search,five seed-level prediction arrays generated in revision
AUPRC,5,cyp2d6_substrate_carbonmangels,/mnt/data/projects/trimole_hybrid_revision_20260915/manuscript_revision/trimole_prediction_manifest_20260917/predictions/cyp2d6_substrate_carbonmangels/seed_5.csv,trimole_hybrid,submitted_taskwise_system,135,0.7478487015653195,6,formal audited variants,historical validation-only search; six formal variants audited,five seed-level prediction arrays archived
AUPRC,15,cyp2d6_substrate_carbonmangels,/mnt/data/projects/trimole_hybrid_revision_20260915/manuscript_revision/trimole_prediction_manifest_20260917/predictions/cyp2d6_substrate_carbonmangels/seed_15.csv,trimole_hybrid,submitted_taskwise_system,135,0.7479355324329268,6,formal audited variants,historical validation-only search; six formal variants audited,five seed-level prediction arrays archived
AUPRC,25,cyp2d6_substrate_carbonmangels,/mnt/data/projects/trimole_hybrid_revision_20260915/manuscript_revision/trimole_prediction_manifest_20260917/predictions/cyp2d6_substrate_carbonmangels/seed_25.csv,trimole_hybrid,submitted_taskwise_system,135,0.7622508452259793,6,formal audited variants,historical validation-only search; six formal variants audited,five seed-level prediction arrays archived
AUPRC,35,cyp2d6_substrate_carbonmangels,/mnt/data/projects/trimole_hybrid_revision_20260915/manuscript_revision/trimole_prediction_manifest_20260917/predictions/cyp2d6_substrate_carbonmangels/seed_35.csv,trimole_hybrid,submitted_taskwise_system,135,0.7357311920586932,6,formal audited variants,historical validation-only search; six formal variants audited,five seed-level prediction arrays archived
AUPRC,45,cyp2d6_substrate_carbonmangels,/mnt/data/projects/trimole_hybrid_revision_20260915/manuscript_revision/trimole_prediction_manifest_20260917/predictions/cyp2d6_substrate_carbonmangels/seed_45.csv,trimole_hybrid,submitted_taskwise_system,135,0.7438889725171235,6,formal audited variants,historical validation-only search; six formal variants audited,five seed-level prediction arrays archived
AUPRC,101,cyp2d6_substrate_carbonmangels,/mnt/data/projects/trimole_hybrid_revision_20260915/results_strict/revision_20260917_controlled_baselines_v3/final/predictions/cyp2d6_substrate_carbonmangels/uniform_average_seed_101.csv,uniform_average,controlled_three_view_pool,135,0.5539122023961867,3,available estimators/views,fixed three-view pool; fixed linear learner; no adaptive time search,five seed-level prediction arrays generated in revision
AUPRC,202,cyp2d6_substrate_carbonmangels,/mnt/data/projects/trimole_hybrid_revision_20260915/results_strict/revision_20260917_controlled_baselines_v3/final/predictions/cyp2d6_substrate_carbonmangels/uniform_average_seed_202.csv,uniform_average,controlled_three_view_pool,135,0.5596389322460369,3,available estimators/views,fixed three-view pool; fixed linear learner; no adaptive time search,five seed-level prediction arrays generated in revision
AUPRC,303,cyp2d6_substrate_carbonmangels,/mnt/data/projects/trimole_hybrid_revision_20260915/results_strict/revision_20260917_controlled_baselines_v3/final/predictions/cyp2d6_substrate_carbonmangels/uniform_average_seed_303.csv,uniform_average,controlled_three_view_pool,135,0.5302139058395068,3,available estimators/views,fixed three-view pool; fixed linear learner; no adaptive time search,five seed-level prediction arrays generated in revision
AUPRC,404,cyp2d6_substrate_carbonmangels,/mnt/data/projects/trimole_hybrid_revision_20260915/results_strict/revision_20260917_controlled_baselines_v3/final/predictions/cyp2d6_substrate_carbonmangels/uniform_average_seed_404.csv,uniform_average,controlled_three_view_pool,135,0.5675684135755645,3,available estimators/views,fixed three-view pool; fixed linear learner; no adaptive time search,five seed-level prediction arrays generated in revision
AUPRC,505,cyp2d6_substrate_carbonmangels,/mnt/data/projects/trimole_hybrid_revision_20260915/results_strict/revision_20260917_controlled_baselines_v3/final/predictions/cyp2d6_substrate_carbonmangels/uniform_average_seed_505.csv,uniform_average,controlled_three_view_pool,135,0.5268165146939325,3,available estimators/views,fixed three-view pool; fixed linear learner; no adaptive time search,five seed-level prediction arrays generated in revision
AUPRC,101,cyp2d6_substrate_carbonmangels,/mnt/data/projects/trimole_hybrid_revision_20260915/results_strict/revision_20260917_controlled_baselines_v3/final/predictions/cyp2d6_substrate_carbonmangels/validation_top2_average_seed_101.csv,validation_top2_average,controlled_three_view_pool,135,0.5454584770319547,3,available estimators/views,fixed three-view pool; fixed linear learner; no adaptive time search,five seed-level prediction arrays generated in revision
AUPRC,202,cyp2d6_substrate_carbonmangels,/mnt/data/projects/trimole_hybrid_revision_20260915/results_strict/revision_20260917_controlled_baselines_v3/final/predictions/cyp2d6_substrate_carbonmangels/validation_top2_average_seed_202.csv,validation_top2_average,controlled_three_view_pool,135,0.5371927832185792,3,available estimators/views,fixed three-view pool; fixed linear learner; no adaptive time search,five seed-level prediction arrays generated in revision
AUPRC,303,cyp2d6_substrate_carbonmangels,/mnt/data/projects/trimole_hybrid_revision_20260915/results_strict/revision_20260917_controlled_baselines_v3/final/predictions/cyp2d6_substrate_carbonmangels/validation_top2_average_seed_303.csv,validation_top2_average,controlled_three_view_pool,135,0.5122672663034487,3,available estimators/views,fixed three-view pool; fixed linear learner; no adaptive time search,five seed-level prediction arrays generated in revision
AUPRC,404,cyp2d6_substrate_carbonmangels,/mnt/data/projects/trimole_hybrid_revision_20260915/results_strict/revision_20260917_controlled_baselines_v3/final/predictions/cyp2d6_substrate_carbonmangels/validation_top2_average_seed_404.csv,validation_top2_average,controlled_three_view_pool,135,0.5364056261524224,3,available estimators/views,fixed three-view pool; fixed linear learner; no adaptive time search,five seed-level prediction arrays generated in revision
AUPRC,505,cyp2d6_substrate_carbonmangels,/mnt/data/projects/trimole_hybrid_revision_20260915/results_strict/revision_20260917_controlled_baselines_v3/final/predictions/cyp2d6_substrate_carbonmangels/validation_top2_average_seed_505.csv,validation_top2_average,controlled_three_view_pool,135,0.5131476367066616,3,available estimators/views,fixed three-view pool; fixed linear learner; no adaptive time search,five seed-level prediction arrays generated in revision
AUPRC,101,cyp2d6_substrate_carbonmangels,/mnt/data/projects/trimole_hybrid_revision_20260915/results_strict/revision_20260917_controlled_baselines_v3/final/predictions/cyp2d6_substrate_carbonmangels/validation_top3_average_seed_101.csv,validation_top3_average,controlled_three_view_pool,135,0.5539122023961867,3,available estimators/views,fixed three-view pool; fixed linear learner; no adaptive time search,five seed-level prediction arrays generated in revision
AUPRC,202,cyp2d6_substrate_carbonmangels,/mnt/data/projects/trimole_hybrid_revision_20260915/results_strict/revision_20260917_controlled_baselines_v3/final/predictions/cyp2d6_substrate_carbonmangels/validation_top3_average_seed_202.csv,validation_top3_average,controlled_three_view_pool,135,0.5596389322460369,3,available estimators/views,fixed three-view pool; fixed linear learner; no adaptive time search,five seed-level prediction arrays generated in revision
AUPRC,303,cyp2d6_substrate_carbonmangels,/mnt/data/projects/trimole_hybrid_revision_20260915/results_strict/revision_20260917_controlled_baselines_v3/final/predictions/cyp2d6_substrate_carbonmangels/validation_top3_average_seed_303.csv,validation_top3_average,controlled_three_view_pool,135,0.5302139058395068,3,available estimators/views,fixed three-view pool; fixed linear learner; no adaptive time search,five seed-level prediction arrays generated in revision
AUPRC,404,cyp2d6_substrate_carbonmangels,/mnt/data/projects/trimole_hybrid_revision_20260915/results_strict/revision_20260917_controlled_baselines_v3/final/predictions/cyp2d6_substrate_carbonmangels/validation_top3_average_seed_404.csv,validation_top3_average,controlled_three_view_pool,135,0.5675684135755645,3,available estimators/views,fixed three-view pool; fixed linear learner; no adaptive time search,five seed-level prediction arrays generated in revision
AUPRC,505,cyp2d6_substrate_carbonmangels,/mnt/data/projects/trimole_hybrid_revision_20260915/results_strict/revision_20260917_controlled_baselines_v3/final/predictions/cyp2d6_substrate_carbonmangels/validation_top3_average_seed_505.csv,validation_top3_average,controlled_three_view_pool,135,0.5268165146939325,3,available estimators/views,fixed three-view pool; fixed linear learner; no adaptive time search,five seed-level prediction arrays generated in revision
AUPRC,101,cyp2d6_veith,/mnt/data/projects/trimole_hybrid_revision_20260915/results_strict/revision_20260917_flaml_matched_v1/final/predictions/cyp2d6_veith/seed_101.csv,flaml_automl,matched_budget_automl,2626,0.643268747886464,4,available estimators/views,60 seconds and <= 30 iterations per task/seed,five seed-level prediction arrays generated in revision
AUPRC,202,cyp2d6_veith,/mnt/data/projects/trimole_hybrid_revision_20260915/results_strict/revision_20260917_flaml_matched_v1/final/predictions/cyp2d6_veith/seed_202.csv,flaml_automl,matched_budget_automl,2626,0.6071742599112124,4,available estimators/views,60 seconds and <= 30 iterations per task/seed,five seed-level prediction arrays generated in revision
AUPRC,303,cyp2d6_veith,/mnt/data/projects/trimole_hybrid_revision_20260915/results_strict/revision_20260917_flaml_matched_v1/final/predictions/cyp2d6_veith/seed_303.csv,flaml_automl,matched_budget_automl,2626,0.6650844475301938,4,available estimators/views,60 seconds and <= 30 iterations per task/seed,five seed-level prediction arrays generated in revision
AUPRC,404,cyp2d6_veith,/mnt/data/projects/trimole_hybrid_revision_20260915/results_strict/revision_20260917_flaml_matched_v1/final/predictions/cyp2d6_veith/seed_404.csv,flaml_automl,matched_budget_automl,2626,0.6647664444270203,4,available estimators/views,60 seconds and <= 30 iterations per task/seed,five seed-level prediction arrays generated in revision
AUPRC,505,cyp2d6_veith,/mnt/data/projects/trimole_hybrid_revision_20260915/results_strict/revision_20260917_flaml_matched_v1/final/predictions/cyp2d6_veith/seed_505.csv,flaml_automl,matched_budget_automl,2626,0.6648225372256651,4,available estimators/views,60 seconds and <= 30 iterations per task/seed,five seed-level prediction arrays generated in revision
AUPRC,101,cyp2d6_veith,/mnt/data/projects/trimole_hybrid_revision_20260915/results_strict/revision_20260917_controlled_baselines_v3/final/predictions/cyp2d6_veith/global_single_seed_101.csv,global_single,controlled_three_view_pool,2626,0.47736886617332863,3,available estimators/views,fixed three-view pool; fixed linear learner; no adaptive time search,five seed-level prediction arrays generated in revision
AUPRC,202,cyp2d6_veith,/mnt/data/projects/trimole_hybrid_revision_20260915/results_strict/revision_20260917_controlled_baselines_v3/final/predictions/cyp2d6_veith/global_single_seed_202.csv,global_single,controlled_three_view_pool,2626,0.5230434067194585,3,available estimators/views,fixed three-view pool; fixed linear learner; no adaptive time search,five seed-level prediction arrays generated in revision
AUPRC,303,cyp2d6_veith,/mnt/data/projects/trimole_hybrid_revision_20260915/results_strict/revision_20260917_controlled_baselines_v3/final/predictions/cyp2d6_veith/global_single_seed_303.csv,global_single,controlled_three_view_pool,2626,0.4791485409071638,3,available estimators/views,fixed three-view pool; fixed linear learner; no adaptive time search,five seed-level prediction arrays generated in revision
AUPRC,404,cyp2d6_veith,/mnt/data/projects/trimole_hybrid_revision_20260915/results_strict/revision_20260917_controlled_baselines_v3/final/predictions/cyp2d6_veith/global_single_seed_404.csv,global_single,controlled_three_view_pool,2626,0.4977470405339237,3,available estimators/views,fixed three-view pool; fixed linear learner; no adaptive time search,five seed-level prediction arrays generated in revision
AUPRC,505,cyp2d6_veith,/mnt/data/projects/trimole_hybrid_revision_20260915/results_strict/revision_20260917_controlled_baselines_v3/final/predictions/cyp2d6_veith/global_single_seed_505.csv,global_single,controlled_three_view_pool,2626,0.4883742485692645,3,available estimators/views,fixed three-view pool; fixed linear learner; no adaptive time search,five seed-level prediction arrays generated in revision
AUPRC,101,cyp2d6_veith,/mnt/data/projects/trimole_hybrid_revision_20260915/results_strict/revision_20260917_controlled_baselines_v3/final/predictions/cyp2d6_veith/oof_stacking_seed_101.csv,oof_stacking,controlled_three_view_pool,2626,0.6498677522563447,3,available estimators/views,fixed three-view pool; fixed linear learner; no adaptive time search,five seed-level prediction arrays generated in revision
AUPRC,202,cyp2d6_veith,/mnt/data/projects/trimole_hybrid_revision_20260915/results_strict/revision_20260917_controlled_baselines_v3/final/predictions/cyp2d6_veith/oof_stacking_seed_202.csv,oof_stacking,controlled_three_view_pool,2626,0.6544952514826514,3,available estimators/views,fixed three-view pool; fixed linear learner; no adaptive time search,five seed-level prediction arrays generated in revision
AUPRC,303,cyp2d6_veith,/mnt/data/projects/trimole_hybrid_revision_20260915/results_strict/revision_20260917_controlled_baselines_v3/final/predictions/cyp2d6_veith/oof_stacking_seed_303.csv,oof_stacking,controlled_three_view_pool,2626,0.6423200471744651,3,available estimators/views,fixed three-view pool; fixed linear learner; no adaptive time search,five seed-level prediction arrays generated in revision
AUPRC,404,cyp2d6_veith,/mnt/data/projects/trimole_hybrid_revision_20260915/results_strict/revision_20260917_controlled_baselines_v3/final/predictions/cyp2d6_veith/oof_stacking_seed_404.csv,oof_stacking,controlled_three_view_pool,2626,0.6549470878216499,3,available estimators/views,fixed three-view pool; fixed linear learner; no adaptive time search,five seed-level prediction arrays generated in revision
AUPRC,505,cyp2d6_veith,/mnt/data/projects/trimole_hybrid_revision_20260915/results_strict/revision_20260917_controlled_baselines_v3/final/predictions/cyp2d6_veith/oof_stacking_seed_505.csv,oof_stacking,controlled_three_view_pool,2626,0.649626063147296,3,available estimators/views,fixed three-view pool; fixed linear learner; no adaptive time search,five seed-level prediction arrays generated in revision
AUPRC,101,cyp2d6_veith,/mnt/data/projects/trimole_hybrid_revision_20260915/results_strict/revision_20260917_controlled_baselines_v3/final/predictions/cyp2d6_veith/per_task_single_seed_101.csv,per_task_single,controlled_three_view_pool,2626,0.47736886617332863,3,available estimators/views,fixed three-view pool; fixed linear learner; no adaptive time search,five seed-level prediction arrays generated in revision
AUPRC,202,cyp2d6_veith,/mnt/data/projects/trimole_hybrid_revision_20260915/results_strict/revision_20260917_controlled_baselines_v3/final/predictions/cyp2d6_veith/per_task_single_seed_202.csv,per_task_single,controlled_three_view_pool,2626,0.5230434067194585,3,available estimators/views,fixed three-view pool; fixed linear learner; no adaptive time search,five seed-level prediction arrays generated in revision
AUPRC,303,cyp2d6_veith,/mnt/data/projects/trimole_hybrid_revision_20260915/results_strict/revision_20260917_controlled_baselines_v3/final/predictions/cyp2d6_veith/per_task_single_seed_303.csv,per_task_single,controlled_three_view_pool,2626,0.4791485409071638,3,available estimators/views,fixed three-view pool; fixed linear learner; no adaptive time search,five seed-level prediction arrays generated in revision
AUPRC,404,cyp2d6_veith,/mnt/data/projects/trimole_hybrid_revision_20260915/results_strict/revision_20260917_controlled_baselines_v3/final/predictions/cyp2d6_veith/per_task_single_seed_404.csv,per_task_single,controlled_three_view_pool,2626,0.4977470405339237,3,available estimators/views,fixed three-view pool; fixed linear learner; no adaptive time search,five seed-level prediction arrays generated in revision
AUPRC,505,cyp2d6_veith,/mnt/data/projects/trimole_hybrid_revision_20260915/results_strict/revision_20260917_controlled_baselines_v3/final/predictions/cyp2d6_veith/per_task_single_seed_505.csv,per_task_single,controlled_three_view_pool,2626,0.4883742485692645,3,available estimators/views,fixed three-view pool; fixed linear learner; no adaptive time search,five seed-level prediction arrays generated in revision
AUPRC,1,cyp2d6_veith,/mnt/data/projects/trimole_hybrid_revision_20260915/manuscript_revision/trimole_prediction_manifest_20260917/predictions/cyp2d6_veith/seed_1.csv,trimole_hybrid,submitted_taskwise_system,2626,0.7215777502547901,6,formal audited variants,historical validation-only search; six formal variants audited,five seed-level prediction arrays archived
AUPRC,2,cyp2d6_veith,/mnt/data/projects/trimole_hybrid_revision_20260915/manuscript_revision/trimole_prediction_manifest_20260917/predictions/cyp2d6_veith/seed_2.csv,trimole_hybrid,submitted_taskwise_system,2626,0.7148431523413046,6,formal audited variants,historical validation-only search; six formal variants audited,five seed-level prediction arrays archived
AUPRC,3,cyp2d6_veith,/mnt/data/projects/trimole_hybrid_revision_20260915/manuscript_revision/trimole_prediction_manifest_20260917/predictions/cyp2d6_veith/seed_3.csv,trimole_hybrid,submitted_taskwise_system,2626,0.7122459264671253,6,formal audited variants,historical validation-only search; six formal variants audited,five seed-level prediction arrays archived
AUPRC,4,cyp2d6_veith,/mnt/data/projects/trimole_hybrid_revision_20260915/manuscript_revision/trimole_prediction_manifest_20260917/predictions/cyp2d6_veith/seed_4.csv,trimole_hybrid,submitted_taskwise_system,2626,0.7213492384900042,6,formal audited variants,historical validation-only search; six formal variants audited,five seed-level prediction arrays archived
AUPRC,5,cyp2d6_veith,/mnt/data/projects/trimole_hybrid_revision_20260915/manuscript_revision/trimole_prediction_manifest_20260917/predictions/cyp2d6_veith/seed_5.csv,trimole_hybrid,submitted_taskwise_system,2626,0.7258213964249156,6,formal audited variants,historical validation-only search; six formal variants audited,five seed-level prediction arrays archived
AUPRC,101,cyp2d6_veith,/mnt/data/projects/trimole_hybrid_revision_20260915/results_strict/revision_20260917_controlled_baselines_v3/final/predictions/cyp2d6_veith/uniform_average_seed_101.csv,uniform_average,controlled_three_view_pool,2626,0.6419379932112176,3,available estimators/views,fixed three-view pool; fixed linear learner; no adaptive time search,five seed-level prediction arrays generated in revision
AUPRC,202,cyp2d6_veith,/mnt/data/projects/trimole_hybrid_revision_20260915/results_strict/revision_20260917_controlled_baselines_v3/final/predictions/cyp2d6_veith/uniform_average_seed_202.csv,uniform_average,controlled_three_view_pool,2626,0.645971188813456,3,available estimators/views,fixed three-view pool; fixed linear learner; no adaptive time search,five seed-level prediction arrays generated in revision
AUPRC,303,cyp2d6_veith,/mnt/data/projects/trimole_hybrid_revision_20260915/results_strict/revision_20260917_controlled_baselines_v3/final/predictions/cyp2d6_veith/uniform_average_seed_303.csv,uniform_average,controlled_three_view_pool,2626,0.6369159427436591,3,available estimators/views,fixed three-view pool; fixed linear learner; no adaptive time search,five seed-level prediction arrays generated in revision
AUPRC,404,cyp2d6_veith,/mnt/data/projects/trimole_hybrid_revision_20260915/results_strict/revision_20260917_controlled_baselines_v3/final/predictions/cyp2d6_veith/uniform_average_seed_404.csv,uniform_average,controlled_three_view_pool,2626,0.6463202971343966,3,available estimators/views,fixed three-view pool; fixed linear learner; no adaptive time search,five seed-level prediction arrays generated in revision
AUPRC,505,cyp2d6_veith,/mnt/data/projects/trimole_hybrid_revision_20260915/results_strict/revision_20260917_controlled_baselines_v3/final/predictions/cyp2d6_veith/uniform_average_seed_505.csv,uniform_average,controlled_three_view_pool,2626,0.6421831164463062,3,available estimators/views,fixed three-view pool; fixed linear learner; no adaptive time search,five seed-level prediction arrays generated in revision
AUPRC,101,cyp2d6_veith,/mnt/data/projects/trimole_hybrid_revision_20260915/results_strict/revision_20260917_controlled_baselines_v3/final/predictions/cyp2d6_veith/validation_top2_average_seed_101.csv,validation_top2_average,controlled_three_view_pool,2626,0.6232306766233465,3,available estimators/views,fixed three-view pool; fixed linear learner; no adaptive time search,five seed-level prediction arrays generated in revision
AUPRC,202,cyp2d6_veith,/mnt/data/projects/trimole_hybrid_revision_20260915/results_strict/revision_20260917_controlled_baselines_v3/final/predictions/cyp2d6_veith/validation_top2_average_seed_202.csv,validation_top2_average,controlled_three_view_pool,2626,0.642987046064868,3,available estimators/views,fixed three-view pool; fixed linear learner; no adaptive time search,five seed-level prediction arrays generated in revision
AUPRC,303,cyp2d6_veith,/mnt/data/projects/trimole_hybrid_revision_20260915/results_strict/revision_20260917_controlled_baselines_v3/final/predictions/cyp2d6_veith/validation_top2_average_seed_303.csv,validation_top2_average,controlled_three_view_pool,2626,0.6268806940430254,3,available estimators/views,fixed three-view pool; fixed linear learner; no adaptive time search,five seed-level prediction arrays generated in revision
AUPRC,404,cyp2d6_veith,/mnt/data/projects/trimole_hybrid_revision_20260915/results_strict/revision_20260917_controlled_baselines_v3/final/predictions/cyp2d6_veith/validation_top2_average_seed_404.csv,validation_top2_average,controlled_three_view_pool,2626,0.644959816748535,3,available estimators/views,fixed three-view pool; fixed linear learner; no adaptive time search,five seed-level prediction arrays generated in revision
AUPRC,505,cyp2d6_veith,/mnt/data/projects/trimole_hybrid_revision_20260915/results_strict/revision_20260917_controlled_baselines_v3/final/predictions/cyp2d6_veith/validation_top2_average_seed_505.csv,validation_top2_average,controlled_three_view_pool,2626,0.6289791944349189,3,available estimators/views,fixed three-view pool; fixed linear learner; no adaptive time search,five seed-level prediction arrays generated in revision
AUPRC,101,cyp2d6_veith,/mnt/data/projects/trimole_hybrid_revision_20260915/results_strict/revision_20260917_controlled_baselines_v3/final/predictions/cyp2d6_veith/validation_top3_average_seed_101.csv,validation_top3_average,controlled_three_view_pool,2626,0.6419379932112176,3,available estimators/views,fixed three-view pool; fixed linear learner; no adaptive time search,five seed-level prediction arrays generated in revision
AUPRC,202,cyp2d6_veith,/mnt/data/projects/trimole_hybrid_revision_20260915/results_strict/revision_20260917_controlled_baselines_v3/final/predictions/cyp2d6_veith/validation_top3_average_seed_202.csv,validation_top3_average,controlled_three_view_pool,2626,0.645971188813456,3,available estimators/views,fixed three-view pool; fixed linear learner; no adaptive time search,five seed-level prediction arrays generated in revision
AUPRC,303,cyp2d6_veith,/mnt/data/projects/trimole_hybrid_revision_20260915/results_strict/revision_20260917_controlled_baselines_v3/final/predictions/cyp2d6_veith/validation_top3_average_seed_303.csv,validation_top3_average,controlled_three_view_pool,2626,0.6369159427436591,3,available estimators/views,fixed three-view pool; fixed linear learner; no adaptive time search,five seed-level prediction arrays generated in revision
AUPRC,404,cyp2d6_veith,/mnt/data/projects/trimole_hybrid_revision_20260915/results_strict/revision_20260917_controlled_baselines_v3/final/predictions/cyp2d6_veith/validation_top3_average_seed_404.csv,validation_top3_average,controlled_three_view_pool,2626,0.6463202971343966,3,available estimators/views,fixed three-view pool; fixed linear learner; no adaptive time search,five seed-level prediction arrays generated in revision
AUPRC,505,cyp2d6_veith,/mnt/data/projects/trimole_hybrid_revision_20260915/results_strict/revision_20260917_controlled_baselines_v3/final/predictions/cyp2d6_veith/validation_top3_average_seed_505.csv,validation_top3_average,controlled_three_view_pool,2626,0.6421831164463062,3,available estimators/views,fixed three-view pool; fixed linear learner; no adaptive time search,five seed-level prediction arrays generated in revision
AUROC,101,cyp3a4_substrate_carbonmangels,/mnt/data/projects/trimole_hybrid_revision_20260915/results_strict/revision_20260917_flaml_matched_v1/final/predictions/cyp3a4_substrate_carbonmangels/seed_101.csv,flaml_automl,matched_budget_automl,135,0.6182188065099459,4,available estimators/views,60 seconds and <= 30 iterations per task/seed,five seed-level prediction arrays generated in revision
AUROC,202,cyp3a4_substrate_carbonmangels,/mnt/data/projects/trimole_hybrid_revision_20260915/results_strict/revision_20260917_flaml_matched_v1/final/predictions/cyp3a4_substrate_carbonmangels/seed_202.csv,flaml_automl,matched_budget_automl,135,0.6782323688969257,4,available estimators/views,60 seconds and <= 30 iterations per task/seed,five seed-level prediction arrays generated in revision
AUROC,303,cyp3a4_substrate_carbonmangels,/mnt/data/projects/trimole_hybrid_revision_20260915/results_strict/revision_20260917_flaml_matched_v1/final/predictions/cyp3a4_substrate_carbonmangels/seed_303.csv,flaml_automl,matched_budget_automl,135,0.6248869801084991,4,available estimators/views,60 seconds and <= 30 iterations per task/seed,five seed-level prediction arrays generated in revision
AUROC,404,cyp3a4_substrate_carbonmangels,/mnt/data/projects/trimole_hybrid_revision_20260915/results_strict/revision_20260917_flaml_matched_v1/final/predictions/cyp3a4_substrate_carbonmangels/seed_404.csv,flaml_automl,matched_budget_automl,135,0.6295207956600362,4,available estimators/views,60 seconds and <= 30 iterations per task/seed,five seed-level prediction arrays generated in revision
AUROC,505,cyp3a4_substrate_carbonmangels,/mnt/data/projects/trimole_hybrid_revision_20260915/results_strict/revision_20260917_flaml_matched_v1/final/predictions/cyp3a4_substrate_carbonmangels/seed_505.csv,flaml_automl,matched_budget_automl,135,0.6514466546112117,4,available estimators/views,60 seconds and <= 30 iterations per task/seed,five seed-level prediction arrays generated in revision
AUROC,101,cyp3a4_substrate_carbonmangels,/mnt/data/projects/trimole_hybrid_revision_20260915/results_strict/revision_20260917_controlled_baselines_v3/final/predictions/cyp3a4_substrate_carbonmangels/global_single_seed_101.csv,global_single,controlled_three_view_pool,135,0.6146021699819167,3,available estimators/views,fixed three-view pool; fixed linear learner; no adaptive time search,five seed-level prediction arrays generated in revision
AUROC,202,cyp3a4_substrate_carbonmangels,/mnt/data/projects/trimole_hybrid_revision_20260915/results_strict/revision_20260917_controlled_baselines_v3/final/predictions/cyp3a4_substrate_carbonmangels/global_single_seed_202.csv,global_single,controlled_three_view_pool,135,0.6254520795660037,3,available estimators/views,fixed three-view pool; fixed linear learner; no adaptive time search,five seed-level prediction arrays generated in revision
AUROC,303,cyp3a4_substrate_carbonmangels,/mnt/data/projects/trimole_hybrid_revision_20260915/results_strict/revision_20260917_controlled_baselines_v3/final/predictions/cyp3a4_substrate_carbonmangels/global_single_seed_303.csv,global_single,controlled_three_view_pool,135,0.6088381555153708,3,available estimators/views,fixed three-view pool; fixed linear learner; no adaptive time search,five seed-level prediction arrays generated in revision
AUROC,404,cyp3a4_substrate_carbonmangels,/mnt/data/projects/trimole_hybrid_revision_20260915/results_strict/revision_20260917_controlled_baselines_v3/final/predictions/cyp3a4_substrate_carbonmangels/global_single_seed_404.csv,global_single,controlled_three_view_pool,135,0.619122965641953,3,available estimators/views,fixed three-view pool; fixed linear learner; no adaptive time search,five seed-level prediction arrays generated in revision
AUROC,505,cyp3a4_substrate_carbonmangels,/mnt/data/projects/trimole_hybrid_revision_20260915/results_strict/revision_20260917_controlled_baselines_v3/final/predictions/cyp3a4_substrate_carbonmangels/global_single_seed_505.csv,global_single,controlled_three_view_pool,135,0.6164104882459314,3,available estimators/views,fixed three-view pool; fixed linear learner; no adaptive time search,five seed-level prediction arrays generated in revision
AUROC,101,cyp3a4_substrate_carbonmangels,/mnt/data/projects/trimole_hybrid_revision_20260915/results_strict/revision_20260917_controlled_baselines_v3/final/predictions/cyp3a4_substrate_carbonmangels/oof_stacking_seed_101.csv,oof_stacking,controlled_three_view_pool,135,0.6306509945750451,3,available estimators/views,fixed three-view pool; fixed linear learner; no adaptive time search,five seed-level prediction arrays generated in revision
AUROC,202,cyp3a4_substrate_carbonmangels,/mnt/data/projects/trimole_hybrid_revision_20260915/results_strict/revision_20260917_controlled_baselines_v3/final/predictions/cyp3a4_substrate_carbonmangels/oof_stacking_seed_202.csv,oof_stacking,controlled_three_view_pool,135,0.6427441229656419,3,available estimators/views,fixed three-view pool; fixed linear learner; no adaptive time search,five seed-level prediction arrays generated in revision
AUROC,303,cyp3a4_substrate_carbonmangels,/mnt/data/projects/trimole_hybrid_revision_20260915/results_strict/revision_20260917_controlled_baselines_v3/final/predictions/cyp3a4_substrate_carbonmangels/oof_stacking_seed_303.csv,oof_stacking,controlled_three_view_pool,135,0.6036392405063291,3,available estimators/views,fixed three-view pool; fixed linear learner; no adaptive time search,five seed-level prediction arrays generated in revision
AUROC,404,cyp3a4_substrate_carbonmangels,/mnt/data/projects/trimole_hybrid_revision_20260915/results_strict/revision_20260917_controlled_baselines_v3/final/predictions/cyp3a4_substrate_carbonmangels/oof_stacking_seed_404.csv,oof_stacking,controlled_three_view_pool,135,0.6179927667269439,3,available estimators/views,fixed three-view pool; fixed linear learner; no adaptive time search,five seed-level prediction arrays generated in revision
AUROC,505,cyp3a4_substrate_carbonmangels,/mnt/data/projects/trimole_hybrid_revision_20260915/results_strict/revision_20260917_controlled_baselines_v3/final/predictions/cyp3a4_substrate_carbonmangels/oof_stacking_seed_505.csv,oof_stacking,controlled_three_view_pool,135,0.637771247739602,3,available estimators/views,fixed three-view pool; fixed linear learner; no adaptive time search,five seed-level prediction arrays generated in revision
AUROC,101,cyp3a4_substrate_carbonmangels,/mnt/data/projects/trimole_hybrid_revision_20260915/results_strict/revision_20260917_controlled_baselines_v3/final/predictions/cyp3a4_substrate_carbonmangels/per_task_single_seed_101.csv,per_task_single,controlled_three_view_pool,135,0.6146021699819167,3,available estimators/views,fixed three-view pool; fixed linear learner; no adaptive time search,five seed-level prediction arrays generated in revision
AUROC,202,cyp3a4_substrate_carbonmangels,/mnt/data/projects/trimole_hybrid_revision_20260915/results_strict/revision_20260917_controlled_baselines_v3/final/predictions/cyp3a4_substrate_carbonmangels/per_task_single_seed_202.csv,per_task_single,controlled_three_view_pool,135,0.6254520795660037,3,available estimators/views,fixed three-view pool; fixed linear learner; no adaptive time search,five seed-level prediction arrays generated in revision
AUROC,303,cyp3a4_substrate_carbonmangels,/mnt/data/projects/trimole_hybrid_revision_20260915/results_strict/revision_20260917_controlled_baselines_v3/final/predictions/cyp3a4_substrate_carbonmangels/per_task_single_seed_303.csv,per_task_single,controlled_three_view_pool,135,0.6088381555153708,3,available estimators/views,fixed three-view pool; fixed linear learner; no adaptive time search,five seed-level prediction arrays generated in revision
AUROC,404,cyp3a4_substrate_carbonmangels,/mnt/data/projects/trimole_hybrid_revision_20260915/results_strict/revision_20260917_controlled_baselines_v3/final/predictions/cyp3a4_substrate_carbonmangels/per_task_single_seed_404.csv,per_task_single,controlled_three_view_pool,135,0.619122965641953,3,available estimators/views,fixed three-view pool; fixed linear learner; no adaptive time search,five seed-level prediction arrays generated in revision
AUROC,505,cyp3a4_substrate_carbonmangels,/mnt/data/projects/trimole_hybrid_revision_20260915/results_strict/revision_20260917_controlled_baselines_v3/final/predictions/cyp3a4_substrate_carbonmangels/per_task_single_seed_505.csv,per_task_single,controlled_three_view_pool,135,0.6164104882459314,3,available estimators/views,fixed three-view pool; fixed linear learner; no adaptive time search,five seed-level prediction arrays generated in revision
AUROC,1,cyp3a4_substrate_carbonmangels,/mnt/data/projects/trimole_hybrid_revision_20260915/manuscript_revision/trimole_prediction_manifest_20260917/predictions/cyp3a4_substrate_carbonmangels/seed_1.csv,trimole_hybrid,submitted_taskwise_system,135,0.6633137432188065,6,formal audited variants,historical validation-only search; six formal variants audited,five seed-level prediction arrays archived
AUROC,2,cyp3a4_substrate_carbonmangels,/mnt/data/projects/trimole_hybrid_revision_20260915/manuscript_revision/trimole_prediction_manifest_20260917/predictions/cyp3a4_substrate_carbonmangels/seed_2.csv,trimole_hybrid,submitted_taskwise_system,135,0.655628390596745,6,formal audited variants,historical validation-only search; six formal variants audited,five seed-level prediction arrays archived
AUROC,3,cyp3a4_substrate_carbonmangels,/mnt/data/projects/trimole_hybrid_revision_20260915/manuscript_revision/trimole_prediction_manifest_20260917/predictions/cyp3a4_substrate_carbonmangels/seed_3.csv,trimole_hybrid,submitted_taskwise_system,135,0.6436482820976492,6,formal audited variants,historical validation-only search; six formal variants audited,five seed-level prediction arrays archived
AUROC,4,cyp3a4_substrate_carbonmangels,/mnt/data/projects/trimole_hybrid_revision_20260915/manuscript_revision/trimole_prediction_manifest_20260917/predictions/cyp3a4_substrate_carbonmangels/seed_4.csv,trimole_hybrid,submitted_taskwise_system,135,0.6547242314647377,6,formal audited variants,historical validation-only search; six formal variants audited,five seed-level prediction arrays archived
AUROC,5,cyp3a4_substrate_carbonmangels,/mnt/data/projects/trimole_hybrid_revision_20260915/manuscript_revision/trimole_prediction_manifest_20260917/predictions/cyp3a4_substrate_carbonmangels/seed_5.csv,trimole_hybrid,submitted_taskwise_system,135,0.6608273056057866,6,formal audited variants,historical validation-only search; six formal variants audited,five seed-level prediction arrays archived
AUROC,101,cyp3a4_substrate_carbonmangels,/mnt/data/projects/trimole_hybrid_revision_20260915/results_strict/revision_20260917_controlled_baselines_v3/final/predictions/cyp3a4_substrate_carbonmangels/uniform_average_seed_101.csv,uniform_average,controlled_three_view_pool,135,0.6204792043399637,3,available estimators/views,fixed three-view pool; fixed linear learner; no adaptive time search,five seed-level prediction arrays generated in revision
AUROC,202,cyp3a4_substrate_carbonmangels,/mnt/data/projects/trimole_hybrid_revision_20260915/results_strict/revision_20260917_controlled_baselines_v3/final/predictions/cyp3a4_substrate_carbonmangels/uniform_average_seed_202.csv,uniform_average,controlled_three_view_pool,135,0.6260171790235081,3,available estimators/views,fixed three-view pool; fixed linear learner; no adaptive time search,five seed-level prediction arrays generated in revision
AUROC,303,cyp3a4_substrate_carbonmangels,/mnt/data/projects/trimole_hybrid_revision_20260915/results_strict/revision_20260917_controlled_baselines_v3/final/predictions/cyp3a4_substrate_carbonmangels/uniform_average_seed_303.csv,uniform_average,controlled_three_view_pool,135,0.6055605786618445,3,available estimators/views,fixed three-view pool; fixed linear learner; no adaptive time search,five seed-level prediction arrays generated in revision
AUROC,404,cyp3a4_substrate_carbonmangels,/mnt/data/projects/trimole_hybrid_revision_20260915/results_strict/revision_20260917_controlled_baselines_v3/final/predictions/cyp3a4_substrate_carbonmangels/uniform_average_seed_404.csv,uniform_average,controlled_three_view_pool,135,0.5930153707052441,3,available estimators/views,fixed three-view pool; fixed linear learner; no adaptive time search,five seed-level prediction arrays generated in revision
AUROC,505,cyp3a4_substrate_carbonmangels,/mnt/data/projects/trimole_hybrid_revision_20260915/results_strict/revision_20260917_controlled_baselines_v3/final/predictions/cyp3a4_substrate_carbonmangels/uniform_average_seed_505.csv,uniform_average,controlled_three_view_pool,135,0.6339285714285714,3,available estimators/views,fixed three-view pool; fixed linear learner; no adaptive time search,five seed-level prediction arrays generated in revision
AUROC,101,cyp3a4_substrate_carbonmangels,/mnt/data/projects/trimole_hybrid_revision_20260915/results_strict/revision_20260917_controlled_baselines_v3/final/predictions/cyp3a4_substrate_carbonmangels/validation_top2_average_seed_101.csv,validation_top2_average,controlled_three_view_pool,135,0.6177667269439421,3,available estimators/views,fixed three-view pool; fixed linear learner; no adaptive time search,five seed-level prediction arrays generated in revision
AUROC,202,cyp3a4_substrate_carbonmangels,/mnt/data/projects/trimole_hybrid_revision_20260915/results_strict/revision_20260917_controlled_baselines_v3/final/predictions/cyp3a4_substrate_carbonmangels/validation_top2_average_seed_202.csv,validation_top2_average,controlled_three_view_pool,135,0.6315551537070524,3,available estimators/views,fixed three-view pool; fixed linear learner; no adaptive time search,five seed-level prediction arrays generated in revision
AUROC,303,cyp3a4_substrate_carbonmangels,/mnt/data/projects/trimole_hybrid_revision_20260915/results_strict/revision_20260917_controlled_baselines_v3/final/predictions/cyp3a4_substrate_carbonmangels/validation_top2_average_seed_303.csv,validation_top2_average,controlled_three_view_pool,135,0.6095162748643761,3,available estimators/views,fixed three-view pool; fixed linear learner; no adaptive time search,five seed-level prediction arrays generated in revision
AUROC,404,cyp3a4_substrate_carbonmangels,/mnt/data/projects/trimole_hybrid_revision_20260915/results_strict/revision_20260917_controlled_baselines_v3/final/predictions/cyp3a4_substrate_carbonmangels/validation_top2_average_seed_404.csv,validation_top2_average,controlled_three_view_pool,135,0.6140370705244123,3,available estimators/views,fixed three-view pool; fixed linear learner; no adaptive time search,five seed-level prediction arrays generated in revision
AUROC,505,cyp3a4_substrate_carbonmangels,/mnt/data/projects/trimole_hybrid_revision_20260915/results_strict/revision_20260917_controlled_baselines_v3/final/predictions/cyp3a4_substrate_carbonmangels/validation_top2_average_seed_505.csv,validation_top2_average,controlled_three_view_pool,135,0.6390144665461122,3,available estimators/views,fixed three-view pool; fixed linear learner; no adaptive time search,five seed-level prediction arrays generated in revision
AUROC,101,cyp3a4_substrate_carbonmangels,/mnt/data/projects/trimole_hybrid_revision_20260915/results_strict/revision_20260917_controlled_baselines_v3/final/predictions/cyp3a4_substrate_carbonmangels/validation_top3_average_seed_101.csv,validation_top3_average,controlled_three_view_pool,135,0.6204792043399637,3,available estimators/views,fixed three-view pool; fixed linear learner; no adaptive time search,five seed-level prediction arrays generated in revision
AUROC,202,cyp3a4_substrate_carbonmangels,/mnt/data/projects/trimole_hybrid_revision_20260915/results_strict/revision_20260917_controlled_baselines_v3/final/predictions/cyp3a4_substrate_carbonmangels/validation_top3_average_seed_202.csv,validation_top3_average,controlled_three_view_pool,135,0.6260171790235081,3,available estimators/views,fixed three-view pool; fixed linear learner; no adaptive time search,five seed-level prediction arrays generated in revision
AUROC,303,cyp3a4_substrate_carbonmangels,/mnt/data/projects/trimole_hybrid_revision_20260915/results_strict/revision_20260917_controlled_baselines_v3/final/predictions/cyp3a4_substrate_carbonmangels/validation_top3_average_seed_303.csv,validation_top3_average,controlled_three_view_pool,135,0.6055605786618445,3,available estimators/views,fixed three-view pool; fixed linear learner; no adaptive time search,five seed-level prediction arrays generated in revision
AUROC,404,cyp3a4_substrate_carbonmangels,/mnt/data/projects/trimole_hybrid_revision_20260915/results_strict/revision_20260917_controlled_baselines_v3/final/predictions/cyp3a4_substrate_carbonmangels/validation_top3_average_seed_404.csv,validation_top3_average,controlled_three_view_pool,135,0.5930153707052441,3,available estimators/views,fixed three-view pool; fixed linear learner; no adaptive time search,five seed-level prediction arrays generated in revision
AUROC,505,cyp3a4_substrate_carbonmangels,/mnt/data/projects/trimole_hybrid_revision_20260915/results_strict/revision_20260917_controlled_baselines_v3/final/predictions/cyp3a4_substrate_carbonmangels/validation_top3_average_seed_505.csv,validation_top3_average,controlled_three_view_pool,135,0.6339285714285714,3,available estimators/views,fixed three-view pool; fixed linear learner; no adaptive time search,five seed-level prediction arrays generated in revision
AUPRC,101,cyp3a4_veith,/mnt/data/projects/trimole_hybrid_revision_20260915/results_strict/revision_20260917_flaml_matched_v1/final/predictions/cyp3a4_veith/seed_101.csv,flaml_automl,matched_budget_automl,2467,0.8581238867593649,4,available estimators/views,60 seconds and <= 30 iterations per task/seed,five seed-level prediction arrays generated in revision
AUPRC,202,cyp3a4_veith,/mnt/data/projects/trimole_hybrid_revision_20260915/results_strict/revision_20260917_flaml_matched_v1/final/predictions/cyp3a4_veith/seed_202.csv,flaml_automl,matched_budget_automl,2467,0.7950253171935516,4,available estimators/views,60 seconds and <= 30 iterations per task/seed,five seed-level prediction arrays generated in revision
AUPRC,303,cyp3a4_veith,/mnt/data/projects/trimole_hybrid_revision_20260915/results_strict/revision_20260917_flaml_matched_v1/final/predictions/cyp3a4_veith/seed_303.csv,flaml_automl,matched_budget_automl,2467,0.8406389719730454,4,available estimators/views,60 seconds and <= 30 iterations per task/seed,five seed-level prediction arrays generated in revision
AUPRC,404,cyp3a4_veith,/mnt/data/projects/trimole_hybrid_revision_20260915/results_strict/revision_20260917_flaml_matched_v1/final/predictions/cyp3a4_veith/seed_404.csv,flaml_automl,matched_budget_automl,2467,0.7843477675744291,4,available estimators/views,60 seconds and <= 30 iterations per task/seed,five seed-level prediction arrays generated in revision
AUPRC,505,cyp3a4_veith,/mnt/data/projects/trimole_hybrid_revision_20260915/results_strict/revision_20260917_flaml_matched_v1/final/predictions/cyp3a4_veith/seed_505.csv,flaml_automl,matched_budget_automl,2467,0.8582121711194881,4,available estimators/views,60 seconds and <= 30 iterations per task/seed,five seed-level prediction arrays generated in revision
AUPRC,101,cyp3a4_veith,/mnt/data/projects/trimole_hybrid_revision_20260915/results_strict/revision_20260917_controlled_baselines_v3/final/predictions/cyp3a4_veith/global_single_seed_101.csv,global_single,controlled_three_view_pool,2467,0.7651565632615046,3,available estimators/views,fixed three-view pool; fixed linear learner; no adaptive time search,five seed-level prediction arrays generated in revision
AUPRC,202,cyp3a4_veith,/mnt/data/projects/trimole_hybrid_revision_20260915/results_strict/revision_20260917_controlled_baselines_v3/final/predictions/cyp3a4_veith/global_single_seed_202.csv,global_single,controlled_three_view_pool,2467,0.765047570298953,3,available estimators/views,fixed three-view pool; fixed linear learner; no adaptive time search,five seed-level prediction arrays generated in revision
AUPRC,303,cyp3a4_veith,/mnt/data/projects/trimole_hybrid_revision_20260915/results_strict/revision_20260917_controlled_baselines_v3/final/predictions/cyp3a4_veith/global_single_seed_303.csv,global_single,controlled_three_view_pool,2467,0.7644907236087137,3,available estimators/views,fixed three-view pool; fixed linear learner; no adaptive time search,five seed-level prediction arrays generated in revision
AUPRC,404,cyp3a4_veith,/mnt/data/projects/trimole_hybrid_revision_20260915/results_strict/revision_20260917_controlled_baselines_v3/final/predictions/cyp3a4_veith/global_single_seed_404.csv,global_single,controlled_three_view_pool,2467,0.761704747192352,3,available estimators/views,fixed three-view pool; fixed linear learner; no adaptive time search,five seed-level prediction arrays generated in revision
AUPRC,505,cyp3a4_veith,/mnt/data/projects/trimole_hybrid_revision_20260915/results_strict/revision_20260917_controlled_baselines_v3/final/predictions/cyp3a4_veith/global_single_seed_505.csv,global_single,controlled_three_view_pool,2467,0.7657026928433229,3,available estimators/views,fixed three-view pool; fixed linear learner; no adaptive time search,five seed-level prediction arrays generated in revision
AUPRC,101,cyp3a4_veith,/mnt/data/projects/trimole_hybrid_revision_20260915/results_strict/revision_20260917_controlled_baselines_v3/final/predictions/cyp3a4_veith/oof_stacking_seed_101.csv,oof_stacking,controlled_three_view_pool,2467,0.830600258243477,3,available estimators/views,fixed three-view pool; fixed linear learner; no adaptive time search,five seed-level prediction arrays generated in revision
AUPRC,202,cyp3a4_veith,/mnt/data/projects/trimole_hybrid_revision_20260915/results_strict/revision_20260917_controlled_baselines_v3/final/predictions/cyp3a4_veith/oof_stacking_seed_202.csv,oof_stacking,controlled_three_view_pool,2467,0.8296994460719505,3,available estimators/views,fixed three-view pool; fixed linear learner; no adaptive time search,five seed-level prediction arrays generated in revision
AUPRC,303,cyp3a4_veith,/mnt/data/projects/trimole_hybrid_revision_20260915/results_strict/revision_20260917_controlled_baselines_v3/final/predictions/cyp3a4_veith/oof_stacking_seed_303.csv,oof_stacking,controlled_three_view_pool,2467,0.8295529007011918,3,available estimators/views,fixed three-view pool; fixed linear learner; no adaptive time search,five seed-level prediction arrays generated in revision
AUPRC,404,cyp3a4_veith,/mnt/data/projects/trimole_hybrid_revision_20260915/results_strict/revision_20260917_controlled_baselines_v3/final/predictions/cyp3a4_veith/oof_stacking_seed_404.csv,oof_stacking,controlled_three_view_pool,2467,0.8257341486177103,3,available estimators/views,fixed three-view pool; fixed linear learner; no adaptive time search,five seed-level prediction arrays generated in revision
AUPRC,505,cyp3a4_veith,/mnt/data/projects/trimole_hybrid_revision_20260915/results_strict/revision_20260917_controlled_baselines_v3/final/predictions/cyp3a4_veith/oof_stacking_seed_505.csv,oof_stacking,controlled_three_view_pool,2467,0.8312059631327006,3,available estimators/views,fixed three-view pool; fixed linear learner; no adaptive time search,five seed-level prediction arrays generated in revision
AUPRC,101,cyp3a4_veith,/mnt/data/projects/trimole_hybrid_revision_20260915/results_strict/revision_20260917_controlled_baselines_v3/final/predictions/cyp3a4_veith/per_task_single_seed_101.csv,per_task_single,controlled_three_view_pool,2467,0.7651565632615046,3,available estimators/views,fixed three-view pool; fixed linear learner; no adaptive time search,five seed-level prediction arrays generated in revision
AUPRC,202,cyp3a4_veith,/mnt/data/projects/trimole_hybrid_revision_20260915/results_strict/revision_20260917_controlled_baselines_v3/final/predictions/cyp3a4_veith/per_task_single_seed_202.csv,per_task_single,controlled_three_view_pool,2467,0.765047570298953,3,available estimators/views,fixed three-view pool; fixed linear learner; no adaptive time search,five seed-level prediction arrays generated in revision
AUPRC,303,cyp3a4_veith,/mnt/data/projects/trimole_hybrid_revision_20260915/results_strict/revision_20260917_controlled_baselines_v3/final/predictions/cyp3a4_veith/per_task_single_seed_303.csv,per_task_single,controlled_three_view_pool,2467,0.7644907236087137,3,available estimators/views,fixed three-view pool; fixed linear learner; no adaptive time search,five seed-level prediction arrays generated in revision
AUPRC,404,cyp3a4_veith,/mnt/data/projects/trimole_hybrid_revision_20260915/results_strict/revision_20260917_controlled_baselines_v3/final/predictions/cyp3a4_veith/per_task_single_seed_404.csv,per_task_single,controlled_three_view_pool,2467,0.761704747192352,3,available estimators/views,fixed three-view pool; fixed linear learner; no adaptive time search,five seed-level prediction arrays generated in revision
AUPRC,505,cyp3a4_veith,/mnt/data/projects/trimole_hybrid_revision_20260915/results_strict/revision_20260917_controlled_baselines_v3/final/predictions/cyp3a4_veith/per_task_single_seed_505.csv,per_task_single,controlled_three_view_pool,2467,0.7657026928433229,3,available estimators/views,fixed three-view pool; fixed linear learner; no adaptive time search,five seed-level prediction arrays generated in revision
AUPRC,1,cyp3a4_veith,/mnt/data/projects/trimole_hybrid_revision_20260915/manuscript_revision/trimole_prediction_manifest_20260917/predictions/cyp3a4_veith/seed_1.csv,trimole_hybrid,submitted_taskwise_system,2467,0.8796312302904228,6,formal audited variants,historical validation-only search; six formal variants audited,five seed-level prediction arrays archived
AUPRC,2,cyp3a4_veith,/mnt/data/projects/trimole_hybrid_revision_20260915/manuscript_revision/trimole_prediction_manifest_20260917/predictions/cyp3a4_veith/seed_2.csv,trimole_hybrid,submitted_taskwise_system,2467,0.8850538843773831,6,formal audited variants,historical validation-only search; six formal variants audited,five seed-level prediction arrays archived
AUPRC,3,cyp3a4_veith,/mnt/data/projects/trimole_hybrid_revision_20260915/manuscript_revision/trimole_prediction_manifest_20260917/predictions/cyp3a4_veith/seed_3.csv,trimole_hybrid,submitted_taskwise_system,2467,0.887591243656682,6,formal audited variants,historical validation-only search; six formal variants audited,five seed-level prediction arrays archived
AUPRC,4,cyp3a4_veith,/mnt/data/projects/trimole_hybrid_revision_20260915/manuscript_revision/trimole_prediction_manifest_20260917/predictions/cyp3a4_veith/seed_4.csv,trimole_hybrid,submitted_taskwise_system,2467,0.8861705182061635,6,formal audited variants,historical validation-only search; six formal variants audited,five seed-level prediction arrays archived
AUPRC,5,cyp3a4_veith,/mnt/data/projects/trimole_hybrid_revision_20260915/manuscript_revision/trimole_prediction_manifest_20260917/predictions/cyp3a4_veith/seed_5.csv,trimole_hybrid,submitted_taskwise_system,2467,0.8821586964964725,6,formal audited variants,historical validation-only search; six formal variants audited,five seed-level prediction arrays archived
AUPRC,101,cyp3a4_veith,/mnt/data/projects/trimole_hybrid_revision_20260915/results_strict/revision_20260917_controlled_baselines_v3/final/predictions/cyp3a4_veith/uniform_average_seed_101.csv,uniform_average,controlled_three_view_pool,2467,0.8260531809227177,3,available estimators/views,fixed three-view pool; fixed linear learner; no adaptive time search,five seed-level prediction arrays generated in revision
AUPRC,202,cyp3a4_veith,/mnt/data/projects/trimole_hybrid_revision_20260915/results_strict/revision_20260917_controlled_baselines_v3/final/predictions/cyp3a4_veith/uniform_average_seed_202.csv,uniform_average,controlled_three_view_pool,2467,0.8262930562330886,3,available estimators/views,fixed three-view pool; fixed linear learner; no adaptive time search,five seed-level prediction arrays generated in revision
AUPRC,303,cyp3a4_veith,/mnt/data/projects/trimole_hybrid_revision_20260915/results_strict/revision_20260917_controlled_baselines_v3/final/predictions/cyp3a4_veith/uniform_average_seed_303.csv,uniform_average,controlled_three_view_pool,2467,0.8263548685839867,3,available estimators/views,fixed three-view pool; fixed linear learner; no adaptive time search,five seed-level prediction arrays generated in revision
AUPRC,404,cyp3a4_veith,/mnt/data/projects/trimole_hybrid_revision_20260915/results_strict/revision_20260917_controlled_baselines_v3/final/predictions/cyp3a4_veith/uniform_average_seed_404.csv,uniform_average,controlled_three_view_pool,2467,0.8232461068654027,3,available estimators/views,fixed three-view pool; fixed linear learner; no adaptive time search,five seed-level prediction arrays generated in revision
AUPRC,505,cyp3a4_veith,/mnt/data/projects/trimole_hybrid_revision_20260915/results_strict/revision_20260917_controlled_baselines_v3/final/predictions/cyp3a4_veith/uniform_average_seed_505.csv,uniform_average,controlled_three_view_pool,2467,0.8261659565671633,3,available estimators/views,fixed three-view pool; fixed linear learner; no adaptive time search,five seed-level prediction arrays generated in revision
AUPRC,101,cyp3a4_veith,/mnt/data/projects/trimole_hybrid_revision_20260915/results_strict/revision_20260917_controlled_baselines_v3/final/predictions/cyp3a4_veith/validation_top2_average_seed_101.csv,validation_top2_average,controlled_three_view_pool,2467,0.8226453344127183,3,available estimators/views,fixed three-view pool; fixed linear learner; no adaptive time search,five seed-level prediction arrays generated in revision
AUPRC,202,cyp3a4_veith,/mnt/data/projects/trimole_hybrid_revision_20260915/results_strict/revision_20260917_controlled_baselines_v3/final/predictions/cyp3a4_veith/validation_top2_average_seed_202.csv,validation_top2_average,controlled_three_view_pool,2467,0.817225474275133,3,available estimators/views,fixed three-view pool; fixed linear learner; no adaptive time search,five seed-level prediction arrays generated in revision
AUPRC,303,cyp3a4_veith,/mnt/data/projects/trimole_hybrid_revision_20260915/results_strict/revision_20260917_controlled_baselines_v3/final/predictions/cyp3a4_veith/validation_top2_average_seed_303.csv,validation_top2_average,controlled_three_view_pool,2467,0.8196981189757768,3,available estimators/views,fixed three-view pool; fixed linear learner; no adaptive time search,five seed-level prediction arrays generated in revision
AUPRC,404,cyp3a4_veith,/mnt/data/projects/trimole_hybrid_revision_20260915/results_strict/revision_20260917_controlled_baselines_v3/final/predictions/cyp3a4_veith/validation_top2_average_seed_404.csv,validation_top2_average,controlled_three_view_pool,2467,0.8221313067441282,3,available estimators/views,fixed three-view pool; fixed linear learner; no adaptive time search,five seed-level prediction arrays generated in revision
AUPRC,505,cyp3a4_veith,/mnt/data/projects/trimole_hybrid_revision_20260915/results_strict/revision_20260917_controlled_baselines_v3/final/predictions/cyp3a4_veith/validation_top2_average_seed_505.csv,validation_top2_average,controlled_three_view_pool,2467,0.8232887983970012,3,available estimators/views,fixed three-view pool; fixed linear learner; no adaptive time search,five seed-level prediction arrays generated in revision
AUPRC,101,cyp3a4_veith,/mnt/data/projects/trimole_hybrid_revision_20260915/results_strict/revision_20260917_controlled_baselines_v3/final/predictions/cyp3a4_veith/validation_top3_average_seed_101.csv,validation_top3_average,controlled_three_view_pool,2467,0.8260531809227177,3,available estimators/views,fixed three-view pool; fixed linear learner; no adaptive time search,five seed-level prediction arrays generated in revision
AUPRC,202,cyp3a4_veith,/mnt/data/projects/trimole_hybrid_revision_20260915/results_strict/revision_20260917_controlled_baselines_v3/final/predictions/cyp3a4_veith/validation_top3_average_seed_202.csv,validation_top3_average,controlled_three_view_pool,2467,0.8262930562330886,3,available estimators/views,fixed three-view pool; fixed linear learner; no adaptive time search,five seed-level prediction arrays generated in revision
AUPRC,303,cyp3a4_veith,/mnt/data/projects/trimole_hybrid_revision_20260915/results_strict/revision_20260917_controlled_baselines_v3/final/predictions/cyp3a4_veith/validation_top3_average_seed_303.csv,validation_top3_average,controlled_three_view_pool,2467,0.8263548685839867,3,available estimators/views,fixed three-view pool; fixed linear learner; no adaptive time search,five seed-level prediction arrays generated in revision
AUPRC,404,cyp3a4_veith,/mnt/data/projects/trimole_hybrid_revision_20260915/results_strict/revision_20260917_controlled_baselines_v3/final/predictions/cyp3a4_veith/validation_top3_average_seed_404.csv,validation_top3_average,controlled_three_view_pool,2467,0.8232461068654027,3,available estimators/views,fixed three-view pool; fixed linear learner; no adaptive time search,five seed-level prediction arrays generated in revision
AUPRC,505,cyp3a4_veith,/mnt/data/projects/trimole_hybrid_revision_20260915/results_strict/revision_20260917_controlled_baselines_v3/final/predictions/cyp3a4_veith/validation_top3_average_seed_505.csv,validation_top3_average,controlled_three_view_pool,2467,0.8261659565671633,3,available estimators/views,fixed three-view pool; fixed linear learner; no adaptive time search,five seed-level prediction arrays generated in revision
AUROC,101,dili,/mnt/data/projects/trimole_hybrid_revision_20260915/results_strict/revision_20260917_flaml_matched_v1/final/predictions/dili/seed_101.csv,flaml_automl,matched_budget_automl,96,0.8873913043478261,4,available estimators/views,60 seconds and <= 30 iterations per task/seed,five seed-level prediction arrays generated in revision
AUROC,202,dili,/mnt/data/projects/trimole_hybrid_revision_20260915/results_strict/revision_20260917_flaml_matched_v1/final/predictions/dili/seed_202.csv,flaml_automl,matched_budget_automl,96,0.8643478260869565,4,available estimators/views,60 seconds and <= 30 iterations per task/seed,five seed-level prediction arrays generated in revision
AUROC,303,dili,/mnt/data/projects/trimole_hybrid_revision_20260915/results_strict/revision_20260917_flaml_matched_v1/final/predictions/dili/seed_303.csv,flaml_automl,matched_budget_automl,96,0.797391304347826,4,available estimators/views,60 seconds and <= 30 iterations per task/seed,five seed-level prediction arrays generated in revision
AUROC,404,dili,/mnt/data/projects/trimole_hybrid_revision_20260915/results_strict/revision_20260917_flaml_matched_v1/final/predictions/dili/seed_404.csv,flaml_automl,matched_budget_automl,96,0.8139130434782609,4,available estimators/views,60 seconds and <= 30 iterations per task/seed,five seed-level prediction arrays generated in revision
AUROC,505,dili,/mnt/data/projects/trimole_hybrid_revision_20260915/results_strict/revision_20260917_flaml_matched_v1/final/predictions/dili/seed_505.csv,flaml_automl,matched_budget_automl,96,0.7545652173913042,4,available estimators/views,60 seconds and <= 30 iterations per task/seed,five seed-level prediction arrays generated in revision
AUROC,101,dili,/mnt/data/projects/trimole_hybrid_revision_20260915/results_strict/revision_20260917_controlled_baselines_v3/final/predictions/dili/global_single_seed_101.csv,global_single,controlled_three_view_pool,96,0.8030434782608695,3,available estimators/views,fixed three-view pool; fixed linear learner; no adaptive time search,five seed-level prediction arrays generated in revision
AUROC,202,dili,/mnt/data/projects/trimole_hybrid_revision_20260915/results_strict/revision_20260917_controlled_baselines_v3/final/predictions/dili/global_single_seed_202.csv,global_single,controlled_three_view_pool,96,0.7699999999999999,3,available estimators/views,fixed three-view pool; fixed linear learner; no adaptive time search,five seed-level prediction arrays generated in revision
AUROC,303,dili,/mnt/data/projects/trimole_hybrid_revision_20260915/results_strict/revision_20260917_controlled_baselines_v3/final/predictions/dili/global_single_seed_303.csv,global_single,controlled_three_view_pool,96,0.7804347826086956,3,available estimators/views,fixed three-view pool; fixed linear learner; no adaptive time search,five seed-level prediction arrays generated in revision
AUROC,404,dili,/mnt/data/projects/trimole_hybrid_revision_20260915/results_strict/revision_20260917_controlled_baselines_v3/final/predictions/dili/global_single_seed_404.csv,global_single,controlled_three_view_pool,96,0.7608695652173914,3,available estimators/views,fixed three-view pool; fixed linear learner; no adaptive time search,five seed-level prediction arrays generated in revision
AUROC,505,dili,/mnt/data/projects/trimole_hybrid_revision_20260915/results_strict/revision_20260917_controlled_baselines_v3/final/predictions/dili/global_single_seed_505.csv,global_single,controlled_three_view_pool,96,0.7647826086956522,3,available estimators/views,fixed three-view pool; fixed linear learner; no adaptive time search,five seed-level prediction arrays generated in revision
AUROC,101,dili,/mnt/data/projects/trimole_hybrid_revision_20260915/results_strict/revision_20260917_controlled_baselines_v3/final/predictions/dili/oof_stacking_seed_101.csv,oof_stacking,controlled_three_view_pool,96,0.8393478260869566,3,available estimators/views,fixed three-view pool; fixed linear learner; no adaptive time search,five seed-level prediction arrays generated in revision
AUROC,202,dili,/mnt/data/projects/trimole_hybrid_revision_20260915/results_strict/revision_20260917_controlled_baselines_v3/final/predictions/dili/oof_stacking_seed_202.csv,oof_stacking,controlled_three_view_pool,96,0.878695652173913,3,available estimators/views,fixed three-view pool; fixed linear learner; no adaptive time search,five seed-level prediction arrays generated in revision
AUROC,303,dili,/mnt/data/projects/trimole_hybrid_revision_20260915/results_strict/revision_20260917_controlled_baselines_v3/final/predictions/dili/oof_stacking_seed_303.csv,oof_stacking,controlled_three_view_pool,96,0.8797826086956522,3,available estimators/views,fixed three-view pool; fixed linear learner; no adaptive time search,five seed-level prediction arrays generated in revision
AUROC,404,dili,/mnt/data/projects/trimole_hybrid_revision_20260915/results_strict/revision_20260917_controlled_baselines_v3/final/predictions/dili/oof_stacking_seed_404.csv,oof_stacking,controlled_three_view_pool,96,0.8554347826086957,3,available estimators/views,fixed three-view pool; fixed linear learner; no adaptive time search,five seed-level prediction arrays generated in revision
AUROC,505,dili,/mnt/data/projects/trimole_hybrid_revision_20260915/results_strict/revision_20260917_controlled_baselines_v3/final/predictions/dili/oof_stacking_seed_505.csv,oof_stacking,controlled_three_view_pool,96,0.867391304347826,3,available estimators/views,fixed three-view pool; fixed linear learner; no adaptive time search,five seed-level prediction arrays generated in revision
AUROC,101,dili,/mnt/data/projects/trimole_hybrid_revision_20260915/results_strict/revision_20260917_controlled_baselines_v3/final/predictions/dili/per_task_single_seed_101.csv,per_task_single,controlled_three_view_pool,96,0.8030434782608695,3,available estimators/views,fixed three-view pool; fixed linear learner; no adaptive time search,five seed-level prediction arrays generated in revision
AUROC,202,dili,/mnt/data/projects/trimole_hybrid_revision_20260915/results_strict/revision_20260917_controlled_baselines_v3/final/predictions/dili/per_task_single_seed_202.csv,per_task_single,controlled_three_view_pool,96,0.7699999999999999,3,available estimators/views,fixed three-view pool; fixed linear learner; no adaptive time search,five seed-level prediction arrays generated in revision
AUROC,303,dili,/mnt/data/projects/trimole_hybrid_revision_20260915/results_strict/revision_20260917_controlled_baselines_v3/final/predictions/dili/per_task_single_seed_303.csv,per_task_single,controlled_three_view_pool,96,0.7804347826086956,3,available estimators/views,fixed three-view pool; fixed linear learner; no adaptive time search,five seed-level prediction arrays generated in revision
AUROC,404,dili,/mnt/data/projects/trimole_hybrid_revision_20260915/results_strict/revision_20260917_controlled_baselines_v3/final/predictions/dili/per_task_single_seed_404.csv,per_task_single,controlled_three_view_pool,96,0.7608695652173914,3,available estimators/views,fixed three-view pool; fixed linear learner; no adaptive time search,five seed-level prediction arrays generated in revision
AUROC,505,dili,/mnt/data/projects/trimole_hybrid_revision_20260915/results_strict/revision_20260917_controlled_baselines_v3/final/predictions/dili/per_task_single_seed_505.csv,per_task_single,controlled_three_view_pool,96,0.7647826086956522,3,available estimators/views,fixed three-view pool; fixed linear learner; no adaptive time search,five seed-level prediction arrays generated in revision
AUROC,1,dili,/mnt/data/projects/trimole_hybrid_revision_20260915/manuscript_revision/trimole_prediction_manifest_20260917/predictions/dili/seed_1.csv,trimole_hybrid,submitted_taskwise_system,96,0.9156521739130435,6,formal audited variants,historical validation-only search; six formal variants audited,five seed-level prediction arrays archived
AUROC,2,dili,/mnt/data/projects/trimole_hybrid_revision_20260915/manuscript_revision/trimole_prediction_manifest_20260917/predictions/dili/seed_2.csv,trimole_hybrid,submitted_taskwise_system,96,0.9021739130434783,6,formal audited variants,historical validation-only search; six formal variants audited,five seed-level prediction arrays archived
AUROC,3,dili,/mnt/data/projects/trimole_hybrid_revision_20260915/manuscript_revision/trimole_prediction_manifest_20260917/predictions/dili/seed_3.csv,trimole_hybrid,submitted_taskwise_system,96,0.908695652173913,6,formal audited variants,historical validation-only search; six formal variants audited,five seed-level prediction arrays archived
AUROC,4,dili,/mnt/data/projects/trimole_hybrid_revision_20260915/manuscript_revision/trimole_prediction_manifest_20260917/predictions/dili/seed_4.csv,trimole_hybrid,submitted_taskwise_system,96,0.9043478260869566,6,formal audited variants,historical validation-only search; six formal variants audited,five seed-level prediction arrays archived
AUROC,5,dili,/mnt/data/projects/trimole_hybrid_revision_20260915/manuscript_revision/trimole_prediction_manifest_20260917/predictions/dili/seed_5.csv,trimole_hybrid,submitted_taskwise_system,96,0.9121739130434782,6,formal audited variants,historical validation-only search; six formal variants audited,five seed-level prediction arrays archived
AUROC,101,dili,/mnt/data/projects/trimole_hybrid_revision_20260915/results_strict/revision_20260917_controlled_baselines_v3/final/predictions/dili/uniform_average_seed_101.csv,uniform_average,controlled_three_view_pool,96,0.8491304347826086,3,available estimators/views,fixed three-view pool; fixed linear learner; no adaptive time search,five seed-level prediction arrays generated in revision
AUROC,202,dili,/mnt/data/projects/trimole_hybrid_revision_20260915/results_strict/revision_20260917_controlled_baselines_v3/final/predictions/dili/uniform_average_seed_202.csv,uniform_average,controlled_three_view_pool,96,0.865,3,available estimators/views,fixed three-view pool; fixed linear learner; no adaptive time search,five seed-level prediction arrays generated in revision
AUROC,303,dili,/mnt/data/projects/trimole_hybrid_revision_20260915/results_strict/revision_20260917_controlled_baselines_v3/final/predictions/dili/uniform_average_seed_303.csv,uniform_average,controlled_three_view_pool,96,0.8739130434782608,3,available estimators/views,fixed three-view pool; fixed linear learner; no adaptive time search,five seed-level prediction arrays generated in revision
AUROC,404,dili,/mnt/data/projects/trimole_hybrid_revision_20260915/results_strict/revision_20260917_controlled_baselines_v3/final/predictions/dili/uniform_average_seed_404.csv,uniform_average,controlled_three_view_pool,96,0.8447826086956521,3,available estimators/views,fixed three-view pool; fixed linear learner; no adaptive time search,five seed-level prediction arrays generated in revision
AUROC,505,dili,/mnt/data/projects/trimole_hybrid_revision_20260915/results_strict/revision_20260917_controlled_baselines_v3/final/predictions/dili/uniform_average_seed_505.csv,uniform_average,controlled_three_view_pool,96,0.8630434782608696,3,available estimators/views,fixed three-view pool; fixed linear learner; no adaptive time search,five seed-level prediction arrays generated in revision
AUROC,101,dili,/mnt/data/projects/trimole_hybrid_revision_20260915/results_strict/revision_20260917_controlled_baselines_v3/final/predictions/dili/validation_top2_average_seed_101.csv,validation_top2_average,controlled_three_view_pool,96,0.8632608695652173,3,available estimators/views,fixed three-view pool; fixed linear learner; no adaptive time search,five seed-level prediction arrays generated in revision
AUROC,202,dili,/mnt/data/projects/trimole_hybrid_revision_20260915/results_strict/revision_20260917_controlled_baselines_v3/final/predictions/dili/validation_top2_average_seed_202.csv,validation_top2_average,controlled_three_view_pool,96,0.8689130434782608,3,available estimators/views,fixed three-view pool; fixed linear learner; no adaptive time search,five seed-level prediction arrays generated in revision
AUROC,303,dili,/mnt/data/projects/trimole_hybrid_revision_20260915/results_strict/revision_20260917_controlled_baselines_v3/final/predictions/dili/validation_top2_average_seed_303.csv,validation_top2_average,controlled_three_view_pool,96,0.8717391304347827,3,available estimators/views,fixed three-view pool; fixed linear learner; no adaptive time search,five seed-level prediction arrays generated in revision
AUROC,404,dili,/mnt/data/projects/trimole_hybrid_revision_20260915/results_strict/revision_20260917_controlled_baselines_v3/final/predictions/dili/validation_top2_average_seed_404.csv,validation_top2_average,controlled_three_view_pool,96,0.8473913043478261,3,available estimators/views,fixed three-view pool; fixed linear learner; no adaptive time search,five seed-level prediction arrays generated in revision
AUROC,505,dili,/mnt/data/projects/trimole_hybrid_revision_20260915/results_strict/revision_20260917_controlled_baselines_v3/final/predictions/dili/validation_top2_average_seed_505.csv,validation_top2_average,controlled_three_view_pool,96,0.8736956521739131,3,available estimators/views,fixed three-view pool; fixed linear learner; no adaptive time search,five seed-level prediction arrays generated in revision
AUROC,101,dili,/mnt/data/projects/trimole_hybrid_revision_20260915/results_strict/revision_20260917_controlled_baselines_v3/final/predictions/dili/validation_top3_average_seed_101.csv,validation_top3_average,controlled_three_view_pool,96,0.8491304347826086,3,available estimators/views,fixed three-view pool; fixed linear learner; no adaptive time search,five seed-level prediction arrays generated in revision
AUROC,202,dili,/mnt/data/projects/trimole_hybrid_revision_20260915/results_strict/revision_20260917_controlled_baselines_v3/final/predictions/dili/validation_top3_average_seed_202.csv,validation_top3_average,controlled_three_view_pool,96,0.865,3,available estimators/views,fixed three-view pool; fixed linear learner; no adaptive time search,five seed-level prediction arrays generated in revision
AUROC,303,dili,/mnt/data/projects/trimole_hybrid_revision_20260915/results_strict/revision_20260917_controlled_baselines_v3/final/predictions/dili/validation_top3_average_seed_303.csv,validation_top3_average,controlled_three_view_pool,96,0.8739130434782608,3,available estimators/views,fixed three-view pool; fixed linear learner; no adaptive time search,five seed-level prediction arrays generated in revision
AUROC,404,dili,/mnt/data/projects/trimole_hybrid_revision_20260915/results_strict/revision_20260917_controlled_baselines_v3/final/predictions/dili/validation_top3_average_seed_404.csv,validation_top3_average,controlled_three_view_pool,96,0.8447826086956521,3,available estimators/views,fixed three-view pool; fixed linear learner; no adaptive time search,five seed-level prediction arrays generated in revision
AUROC,505,dili,/mnt/data/projects/trimole_hybrid_revision_20260915/results_strict/revision_20260917_controlled_baselines_v3/final/predictions/dili/validation_top3_average_seed_505.csv,validation_top3_average,controlled_three_view_pool,96,0.8630434782608696,3,available estimators/views,fixed three-view pool; fixed linear learner; no adaptive time search,five seed-level prediction arrays generated in revision
Spearman,101,half_life_obach,/mnt/data/projects/trimole_hybrid_revision_20260915/results_strict/revision_20260917_flaml_matched_v1/final/predictions/half_life_obach/seed_101.csv,flaml_automl,matched_budget_automl,135,0.1839756427480285,3,available estimators/views,60 seconds and <= 30 iterations per task/seed,five seed-level prediction arrays generated in revision
Spearman,202,half_life_obach,/mnt/data/projects/trimole_hybrid_revision_20260915/results_strict/revision_20260917_flaml_matched_v1/final/predictions/half_life_obach/seed_202.csv,flaml_automl,matched_budget_automl,135,0.2807571956287659,3,available estimators/views,60 seconds and <= 30 iterations per task/seed,five seed-level prediction arrays generated in revision
Spearman,303,half_life_obach,/mnt/data/projects/trimole_hybrid_revision_20260915/results_strict/revision_20260917_flaml_matched_v1/final/predictions/half_life_obach/seed_303.csv,flaml_automl,matched_budget_automl,135,0.22247393244044317,3,available estimators/views,60 seconds and <= 30 iterations per task/seed,five seed-level prediction arrays generated in revision
Spearman,404,half_life_obach,/mnt/data/projects/trimole_hybrid_revision_20260915/results_strict/revision_20260917_flaml_matched_v1/final/predictions/half_life_obach/seed_404.csv,flaml_automl,matched_budget_automl,135,0.15234373253715439,3,available estimators/views,60 seconds and <= 30 iterations per task/seed,five seed-level prediction arrays generated in revision
Spearman,505,half_life_obach,/mnt/data/projects/trimole_hybrid_revision_20260915/results_strict/revision_20260917_flaml_matched_v1/final/predictions/half_life_obach/seed_505.csv,flaml_automl,matched_budget_automl,135,-0.0719989040820854,3,available estimators/views,60 seconds and <= 30 iterations per task/seed,five seed-level prediction arrays generated in revision
Spearman,101,half_life_obach,/mnt/data/projects/trimole_hybrid_revision_20260915/results_strict/revision_20260917_controlled_baselines_v3/final/predictions/half_life_obach/global_single_seed_101.csv,global_single,controlled_three_view_pool,135,0.27932847973583586,3,available estimators/views,fixed three-view pool; fixed linear learner; no adaptive time search,five seed-level prediction arrays generated in revision
Spearman,202,half_life_obach,/mnt/data/projects/trimole_hybrid_revision_20260915/results_strict/revision_20260917_controlled_baselines_v3/final/predictions/half_life_obach/global_single_seed_202.csv,global_single,controlled_three_view_pool,135,0.27932847973583586,3,available estimators/views,fixed three-view pool; fixed linear learner; no adaptive time search,five seed-level prediction arrays generated in revision
Spearman,303,half_life_obach,/mnt/data/projects/trimole_hybrid_revision_20260915/results_strict/revision_20260917_controlled_baselines_v3/final/predictions/half_life_obach/global_single_seed_303.csv,global_single,controlled_three_view_pool,135,0.27932847973583586,3,available estimators/views,fixed three-view pool; fixed linear learner; no adaptive time search,five seed-level prediction arrays generated in revision
Spearman,404,half_life_obach,/mnt/data/projects/trimole_hybrid_revision_20260915/results_strict/revision_20260917_controlled_baselines_v3/final/predictions/half_life_obach/global_single_seed_404.csv,global_single,controlled_three_view_pool,135,0.27932847973583586,3,available estimators/views,fixed three-view pool; fixed linear learner; no adaptive time search,five seed-level prediction arrays generated in revision
Spearman,505,half_life_obach,/mnt/data/projects/trimole_hybrid_revision_20260915/results_strict/revision_20260917_controlled_baselines_v3/final/predictions/half_life_obach/global_single_seed_505.csv,global_single,controlled_three_view_pool,135,0.27932847973583586,3,available estimators/views,fixed three-view pool; fixed linear learner; no adaptive time search,five seed-level prediction arrays generated in revision
Spearman,101,half_life_obach,/mnt/data/projects/trimole_hybrid_revision_20260915/results_strict/revision_20260917_controlled_baselines_v3/final/predictions/half_life_obach/oof_stacking_seed_101.csv,oof_stacking,controlled_three_view_pool,135,0.2456645722472615,3,available estimators/views,fixed three-view pool; fixed linear learner; no adaptive time search,five seed-level prediction arrays generated in revision
Spearman,202,half_life_obach,/mnt/data/projects/trimole_hybrid_revision_20260915/results_strict/revision_20260917_controlled_baselines_v3/final/predictions/half_life_obach/oof_stacking_seed_202.csv,oof_stacking,controlled_three_view_pool,135,0.25387688760112537,3,available estimators/views,fixed three-view pool; fixed linear learner; no adaptive time search,five seed-level prediction arrays generated in revision
Spearman,303,half_life_obach,/mnt/data/projects/trimole_hybrid_revision_20260915/results_strict/revision_20260917_controlled_baselines_v3/final/predictions/half_life_obach/oof_stacking_seed_303.csv,oof_stacking,controlled_three_view_pool,135,0.26505997815576343,3,available estimators/views,fixed three-view pool; fixed linear learner; no adaptive time search,five seed-level prediction arrays generated in revision
Spearman,404,half_life_obach,/mnt/data/projects/trimole_hybrid_revision_20260915/results_strict/revision_20260917_controlled_baselines_v3/final/predictions/half_life_obach/oof_stacking_seed_404.csv,oof_stacking,controlled_three_view_pool,135,0.2139055706961292,3,available estimators/views,fixed three-view pool; fixed linear learner; no adaptive time search,five seed-level prediction arrays generated in revision
Spearman,505,half_life_obach,/mnt/data/projects/trimole_hybrid_revision_20260915/results_strict/revision_20260917_controlled_baselines_v3/final/predictions/half_life_obach/oof_stacking_seed_505.csv,oof_stacking,controlled_three_view_pool,135,0.25918428237689256,3,available estimators/views,fixed three-view pool; fixed linear learner; no adaptive time search,five seed-level prediction arrays generated in revision
Spearman,101,half_life_obach,/mnt/data/projects/trimole_hybrid_revision_20260915/results_strict/revision_20260917_controlled_baselines_v3/final/predictions/half_life_obach/per_task_single_seed_101.csv,per_task_single,controlled_three_view_pool,135,0.27932847973583586,3,available estimators/views,fixed three-view pool; fixed linear learner; no adaptive time search,five seed-level prediction arrays generated in revision
Spearman,202,half_life_obach,/mnt/data/projects/trimole_hybrid_revision_20260915/results_strict/revision_20260917_controlled_baselines_v3/final/predictions/half_life_obach/per_task_single_seed_202.csv,per_task_single,controlled_three_view_pool,135,0.27932847973583586,3,available estimators/views,fixed three-view pool; fixed linear learner; no adaptive time search,five seed-level prediction arrays generated in revision
Spearman,303,half_life_obach,/mnt/data/projects/trimole_hybrid_revision_20260915/results_strict/revision_20260917_controlled_baselines_v3/final/predictions/half_life_obach/per_task_single_seed_303.csv,per_task_single,controlled_three_view_pool,135,0.27932847973583586,3,available estimators/views,fixed three-view pool; fixed linear learner; no adaptive time search,five seed-level prediction arrays generated in revision
Spearman,404,half_life_obach,/mnt/data/projects/trimole_hybrid_revision_20260915/results_strict/revision_20260917_controlled_baselines_v3/final/predictions/half_life_obach/per_task_single_seed_404.csv,per_task_single,controlled_three_view_pool,135,0.27932847973583586,3,available estimators/views,fixed three-view pool; fixed linear learner; no adaptive time search,five seed-level prediction arrays generated in revision
Spearman,505,half_life_obach,/mnt/data/projects/trimole_hybrid_revision_20260915/results_strict/revision_20260917_controlled_baselines_v3/final/predictions/half_life_obach/per_task_single_seed_505.csv,per_task_single,controlled_three_view_pool,135,0.27932847973583586,3,available estimators/views,fixed three-view pool; fixed linear learner; no adaptive time search,five seed-level prediction arrays generated in revision
Spearman,1,half_life_obach,/mnt/data/projects/trimole_hybrid_revision_20260915/manuscript_revision/trimole_prediction_manifest_20260917/predictions/half_life_obach/seed_1.csv,trimole_hybrid,submitted_taskwise_system,135,0.4842625583640587,6,formal audited variants,historical validation-only search; six formal variants audited,five seed-level prediction arrays archived
Spearman,2,half_life_obach,/mnt/data/projects/trimole_hybrid_revision_20260915/manuscript_revision/trimole_prediction_manifest_20260917/predictions/half_life_obach/seed_2.csv,trimole_hybrid,submitted_taskwise_system,135,0.5067482808371478,6,formal audited variants,historical validation-only search; six formal variants audited,five seed-level prediction arrays archived
Spearman,3,half_life_obach,/mnt/data/projects/trimole_hybrid_revision_20260915/manuscript_revision/trimole_prediction_manifest_20260917/predictions/half_life_obach/seed_3.csv,trimole_hybrid,submitted_taskwise_system,135,0.4818844718675555,6,formal audited variants,historical validation-only search; six formal variants audited,five seed-level prediction arrays archived
Spearman,4,half_life_obach,/mnt/data/projects/trimole_hybrid_revision_20260915/manuscript_revision/trimole_prediction_manifest_20260917/predictions/half_life_obach/seed_4.csv,trimole_hybrid,submitted_taskwise_system,135,0.49363343869181747,6,formal audited variants,historical validation-only search; six formal variants audited,five seed-level prediction arrays archived
Spearman,5,half_life_obach,/mnt/data/projects/trimole_hybrid_revision_20260915/manuscript_revision/trimole_prediction_manifest_20260917/predictions/half_life_obach/seed_5.csv,trimole_hybrid,submitted_taskwise_system,135,0.49042119262423334,6,formal audited variants,historical validation-only search; six formal variants audited,five seed-level prediction arrays archived
Spearman,101,half_life_obach,/mnt/data/projects/trimole_hybrid_revision_20260915/results_strict/revision_20260917_controlled_baselines_v3/final/predictions/half_life_obach/uniform_average_seed_101.csv,uniform_average,controlled_three_view_pool,135,0.259284283840958,3,available estimators/views,fixed three-view pool; fixed linear learner; no adaptive time search,five seed-level prediction arrays generated in revision
Spearman,202,half_life_obach,/mnt/data/projects/trimole_hybrid_revision_20260915/results_strict/revision_20260917_controlled_baselines_v3/final/predictions/half_life_obach/uniform_average_seed_202.csv,uniform_average,controlled_three_view_pool,135,0.259284283840958,3,available estimators/views,fixed three-view pool; fixed linear learner; no adaptive time search,five seed-level prediction arrays generated in revision
Spearman,303,half_life_obach,/mnt/data/projects/trimole_hybrid_revision_20260915/results_strict/revision_20260917_controlled_baselines_v3/final/predictions/half_life_obach/uniform_average_seed_303.csv,uniform_average,controlled_three_view_pool,135,0.259284283840958,3,available estimators/views,fixed three-view pool; fixed linear learner; no adaptive time search,five seed-level prediction arrays generated in revision
Spearman,404,half_life_obach,/mnt/data/projects/trimole_hybrid_revision_20260915/results_strict/revision_20260917_controlled_baselines_v3/final/predictions/half_life_obach/uniform_average_seed_404.csv,uniform_average,controlled_three_view_pool,135,0.259284283840958,3,available estimators/views,fixed three-view pool; fixed linear learner; no adaptive time search,five seed-level prediction arrays generated in revision
Spearman,505,half_life_obach,/mnt/data/projects/trimole_hybrid_revision_20260915/results_strict/revision_20260917_controlled_baselines_v3/final/predictions/half_life_obach/uniform_average_seed_505.csv,uniform_average,controlled_three_view_pool,135,0.259284283840958,3,available estimators/views,fixed three-view pool; fixed linear learner; no adaptive time search,five seed-level prediction arrays generated in revision
Spearman,101,half_life_obach,/mnt/data/projects/trimole_hybrid_revision_20260915/results_strict/revision_20260917_controlled_baselines_v3/final/predictions/half_life_obach/validation_top2_average_seed_101.csv,validation_top2_average,controlled_three_view_pool,135,0.10889183812689496,3,available estimators/views,fixed three-view pool; fixed linear learner; no adaptive time search,five seed-level prediction arrays generated in revision
Spearman,202,half_life_obach,/mnt/data/projects/trimole_hybrid_revision_20260915/results_strict/revision_20260917_controlled_baselines_v3/final/predictions/half_life_obach/validation_top2_average_seed_202.csv,validation_top2_average,controlled_three_view_pool,135,0.10889183812689496,3,available estimators/views,fixed three-view pool; fixed linear learner; no adaptive time search,five seed-level prediction arrays generated in revision
Spearman,303,half_life_obach,/mnt/data/projects/trimole_hybrid_revision_20260915/results_strict/revision_20260917_controlled_baselines_v3/final/predictions/half_life_obach/validation_top2_average_seed_303.csv,validation_top2_average,controlled_three_view_pool,135,0.10889183812689496,3,available estimators/views,fixed three-view pool; fixed linear learner; no adaptive time search,five seed-level prediction arrays generated in revision
Spearman,404,half_life_obach,/mnt/data/projects/trimole_hybrid_revision_20260915/results_strict/revision_20260917_controlled_baselines_v3/final/predictions/half_life_obach/validation_top2_average_seed_404.csv,validation_top2_average,controlled_three_view_pool,135,0.10889183812689496,3,available estimators/views,fixed three-view pool; fixed linear learner; no adaptive time search,five seed-level prediction arrays generated in revision
Spearman,505,half_life_obach,/mnt/data/projects/trimole_hybrid_revision_20260915/results_strict/revision_20260917_controlled_baselines_v3/final/predictions/half_life_obach/validation_top2_average_seed_505.csv,validation_top2_average,controlled_three_view_pool,135,0.10889183812689496,3,available estimators/views,fixed three-view pool; fixed linear learner; no adaptive time search,five seed-level prediction arrays generated in revision
Spearman,101,half_life_obach,/mnt/data/projects/trimole_hybrid_revision_20260915/results_strict/revision_20260917_controlled_baselines_v3/final/predictions/half_life_obach/validation_top3_average_seed_101.csv,validation_top3_average,controlled_three_view_pool,135,0.259284283840958,3,available estimators/views,fixed three-view pool; fixed linear learner; no adaptive time search,five seed-level prediction arrays generated in revision
Spearman,202,half_life_obach,/mnt/data/projects/trimole_hybrid_revision_20260915/results_strict/revision_20260917_controlled_baselines_v3/final/predictions/half_life_obach/validation_top3_average_seed_202.csv,validation_top3_average,controlled_three_view_pool,135,0.259284283840958,3,available estimators/views,fixed three-view pool; fixed linear learner; no adaptive time search,five seed-level prediction arrays generated in revision
Spearman,303,half_life_obach,/mnt/data/projects/trimole_hybrid_revision_20260915/results_strict/revision_20260917_controlled_baselines_v3/final/predictions/half_life_obach/validation_top3_average_seed_303.csv,validation_top3_average,controlled_three_view_pool,135,0.259284283840958,3,available estimators/views,fixed three-view pool; fixed linear learner; no adaptive time search,five seed-level prediction arrays generated in revision
Spearman,404,half_life_obach,/mnt/data/projects/trimole_hybrid_revision_20260915/results_strict/revision_20260917_controlled_baselines_v3/final/predictions/half_life_obach/validation_top3_average_seed_404.csv,validation_top3_average,controlled_three_view_pool,135,0.259284283840958,3,available estimators/views,fixed three-view pool; fixed linear learner; no adaptive time search,five seed-level prediction arrays generated in revision
Spearman,505,half_life_obach,/mnt/data/projects/trimole_hybrid_revision_20260915/results_strict/revision_20260917_controlled_baselines_v3/final/predictions/half_life_obach/validation_top3_average_seed_505.csv,validation_top3_average,controlled_three_view_pool,135,0.259284283840958,3,available estimators/views,fixed three-view pool; fixed linear learner; no adaptive time search,five seed-level prediction arrays generated in revision
AUROC,101,herg,/mnt/data/projects/trimole_hybrid_revision_20260915/results_strict/revision_20260917_flaml_matched_v1/final/predictions/herg/seed_101.csv,flaml_automl,matched_budget_automl,132,0.8301914580265095,4,available estimators/views,60 seconds and <= 30 iterations per task/seed,five seed-level prediction arrays generated in revision
AUROC,202,herg,/mnt/data/projects/trimole_hybrid_revision_20260915/results_strict/revision_20260917_flaml_matched_v1/final/predictions/herg/seed_202.csv,flaml_automl,matched_budget_automl,132,0.7329896907216494,4,available estimators/views,60 seconds and <= 30 iterations per task/seed,five seed-level prediction arrays generated in revision
AUROC,303,herg,/mnt/data/projects/trimole_hybrid_revision_20260915/results_strict/revision_20260917_flaml_matched_v1/final/predictions/herg/seed_303.csv,flaml_automl,matched_budget_automl,132,0.8372606774668631,4,available estimators/views,60 seconds and <= 30 iterations per task/seed,five seed-level prediction arrays generated in revision
AUROC,404,herg,/mnt/data/projects/trimole_hybrid_revision_20260915/results_strict/revision_20260917_flaml_matched_v1/final/predictions/herg/seed_404.csv,flaml_automl,matched_budget_automl,132,0.8315169366715758,4,available estimators/views,60 seconds and <= 30 iterations per task/seed,five seed-level prediction arrays generated in revision
AUROC,505,herg,/mnt/data/projects/trimole_hybrid_revision_20260915/results_strict/revision_20260917_flaml_matched_v1/final/predictions/herg/seed_505.csv,flaml_automl,matched_budget_automl,132,0.8511045655375552,4,available estimators/views,60 seconds and <= 30 iterations per task/seed,five seed-level prediction arrays generated in revision
AUROC,101,herg,/mnt/data/projects/trimole_hybrid_revision_20260915/results_strict/revision_20260917_controlled_baselines_v3/final/predictions/herg/global_single_seed_101.csv,global_single,controlled_three_view_pool,132,0.7301914580265095,3,available estimators/views,fixed three-view pool; fixed linear learner; no adaptive time search,five seed-level prediction arrays generated in revision
AUROC,202,herg,/mnt/data/projects/trimole_hybrid_revision_20260915/results_strict/revision_20260917_controlled_baselines_v3/final/predictions/herg/global_single_seed_202.csv,global_single,controlled_three_view_pool,132,0.7207658321060383,3,available estimators/views,fixed three-view pool; fixed linear learner; no adaptive time search,five seed-level prediction arrays generated in revision
AUROC,303,herg,/mnt/data/projects/trimole_hybrid_revision_20260915/results_strict/revision_20260917_controlled_baselines_v3/final/predictions/herg/global_single_seed_303.csv,global_single,controlled_three_view_pool,132,0.7203240058910162,3,available estimators/views,fixed three-view pool; fixed linear learner; no adaptive time search,five seed-level prediction arrays generated in revision
AUROC,404,herg,/mnt/data/projects/trimole_hybrid_revision_20260915/results_strict/revision_20260917_controlled_baselines_v3/final/predictions/herg/global_single_seed_404.csv,global_single,controlled_three_view_pool,132,0.7306332842415317,3,available estimators/views,fixed three-view pool; fixed linear learner; no adaptive time search,five seed-level prediction arrays generated in revision
AUROC,505,herg,/mnt/data/projects/trimole_hybrid_revision_20260915/results_strict/revision_20260917_controlled_baselines_v3/final/predictions/herg/global_single_seed_505.csv,global_single,controlled_three_view_pool,132,0.7269513991163475,3,available estimators/views,fixed three-view pool; fixed linear learner; no adaptive time search,five seed-level prediction arrays generated in revision
AUROC,101,herg,/mnt/data/projects/trimole_hybrid_revision_20260915/results_strict/revision_20260917_controlled_baselines_v3/final/predictions/herg/oof_stacking_seed_101.csv,oof_stacking,controlled_three_view_pool,132,0.7824742268041237,3,available estimators/views,fixed three-view pool; fixed linear learner; no adaptive time search,five seed-level prediction arrays generated in revision
AUROC,202,herg,/mnt/data/projects/trimole_hybrid_revision_20260915/results_strict/revision_20260917_controlled_baselines_v3/final/predictions/herg/oof_stacking_seed_202.csv,oof_stacking,controlled_three_view_pool,132,0.7718703976435936,3,available estimators/views,fixed three-view pool; fixed linear learner; no adaptive time search,five seed-level prediction arrays generated in revision
AUROC,303,herg,/mnt/data/projects/trimole_hybrid_revision_20260915/results_strict/revision_20260917_controlled_baselines_v3/final/predictions/herg/oof_stacking_seed_303.csv,oof_stacking,controlled_three_view_pool,132,0.80279823269514,3,available estimators/views,fixed three-view pool; fixed linear learner; no adaptive time search,five seed-level prediction arrays generated in revision
AUROC,404,herg,/mnt/data/projects/trimole_hybrid_revision_20260915/results_strict/revision_20260917_controlled_baselines_v3/final/predictions/herg/oof_stacking_seed_404.csv,oof_stacking,controlled_three_view_pool,132,0.7980854197349043,3,available estimators/views,fixed three-view pool; fixed linear learner; no adaptive time search,five seed-level prediction arrays generated in revision
AUROC,505,herg,/mnt/data/projects/trimole_hybrid_revision_20260915/results_strict/revision_20260917_controlled_baselines_v3/final/predictions/herg/oof_stacking_seed_505.csv,oof_stacking,controlled_three_view_pool,132,0.7929307805596466,3,available estimators/views,fixed three-view pool; fixed linear learner; no adaptive time search,five seed-level prediction arrays generated in revision
AUROC,101,herg,/mnt/data/projects/trimole_hybrid_revision_20260915/results_strict/revision_20260917_controlled_baselines_v3/final/predictions/herg/per_task_single_seed_101.csv,per_task_single,controlled_three_view_pool,132,0.7301914580265095,3,available estimators/views,fixed three-view pool; fixed linear learner; no adaptive time search,five seed-level prediction arrays generated in revision
AUROC,202,herg,/mnt/data/projects/trimole_hybrid_revision_20260915/results_strict/revision_20260917_controlled_baselines_v3/final/predictions/herg/per_task_single_seed_202.csv,per_task_single,controlled_three_view_pool,132,0.7207658321060383,3,available estimators/views,fixed three-view pool; fixed linear learner; no adaptive time search,five seed-level prediction arrays generated in revision
AUROC,303,herg,/mnt/data/projects/trimole_hybrid_revision_20260915/results_strict/revision_20260917_controlled_baselines_v3/final/predictions/herg/per_task_single_seed_303.csv,per_task_single,controlled_three_view_pool,132,0.7203240058910162,3,available estimators/views,fixed three-view pool; fixed linear learner; no adaptive time search,five seed-level prediction arrays generated in revision
AUROC,404,herg,/mnt/data/projects/trimole_hybrid_revision_20260915/results_strict/revision_20260917_controlled_baselines_v3/final/predictions/herg/per_task_single_seed_404.csv,per_task_single,controlled_three_view_pool,132,0.7306332842415317,3,available estimators/views,fixed three-view pool; fixed linear learner; no adaptive time search,five seed-level prediction arrays generated in revision
AUROC,505,herg,/mnt/data/projects/trimole_hybrid_revision_20260915/results_strict/revision_20260917_controlled_baselines_v3/final/predictions/herg/per_task_single_seed_505.csv,per_task_single,controlled_three_view_pool,132,0.7269513991163475,3,available estimators/views,fixed three-view pool; fixed linear learner; no adaptive time search,five seed-level prediction arrays generated in revision
AUROC,101,herg,/mnt/data/projects/trimole_hybrid_revision_20260915/manuscript_revision/trimole_prediction_manifest_20260917/predictions/herg/seed_101.csv,trimole_hybrid,submitted_taskwise_system,132,0.8634756995581737,6,formal audited variants,historical validation-only search; six formal variants audited,five seed-level prediction arrays archived
AUROC,202,herg,/mnt/data/projects/trimole_hybrid_revision_20260915/manuscript_revision/trimole_prediction_manifest_20260917/predictions/herg/seed_202.csv,trimole_hybrid,submitted_taskwise_system,132,0.8673048600883652,6,formal audited variants,historical validation-only search; six formal variants audited,five seed-level prediction arrays archived
AUROC,303,herg,/mnt/data/projects/trimole_hybrid_revision_20260915/manuscript_revision/trimole_prediction_manifest_20260917/predictions/herg/seed_303.csv,trimole_hybrid,submitted_taskwise_system,132,0.8625920471281295,6,formal audited variants,historical validation-only search; six formal variants audited,five seed-level prediction arrays archived
AUROC,404,herg,/mnt/data/projects/trimole_hybrid_revision_20260915/manuscript_revision/trimole_prediction_manifest_20260917/predictions/herg/seed_404.csv,trimole_hybrid,submitted_taskwise_system,132,0.8614138438880706,6,formal audited variants,historical validation-only search; six formal variants audited,five seed-level prediction arrays archived
AUROC,505,herg,/mnt/data/projects/trimole_hybrid_revision_20260915/manuscript_revision/trimole_prediction_manifest_20260917/predictions/herg/seed_505.csv,trimole_hybrid,submitted_taskwise_system,132,0.8620029455081001,6,formal audited variants,historical validation-only search; six formal variants audited,five seed-level prediction arrays archived
AUROC,101,herg,/mnt/data/projects/trimole_hybrid_revision_20260915/results_strict/revision_20260917_controlled_baselines_v3/final/predictions/herg/uniform_average_seed_101.csv,uniform_average,controlled_three_view_pool,132,0.7820324005891016,3,available estimators/views,fixed three-view pool; fixed linear learner; no adaptive time search,five seed-level prediction arrays generated in revision
AUROC,202,herg,/mnt/data/projects/trimole_hybrid_revision_20260915/results_strict/revision_20260917_controlled_baselines_v3/final/predictions/herg/uniform_average_seed_202.csv,uniform_average,controlled_three_view_pool,132,0.7702503681885124,3,available estimators/views,fixed three-view pool; fixed linear learner; no adaptive time search,five seed-level prediction arrays generated in revision
AUROC,303,herg,/mnt/data/projects/trimole_hybrid_revision_20260915/results_strict/revision_20260917_controlled_baselines_v3/final/predictions/herg/uniform_average_seed_303.csv,uniform_average,controlled_three_view_pool,132,0.8039764359351989,3,available estimators/views,fixed three-view pool; fixed linear learner; no adaptive time search,five seed-level prediction arrays generated in revision
AUROC,404,herg,/mnt/data/projects/trimole_hybrid_revision_20260915/results_strict/revision_20260917_controlled_baselines_v3/final/predictions/herg/uniform_average_seed_404.csv,uniform_average,controlled_three_view_pool,132,0.7941089837997055,3,available estimators/views,fixed three-view pool; fixed linear learner; no adaptive time search,five seed-level prediction arrays generated in revision
AUROC,505,herg,/mnt/data/projects/trimole_hybrid_revision_20260915/results_strict/revision_20260917_controlled_baselines_v3/final/predictions/herg/uniform_average_seed_505.csv,uniform_average,controlled_three_view_pool,132,0.7942562592047129,3,available estimators/views,fixed three-view pool; fixed linear learner; no adaptive time search,five seed-level prediction arrays generated in revision
AUROC,101,herg,/mnt/data/projects/trimole_hybrid_revision_20260915/results_strict/revision_20260917_controlled_baselines_v3/final/predictions/herg/validation_top2_average_seed_101.csv,validation_top2_average,controlled_three_view_pool,132,0.7537555228276878,3,available estimators/views,fixed three-view pool; fixed linear learner; no adaptive time search,five seed-level prediction arrays generated in revision
AUROC,202,herg,/mnt/data/projects/trimole_hybrid_revision_20260915/results_strict/revision_20260917_controlled_baselines_v3/final/predictions/herg/validation_top2_average_seed_202.csv,validation_top2_average,controlled_three_view_pool,132,0.7634756995581737,3,available estimators/views,fixed three-view pool; fixed linear learner; no adaptive time search,five seed-level prediction arrays generated in revision
AUROC,303,herg,/mnt/data/projects/trimole_hybrid_revision_20260915/results_strict/revision_20260917_controlled_baselines_v3/final/predictions/herg/validation_top2_average_seed_303.csv,validation_top2_average,controlled_three_view_pool,132,0.7665684830633284,3,available estimators/views,fixed three-view pool; fixed linear learner; no adaptive time search,five seed-level prediction arrays generated in revision
AUROC,404,herg,/mnt/data/projects/trimole_hybrid_revision_20260915/results_strict/revision_20260917_controlled_baselines_v3/final/predictions/herg/validation_top2_average_seed_404.csv,validation_top2_average,controlled_three_view_pool,132,0.741678939617084,3,available estimators/views,fixed three-view pool; fixed linear learner; no adaptive time search,five seed-level prediction arrays generated in revision
AUROC,505,herg,/mnt/data/projects/trimole_hybrid_revision_20260915/results_strict/revision_20260917_controlled_baselines_v3/final/predictions/herg/validation_top2_average_seed_505.csv,validation_top2_average,controlled_three_view_pool,132,0.7608247422680412,3,available estimators/views,fixed three-view pool; fixed linear learner; no adaptive time search,five seed-level prediction arrays generated in revision
AUROC,101,herg,/mnt/data/projects/trimole_hybrid_revision_20260915/results_strict/revision_20260917_controlled_baselines_v3/final/predictions/herg/validation_top3_average_seed_101.csv,validation_top3_average,controlled_three_view_pool,132,0.7820324005891016,3,available estimators/views,fixed three-view pool; fixed linear learner; no adaptive time search,five seed-level prediction arrays generated in revision
AUROC,202,herg,/mnt/data/projects/trimole_hybrid_revision_20260915/results_strict/revision_20260917_controlled_baselines_v3/final/predictions/herg/validation_top3_average_seed_202.csv,validation_top3_average,controlled_three_view_pool,132,0.7702503681885124,3,available estimators/views,fixed three-view pool; fixed linear learner; no adaptive time search,five seed-level prediction arrays generated in revision
AUROC,303,herg,/mnt/data/projects/trimole_hybrid_revision_20260915/results_strict/revision_20260917_controlled_baselines_v3/final/predictions/herg/validation_top3_average_seed_303.csv,validation_top3_average,controlled_three_view_pool,132,0.8039764359351989,3,available estimators/views,fixed three-view pool; fixed linear learner; no adaptive time search,five seed-level prediction arrays generated in revision
AUROC,404,herg,/mnt/data/projects/trimole_hybrid_revision_20260915/results_strict/revision_20260917_controlled_baselines_v3/final/predictions/herg/validation_top3_average_seed_404.csv,validation_top3_average,controlled_three_view_pool,132,0.7941089837997055,3,available estimators/views,fixed three-view pool; fixed linear learner; no adaptive time search,five seed-level prediction arrays generated in revision
AUROC,505,herg,/mnt/data/projects/trimole_hybrid_revision_20260915/results_strict/revision_20260917_controlled_baselines_v3/final/predictions/herg/validation_top3_average_seed_505.csv,validation_top3_average,controlled_three_view_pool,132,0.7942562592047129,3,available estimators/views,fixed three-view pool; fixed linear learner; no adaptive time search,five seed-level prediction arrays generated in revision
AUROC,101,hia_hou,/mnt/data/projects/trimole_hybrid_revision_20260915/results_strict/revision_20260917_flaml_matched_v1/final/predictions/hia_hou/seed_101.csv,flaml_automl,matched_budget_automl,117,0.9378600823045268,4,available estimators/views,60 seconds and <= 30 iterations per task/seed,five seed-level prediction arrays generated in revision
AUROC,202,hia_hou,/mnt/data/projects/trimole_hybrid_revision_20260915/results_strict/revision_20260917_flaml_matched_v1/final/predictions/hia_hou/seed_202.csv,flaml_automl,matched_budget_automl,117,0.8936213991769547,4,available estimators/views,60 seconds and <= 30 iterations per task/seed,five seed-level prediction arrays generated in revision
AUROC,303,hia_hou,/mnt/data/projects/trimole_hybrid_revision_20260915/results_strict/revision_20260917_flaml_matched_v1/final/predictions/hia_hou/seed_303.csv,flaml_automl,matched_budget_automl,117,0.9477366255144034,4,available estimators/views,60 seconds and <= 30 iterations per task/seed,five seed-level prediction arrays generated in revision
AUROC,404,hia_hou,/mnt/data/projects/trimole_hybrid_revision_20260915/results_strict/revision_20260917_flaml_matched_v1/final/predictions/hia_hou/seed_404.csv,flaml_automl,matched_budget_automl,117,0.929835390946502,4,available estimators/views,60 seconds and <= 30 iterations per task/seed,five seed-level prediction arrays generated in revision
AUROC,505,hia_hou,/mnt/data/projects/trimole_hybrid_revision_20260915/results_strict/revision_20260917_flaml_matched_v1/final/predictions/hia_hou/seed_505.csv,flaml_automl,matched_budget_automl,117,0.9654320987654321,4,available estimators/views,60 seconds and <= 30 iterations per task/seed,five seed-level prediction arrays generated in revision
AUROC,101,hia_hou,/mnt/data/projects/trimole_hybrid_revision_20260915/results_strict/revision_20260917_controlled_baselines_v3/final/predictions/hia_hou/global_single_seed_101.csv,global_single,controlled_three_view_pool,117,0.7604938271604937,3,available estimators/views,fixed three-view pool; fixed linear learner; no adaptive time search,five seed-level prediction arrays generated in revision
AUROC,202,hia_hou,/mnt/data/projects/trimole_hybrid_revision_20260915/results_strict/revision_20260917_controlled_baselines_v3/final/predictions/hia_hou/global_single_seed_202.csv,global_single,controlled_three_view_pool,117,0.7810699588477367,3,available estimators/views,fixed three-view pool; fixed linear learner; no adaptive time search,five seed-level prediction arrays generated in revision
AUROC,303,hia_hou,/mnt/data/projects/trimole_hybrid_revision_20260915/results_strict/revision_20260917_controlled_baselines_v3/final/predictions/hia_hou/global_single_seed_303.csv,global_single,controlled_three_view_pool,117,0.7674897119341565,3,available estimators/views,fixed three-view pool; fixed linear learner; no adaptive time search,five seed-level prediction arrays generated in revision
AUROC,404,hia_hou,/mnt/data/projects/trimole_hybrid_revision_20260915/results_strict/revision_20260917_controlled_baselines_v3/final/predictions/hia_hou/global_single_seed_404.csv,global_single,controlled_three_view_pool,117,0.7561728395061729,3,available estimators/views,fixed three-view pool; fixed linear learner; no adaptive time search,five seed-level prediction arrays generated in revision
AUROC,505,hia_hou,/mnt/data/projects/trimole_hybrid_revision_20260915/results_strict/revision_20260917_controlled_baselines_v3/final/predictions/hia_hou/global_single_seed_505.csv,global_single,controlled_three_view_pool,117,0.7500000000000001,3,available estimators/views,fixed three-view pool; fixed linear learner; no adaptive time search,five seed-level prediction arrays generated in revision
AUROC,101,hia_hou,/mnt/data/projects/trimole_hybrid_revision_20260915/results_strict/revision_20260917_controlled_baselines_v3/final/predictions/hia_hou/oof_stacking_seed_101.csv,oof_stacking,controlled_three_view_pool,117,0.9534979423868313,3,available estimators/views,fixed three-view pool; fixed linear learner; no adaptive time search,five seed-level prediction arrays generated in revision
AUROC,202,hia_hou,/mnt/data/projects/trimole_hybrid_revision_20260915/results_strict/revision_20260917_controlled_baselines_v3/final/predictions/hia_hou/oof_stacking_seed_202.csv,oof_stacking,controlled_three_view_pool,117,0.9736625514403293,3,available estimators/views,fixed three-view pool; fixed linear learner; no adaptive time search,five seed-level prediction arrays generated in revision
AUROC,303,hia_hou,/mnt/data/projects/trimole_hybrid_revision_20260915/results_strict/revision_20260917_controlled_baselines_v3/final/predictions/hia_hou/oof_stacking_seed_303.csv,oof_stacking,controlled_three_view_pool,117,0.9524691358024692,3,available estimators/views,fixed three-view pool; fixed linear learner; no adaptive time search,five seed-level prediction arrays generated in revision
AUROC,404,hia_hou,/mnt/data/projects/trimole_hybrid_revision_20260915/results_strict/revision_20260917_controlled_baselines_v3/final/predictions/hia_hou/oof_stacking_seed_404.csv,oof_stacking,controlled_three_view_pool,117,0.9705761316872428,3,available estimators/views,fixed three-view pool; fixed linear learner; no adaptive time search,five seed-level prediction arrays generated in revision
AUROC,505,hia_hou,/mnt/data/projects/trimole_hybrid_revision_20260915/results_strict/revision_20260917_controlled_baselines_v3/final/predictions/hia_hou/oof_stacking_seed_505.csv,oof_stacking,controlled_three_view_pool,117,0.9792181069958849,3,available estimators/views,fixed three-view pool; fixed linear learner; no adaptive time search,five seed-level prediction arrays generated in revision
AUROC,101,hia_hou,/mnt/data/projects/trimole_hybrid_revision_20260915/results_strict/revision_20260917_controlled_baselines_v3/final/predictions/hia_hou/per_task_single_seed_101.csv,per_task_single,controlled_three_view_pool,117,0.8625514403292182,3,available estimators/views,fixed three-view pool; fixed linear learner; no adaptive time search,five seed-level prediction arrays generated in revision
AUROC,202,hia_hou,/mnt/data/projects/trimole_hybrid_revision_20260915/results_strict/revision_20260917_controlled_baselines_v3/final/predictions/hia_hou/per_task_single_seed_202.csv,per_task_single,controlled_three_view_pool,117,0.8944444444444444,3,available estimators/views,fixed three-view pool; fixed linear learner; no adaptive time search,five seed-level prediction arrays generated in revision
AUROC,303,hia_hou,/mnt/data/projects/trimole_hybrid_revision_20260915/results_strict/revision_20260917_controlled_baselines_v3/final/predictions/hia_hou/per_task_single_seed_303.csv,per_task_single,controlled_three_view_pool,117,0.9148148148148149,3,available estimators/views,fixed three-view pool; fixed linear learner; no adaptive time search,five seed-level prediction arrays generated in revision
AUROC,404,hia_hou,/mnt/data/projects/trimole_hybrid_revision_20260915/results_strict/revision_20260917_controlled_baselines_v3/final/predictions/hia_hou/per_task_single_seed_404.csv,per_task_single,controlled_three_view_pool,117,0.9148148148148149,3,available estimators/views,fixed three-view pool; fixed linear learner; no adaptive time search,five seed-level prediction arrays generated in revision
AUROC,505,hia_hou,/mnt/data/projects/trimole_hybrid_revision_20260915/results_strict/revision_20260917_controlled_baselines_v3/final/predictions/hia_hou/per_task_single_seed_505.csv,per_task_single,controlled_three_view_pool,117,0.9111111111111111,3,available estimators/views,fixed three-view pool; fixed linear learner; no adaptive time search,five seed-level prediction arrays generated in revision
AUROC,1,hia_hou,/mnt/data/projects/trimole_hybrid_revision_20260915/manuscript_revision/trimole_prediction_manifest_20260917/predictions/hia_hou/seed_1.csv,trimole_hybrid,submitted_taskwise_system,117,0.9921810699588477,6,formal audited variants,historical validation-only search; six formal variants audited,five seed-level prediction arrays archived
AUROC,2,hia_hou,/mnt/data/projects/trimole_hybrid_revision_20260915/manuscript_revision/trimole_prediction_manifest_20260917/predictions/hia_hou/seed_2.csv,trimole_hybrid,submitted_taskwise_system,117,0.9956790123456791,6,formal audited variants,historical validation-only search; six formal variants audited,five seed-level prediction arrays archived
AUROC,3,hia_hou,/mnt/data/projects/trimole_hybrid_revision_20260915/manuscript_revision/trimole_prediction_manifest_20260917/predictions/hia_hou/seed_3.csv,trimole_hybrid,submitted_taskwise_system,117,0.9962962962962963,6,formal audited variants,historical validation-only search; six formal variants audited,five seed-level prediction arrays archived
AUROC,4,hia_hou,/mnt/data/projects/trimole_hybrid_revision_20260915/manuscript_revision/trimole_prediction_manifest_20260917/predictions/hia_hou/seed_4.csv,trimole_hybrid,submitted_taskwise_system,117,0.994238683127572,6,formal audited variants,historical validation-only search; six formal variants audited,five seed-level prediction arrays archived
AUROC,5,hia_hou,/mnt/data/projects/trimole_hybrid_revision_20260915/manuscript_revision/trimole_prediction_manifest_20260917/predictions/hia_hou/seed_5.csv,trimole_hybrid,submitted_taskwise_system,117,0.9930041152263375,6,formal audited variants,historical validation-only search; six formal variants audited,five seed-level prediction arrays archived
AUROC,101,hia_hou,/mnt/data/projects/trimole_hybrid_revision_20260915/results_strict/revision_20260917_controlled_baselines_v3/final/predictions/hia_hou/uniform_average_seed_101.csv,uniform_average,controlled_three_view_pool,117,0.9454732510288066,3,available estimators/views,fixed three-view pool; fixed linear learner; no adaptive time search,five seed-level prediction arrays generated in revision
AUROC,202,hia_hou,/mnt/data/projects/trimole_hybrid_revision_20260915/results_strict/revision_20260917_controlled_baselines_v3/final/predictions/hia_hou/uniform_average_seed_202.csv,uniform_average,controlled_three_view_pool,117,0.9588477366255146,3,available estimators/views,fixed three-view pool; fixed linear learner; no adaptive time search,five seed-level prediction arrays generated in revision
AUROC,303,hia_hou,/mnt/data/projects/trimole_hybrid_revision_20260915/results_strict/revision_20260917_controlled_baselines_v3/final/predictions/hia_hou/uniform_average_seed_303.csv,uniform_average,controlled_three_view_pool,117,0.9397119341563787,3,available estimators/views,fixed three-view pool; fixed linear learner; no adaptive time search,five seed-level prediction arrays generated in revision
AUROC,404,hia_hou,/mnt/data/projects/trimole_hybrid_revision_20260915/results_strict/revision_20260917_controlled_baselines_v3/final/predictions/hia_hou/uniform_average_seed_404.csv,uniform_average,controlled_three_view_pool,117,0.9532921810699588,3,available estimators/views,fixed three-view pool; fixed linear learner; no adaptive time search,five seed-level prediction arrays generated in revision
AUROC,505,hia_hou,/mnt/data/projects/trimole_hybrid_revision_20260915/results_strict/revision_20260917_controlled_baselines_v3/final/predictions/hia_hou/uniform_average_seed_505.csv,uniform_average,controlled_three_view_pool,117,0.954320987654321,3,available estimators/views,fixed three-view pool; fixed linear learner; no adaptive time search,five seed-level prediction arrays generated in revision
AUROC,101,hia_hou,/mnt/data/projects/trimole_hybrid_revision_20260915/results_strict/revision_20260917_controlled_baselines_v3/final/predictions/hia_hou/validation_top2_average_seed_101.csv,validation_top2_average,controlled_three_view_pool,117,0.9074074074074074,3,available estimators/views,fixed three-view pool; fixed linear learner; no adaptive time search,five seed-level prediction arrays generated in revision
AUROC,202,hia_hou,/mnt/data/projects/trimole_hybrid_revision_20260915/results_strict/revision_20260917_controlled_baselines_v3/final/predictions/hia_hou/validation_top2_average_seed_202.csv,validation_top2_average,controlled_three_view_pool,117,0.9261316872427984,3,available estimators/views,fixed three-view pool; fixed linear learner; no adaptive time search,five seed-level prediction arrays generated in revision
AUROC,303,hia_hou,/mnt/data/projects/trimole_hybrid_revision_20260915/results_strict/revision_20260917_controlled_baselines_v3/final/predictions/hia_hou/validation_top2_average_seed_303.csv,validation_top2_average,controlled_three_view_pool,117,0.932716049382716,3,available estimators/views,fixed three-view pool; fixed linear learner; no adaptive time search,five seed-level prediction arrays generated in revision
AUROC,404,hia_hou,/mnt/data/projects/trimole_hybrid_revision_20260915/results_strict/revision_20260917_controlled_baselines_v3/final/predictions/hia_hou/validation_top2_average_seed_404.csv,validation_top2_average,controlled_three_view_pool,117,0.9304526748971192,3,available estimators/views,fixed three-view pool; fixed linear learner; no adaptive time search,five seed-level prediction arrays generated in revision
AUROC,505,hia_hou,/mnt/data/projects/trimole_hybrid_revision_20260915/results_strict/revision_20260917_controlled_baselines_v3/final/predictions/hia_hou/validation_top2_average_seed_505.csv,validation_top2_average,controlled_three_view_pool,117,0.9253086419753087,3,available estimators/views,fixed three-view pool; fixed linear learner; no adaptive time search,five seed-level prediction arrays generated in revision
AUROC,101,hia_hou,/mnt/data/projects/trimole_hybrid_revision_20260915/results_strict/revision_20260917_controlled_baselines_v3/final/predictions/hia_hou/validation_top3_average_seed_101.csv,validation_top3_average,controlled_three_view_pool,117,0.9454732510288066,3,available estimators/views,fixed three-view pool; fixed linear learner; no adaptive time search,five seed-level prediction arrays generated in revision
AUROC,202,hia_hou,/mnt/data/projects/trimole_hybrid_revision_20260915/results_strict/revision_20260917_controlled_baselines_v3/final/predictions/hia_hou/validation_top3_average_seed_202.csv,validation_top3_average,controlled_three_view_pool,117,0.9588477366255146,3,available estimators/views,fixed three-view pool; fixed linear learner; no adaptive time search,five seed-level prediction arrays generated in revision
AUROC,303,hia_hou,/mnt/data/projects/trimole_hybrid_revision_20260915/results_strict/revision_20260917_controlled_baselines_v3/final/predictions/hia_hou/validation_top3_average_seed_303.csv,validation_top3_average,controlled_three_view_pool,117,0.9397119341563787,3,available estimators/views,fixed three-view pool; fixed linear learner; no adaptive time search,five seed-level prediction arrays generated in revision
AUROC,404,hia_hou,/mnt/data/projects/trimole_hybrid_revision_20260915/results_strict/revision_20260917_controlled_baselines_v3/final/predictions/hia_hou/validation_top3_average_seed_404.csv,validation_top3_average,controlled_three_view_pool,117,0.9532921810699588,3,available estimators/views,fixed three-view pool; fixed linear learner; no adaptive time search,five seed-level prediction arrays generated in revision
AUROC,505,hia_hou,/mnt/data/projects/trimole_hybrid_revision_20260915/results_strict/revision_20260917_controlled_baselines_v3/final/predictions/hia_hou/validation_top3_average_seed_505.csv,validation_top3_average,controlled_three_view_pool,117,0.954320987654321,3,available estimators/views,fixed three-view pool; fixed linear learner; no adaptive time search,five seed-level prediction arrays generated in revision
MAE,101,ld50_zhu,/mnt/data/projects/trimole_hybrid_revision_20260915/results_strict/revision_20260917_flaml_matched_v1/final/predictions/ld50_zhu/seed_101.csv,flaml_automl,matched_budget_automl,1478,0.6704763217488549,3,available estimators/views,60 seconds and <= 30 iterations per task/seed,five seed-level prediction arrays generated in revision
MAE,202,ld50_zhu,/mnt/data/projects/trimole_hybrid_revision_20260915/results_strict/revision_20260917_flaml_matched_v1/final/predictions/ld50_zhu/seed_202.csv,flaml_automl,matched_budget_automl,1478,0.6610444356314383,3,available estimators/views,60 seconds and <= 30 iterations per task/seed,five seed-level prediction arrays generated in revision
MAE,303,ld50_zhu,/mnt/data/projects/trimole_hybrid_revision_20260915/results_strict/revision_20260917_flaml_matched_v1/final/predictions/ld50_zhu/seed_303.csv,flaml_automl,matched_budget_automl,1478,0.6577373440030141,3,available estimators/views,60 seconds and <= 30 iterations per task/seed,five seed-level prediction arrays generated in revision
MAE,404,ld50_zhu,/mnt/data/projects/trimole_hybrid_revision_20260915/results_strict/revision_20260917_flaml_matched_v1/final/predictions/ld50_zhu/seed_404.csv,flaml_automl,matched_budget_automl,1478,0.6283510722442958,3,available estimators/views,60 seconds and <= 30 iterations per task/seed,five seed-level prediction arrays generated in revision
MAE,505,ld50_zhu,/mnt/data/projects/trimole_hybrid_revision_20260915/results_strict/revision_20260917_flaml_matched_v1/final/predictions/ld50_zhu/seed_505.csv,flaml_automl,matched_budget_automl,1478,0.6745548202644411,3,available estimators/views,60 seconds and <= 30 iterations per task/seed,five seed-level prediction arrays generated in revision
MAE,101,ld50_zhu,/mnt/data/projects/trimole_hybrid_revision_20260915/results_strict/revision_20260917_controlled_baselines_v3/final/predictions/ld50_zhu/global_single_seed_101.csv,global_single,controlled_three_view_pool,1478,0.6739934812759999,3,available estimators/views,fixed three-view pool; fixed linear learner; no adaptive time search,five seed-level prediction arrays generated in revision
MAE,202,ld50_zhu,/mnt/data/projects/trimole_hybrid_revision_20260915/results_strict/revision_20260917_controlled_baselines_v3/final/predictions/ld50_zhu/global_single_seed_202.csv,global_single,controlled_three_view_pool,1478,0.6739934812759999,3,available estimators/views,fixed three-view pool; fixed linear learner; no adaptive time search,five seed-level prediction arrays generated in revision
MAE,303,ld50_zhu,/mnt/data/projects/trimole_hybrid_revision_20260915/results_strict/revision_20260917_controlled_baselines_v3/final/predictions/ld50_zhu/global_single_seed_303.csv,global_single,controlled_three_view_pool,1478,0.6739934812759999,3,available estimators/views,fixed three-view pool; fixed linear learner; no adaptive time search,five seed-level prediction arrays generated in revision
MAE,404,ld50_zhu,/mnt/data/projects/trimole_hybrid_revision_20260915/results_strict/revision_20260917_controlled_baselines_v3/final/predictions/ld50_zhu/global_single_seed_404.csv,global_single,controlled_three_view_pool,1478,0.6739934812759999,3,available estimators/views,fixed three-view pool; fixed linear learner; no adaptive time search,five seed-level prediction arrays generated in revision
MAE,505,ld50_zhu,/mnt/data/projects/trimole_hybrid_revision_20260915/results_strict/revision_20260917_controlled_baselines_v3/final/predictions/ld50_zhu/global_single_seed_505.csv,global_single,controlled_three_view_pool,1478,0.6739934812759999,3,available estimators/views,fixed three-view pool; fixed linear learner; no adaptive time search,five seed-level prediction arrays generated in revision
MAE,101,ld50_zhu,/mnt/data/projects/trimole_hybrid_revision_20260915/results_strict/revision_20260917_controlled_baselines_v3/final/predictions/ld50_zhu/oof_stacking_seed_101.csv,oof_stacking,controlled_three_view_pool,1478,0.6075104399436628,3,available estimators/views,fixed three-view pool; fixed linear learner; no adaptive time search,five seed-level prediction arrays generated in revision
MAE,202,ld50_zhu,/mnt/data/projects/trimole_hybrid_revision_20260915/results_strict/revision_20260917_controlled_baselines_v3/final/predictions/ld50_zhu/oof_stacking_seed_202.csv,oof_stacking,controlled_three_view_pool,1478,0.608808464786078,3,available estimators/views,fixed three-view pool; fixed linear learner; no adaptive time search,five seed-level prediction arrays generated in revision
MAE,303,ld50_zhu,/mnt/data/projects/trimole_hybrid_revision_20260915/results_strict/revision_20260917_controlled_baselines_v3/final/predictions/ld50_zhu/oof_stacking_seed_303.csv,oof_stacking,controlled_three_view_pool,1478,0.6096303041394859,3,available estimators/views,fixed three-view pool; fixed linear learner; no adaptive time search,five seed-level prediction arrays generated in revision
MAE,404,ld50_zhu,/mnt/data/projects/trimole_hybrid_revision_20260915/results_strict/revision_20260917_controlled_baselines_v3/final/predictions/ld50_zhu/oof_stacking_seed_404.csv,oof_stacking,controlled_three_view_pool,1478,0.6085063235655259,3,available estimators/views,fixed three-view pool; fixed linear learner; no adaptive time search,five seed-level prediction arrays generated in revision
MAE,505,ld50_zhu,/mnt/data/projects/trimole_hybrid_revision_20260915/results_strict/revision_20260917_controlled_baselines_v3/final/predictions/ld50_zhu/oof_stacking_seed_505.csv,oof_stacking,controlled_three_view_pool,1478,0.6078991939759245,3,available estimators/views,fixed three-view pool; fixed linear learner; no adaptive time search,five seed-level prediction arrays generated in revision
MAE,101,ld50_zhu,/mnt/data/projects/trimole_hybrid_revision_20260915/results_strict/revision_20260917_controlled_baselines_v3/final/predictions/ld50_zhu/per_task_single_seed_101.csv,per_task_single,controlled_three_view_pool,1478,0.7653379705278089,3,available estimators/views,fixed three-view pool; fixed linear learner; no adaptive time search,five seed-level prediction arrays generated in revision
MAE,202,ld50_zhu,/mnt/data/projects/trimole_hybrid_revision_20260915/results_strict/revision_20260917_controlled_baselines_v3/final/predictions/ld50_zhu/per_task_single_seed_202.csv,per_task_single,controlled_three_view_pool,1478,0.7653379705278089,3,available estimators/views,fixed three-view pool; fixed linear learner; no adaptive time search,five seed-level prediction arrays generated in revision
MAE,303,ld50_zhu,/mnt/data/projects/trimole_hybrid_revision_20260915/results_strict/revision_20260917_controlled_baselines_v3/final/predictions/ld50_zhu/per_task_single_seed_303.csv,per_task_single,controlled_three_view_pool,1478,0.7653379705278089,3,available estimators/views,fixed three-view pool; fixed linear learner; no adaptive time search,five seed-level prediction arrays generated in revision
MAE,404,ld50_zhu,/mnt/data/projects/trimole_hybrid_revision_20260915/results_strict/revision_20260917_controlled_baselines_v3/final/predictions/ld50_zhu/per_task_single_seed_404.csv,per_task_single,controlled_three_view_pool,1478,0.7653379705278089,3,available estimators/views,fixed three-view pool; fixed linear learner; no adaptive time search,five seed-level prediction arrays generated in revision
MAE,505,ld50_zhu,/mnt/data/projects/trimole_hybrid_revision_20260915/results_strict/revision_20260917_controlled_baselines_v3/final/predictions/ld50_zhu/per_task_single_seed_505.csv,per_task_single,controlled_three_view_pool,1478,0.7653379705278089,3,available estimators/views,fixed three-view pool; fixed linear learner; no adaptive time search,five seed-level prediction arrays generated in revision
MAE,101,ld50_zhu,/mnt/data/projects/trimole_hybrid_revision_20260915/manuscript_revision/trimole_prediction_manifest_20260917/predictions/ld50_zhu/seed_101.csv,trimole_hybrid,submitted_taskwise_system,1478,0.6044047203825357,6,formal audited variants,historical validation-only search; six formal variants audited,five seed-level prediction arrays archived
MAE,202,ld50_zhu,/mnt/data/projects/trimole_hybrid_revision_20260915/manuscript_revision/trimole_prediction_manifest_20260917/predictions/ld50_zhu/seed_202.csv,trimole_hybrid,submitted_taskwise_system,1478,0.6063922770826677,6,formal audited variants,historical validation-only search; six formal variants audited,five seed-level prediction arrays archived
MAE,303,ld50_zhu,/mnt/data/projects/trimole_hybrid_revision_20260915/manuscript_revision/trimole_prediction_manifest_20260917/predictions/ld50_zhu/seed_303.csv,trimole_hybrid,submitted_taskwise_system,1478,0.60147332616104,6,formal audited variants,historical validation-only search; six formal variants audited,five seed-level prediction arrays archived
MAE,404,ld50_zhu,/mnt/data/projects/trimole_hybrid_revision_20260915/manuscript_revision/trimole_prediction_manifest_20260917/predictions/ld50_zhu/seed_404.csv,trimole_hybrid,submitted_taskwise_system,1478,0.6059489385904252,6,formal audited variants,historical validation-only search; six formal variants audited,five seed-level prediction arrays archived
MAE,505,ld50_zhu,/mnt/data/projects/trimole_hybrid_revision_20260915/manuscript_revision/trimole_prediction_manifest_20260917/predictions/ld50_zhu/seed_505.csv,trimole_hybrid,submitted_taskwise_system,1478,0.5971354997167729,6,formal audited variants,historical validation-only search; six formal variants audited,five seed-level prediction arrays archived
MAE,101,ld50_zhu,/mnt/data/projects/trimole_hybrid_revision_20260915/results_strict/revision_20260917_controlled_baselines_v3/final/predictions/ld50_zhu/uniform_average_seed_101.csv,uniform_average,controlled_three_view_pool,1478,0.6134245111354041,3,available estimators/views,fixed three-view pool; fixed linear learner; no adaptive time search,five seed-level prediction arrays generated in revision
MAE,202,ld50_zhu,/mnt/data/projects/trimole_hybrid_revision_20260915/results_strict/revision_20260917_controlled_baselines_v3/final/predictions/ld50_zhu/uniform_average_seed_202.csv,uniform_average,controlled_three_view_pool,1478,0.6134245111354041,3,available estimators/views,fixed three-view pool; fixed linear learner; no adaptive time search,five seed-level prediction arrays generated in revision
MAE,303,ld50_zhu,/mnt/data/projects/trimole_hybrid_revision_20260915/results_strict/revision_20260917_controlled_baselines_v3/final/predictions/ld50_zhu/uniform_average_seed_303.csv,uniform_average,controlled_three_view_pool,1478,0.6134245111354041,3,available estimators/views,fixed three-view pool; fixed linear learner; no adaptive time search,five seed-level prediction arrays generated in revision
MAE,404,ld50_zhu,/mnt/data/projects/trimole_hybrid_revision_20260915/results_strict/revision_20260917_controlled_baselines_v3/final/predictions/ld50_zhu/uniform_average_seed_404.csv,uniform_average,controlled_three_view_pool,1478,0.6134245111354041,3,available estimators/views,fixed three-view pool; fixed linear learner; no adaptive time search,five seed-level prediction arrays generated in revision
MAE,505,ld50_zhu,/mnt/data/projects/trimole_hybrid_revision_20260915/results_strict/revision_20260917_controlled_baselines_v3/final/predictions/ld50_zhu/uniform_average_seed_505.csv,uniform_average,controlled_three_view_pool,1478,0.6134245111354041,3,available estimators/views,fixed three-view pool; fixed linear learner; no adaptive time search,five seed-level prediction arrays generated in revision
MAE,101,ld50_zhu,/mnt/data/projects/trimole_hybrid_revision_20260915/results_strict/revision_20260917_controlled_baselines_v3/final/predictions/ld50_zhu/validation_top2_average_seed_101.csv,validation_top2_average,controlled_three_view_pool,1478,0.6787262188943055,3,available estimators/views,fixed three-view pool; fixed linear learner; no adaptive time search,five seed-level prediction arrays generated in revision
MAE,202,ld50_zhu,/mnt/data/projects/trimole_hybrid_revision_20260915/results_strict/revision_20260917_controlled_baselines_v3/final/predictions/ld50_zhu/validation_top2_average_seed_202.csv,validation_top2_average,controlled_three_view_pool,1478,0.6787262188943055,3,available estimators/views,fixed three-view pool; fixed linear learner; no adaptive time search,five seed-level prediction arrays generated in revision
MAE,303,ld50_zhu,/mnt/data/projects/trimole_hybrid_revision_20260915/results_strict/revision_20260917_controlled_baselines_v3/final/predictions/ld50_zhu/validation_top2_average_seed_303.csv,validation_top2_average,controlled_three_view_pool,1478,0.6787262188943055,3,available estimators/views,fixed three-view pool; fixed linear learner; no adaptive time search,five seed-level prediction arrays generated in revision
MAE,404,ld50_zhu,/mnt/data/projects/trimole_hybrid_revision_20260915/results_strict/revision_20260917_controlled_baselines_v3/final/predictions/ld50_zhu/validation_top2_average_seed_404.csv,validation_top2_average,controlled_three_view_pool,1478,0.6787262188943055,3,available estimators/views,fixed three-view pool; fixed linear learner; no adaptive time search,five seed-level prediction arrays generated in revision
MAE,505,ld50_zhu,/mnt/data/projects/trimole_hybrid_revision_20260915/results_strict/revision_20260917_controlled_baselines_v3/final/predictions/ld50_zhu/validation_top2_average_seed_505.csv,validation_top2_average,controlled_three_view_pool,1478,0.6787262188943055,3,available estimators/views,fixed three-view pool; fixed linear learner; no adaptive time search,five seed-level prediction arrays generated in revision
MAE,101,ld50_zhu,/mnt/data/projects/trimole_hybrid_revision_20260915/results_strict/revision_20260917_controlled_baselines_v3/final/predictions/ld50_zhu/validation_top3_average_seed_101.csv,validation_top3_average,controlled_three_view_pool,1478,0.6134245111354041,3,available estimators/views,fixed three-view pool; fixed linear learner; no adaptive time search,five seed-level prediction arrays generated in revision
MAE,202,ld50_zhu,/mnt/data/projects/trimole_hybrid_revision_20260915/results_strict/revision_20260917_controlled_baselines_v3/final/predictions/ld50_zhu/validation_top3_average_seed_202.csv,validation_top3_average,controlled_three_view_pool,1478,0.6134245111354041,3,available estimators/views,fixed three-view pool; fixed linear learner; no adaptive time search,five seed-level prediction arrays generated in revision
MAE,303,ld50_zhu,/mnt/data/projects/trimole_hybrid_revision_20260915/results_strict/revision_20260917_controlled_baselines_v3/final/predictions/ld50_zhu/validation_top3_average_seed_303.csv,validation_top3_average,controlled_three_view_pool,1478,0.6134245111354041,3,available estimators/views,fixed three-view pool; fixed linear learner; no adaptive time search,five seed-level prediction arrays generated in revision
MAE,404,ld50_zhu,/mnt/data/projects/trimole_hybrid_revision_20260915/results_strict/revision_20260917_controlled_baselines_v3/final/predictions/ld50_zhu/validation_top3_average_seed_404.csv,validation_top3_average,controlled_three_view_pool,1478,0.6134245111354041,3,available estimators/views,fixed three-view pool; fixed linear learner; no adaptive time search,five seed-level prediction arrays generated in revision
MAE,505,ld50_zhu,/mnt/data/projects/trimole_hybrid_revision_20260915/results_strict/revision_20260917_controlled_baselines_v3/final/predictions/ld50_zhu/validation_top3_average_seed_505.csv,validation_top3_average,controlled_three_view_pool,1478,0.6134245111354041,3,available estimators/views,fixed three-view pool; fixed linear learner; no adaptive time search,five seed-level prediction arrays generated in revision
MAE,101,lipophilicity_astrazeneca,/mnt/data/projects/trimole_hybrid_revision_20260915/results_strict/revision_20260917_flaml_matched_v1/final/predictions/lipophilicity_astrazeneca/seed_101.csv,flaml_automl,matched_budget_automl,840,0.6569617103870203,3,available estimators/views,60 seconds and <= 30 iterations per task/seed,five seed-level prediction arrays generated in revision
MAE,202,lipophilicity_astrazeneca,/mnt/data/projects/trimole_hybrid_revision_20260915/results_strict/revision_20260917_flaml_matched_v1/final/predictions/lipophilicity_astrazeneca/seed_202.csv,flaml_automl,matched_budget_automl,840,0.6130244162532368,3,available estimators/views,60 seconds and <= 30 iterations per task/seed,five seed-level prediction arrays generated in revision
MAE,303,lipophilicity_astrazeneca,/mnt/data/projects/trimole_hybrid_revision_20260915/results_strict/revision_20260917_flaml_matched_v1/final/predictions/lipophilicity_astrazeneca/seed_303.csv,flaml_automl,matched_budget_automl,840,0.6428769187595962,3,available estimators/views,60 seconds and <= 30 iterations per task/seed,five seed-level prediction arrays generated in revision
MAE,404,lipophilicity_astrazeneca,/mnt/data/projects/trimole_hybrid_revision_20260915/results_strict/revision_20260917_flaml_matched_v1/final/predictions/lipophilicity_astrazeneca/seed_404.csv,flaml_automl,matched_budget_automl,840,0.6530525671353652,3,available estimators/views,60 seconds and <= 30 iterations per task/seed,five seed-level prediction arrays generated in revision
MAE,505,lipophilicity_astrazeneca,/mnt/data/projects/trimole_hybrid_revision_20260915/results_strict/revision_20260917_flaml_matched_v1/final/predictions/lipophilicity_astrazeneca/seed_505.csv,flaml_automl,matched_budget_automl,840,0.6629523209877135,3,available estimators/views,60 seconds and <= 30 iterations per task/seed,five seed-level prediction arrays generated in revision
MAE,101,lipophilicity_astrazeneca,/mnt/data/projects/trimole_hybrid_revision_20260915/results_strict/revision_20260917_controlled_baselines_v3/final/predictions/lipophilicity_astrazeneca/global_single_seed_101.csv,global_single,controlled_three_view_pool,840,0.7503387817484993,3,available estimators/views,fixed three-view pool; fixed linear learner; no adaptive time search,five seed-level prediction arrays generated in revision
MAE,202,lipophilicity_astrazeneca,/mnt/data/projects/trimole_hybrid_revision_20260915/results_strict/revision_20260917_controlled_baselines_v3/final/predictions/lipophilicity_astrazeneca/global_single_seed_202.csv,global_single,controlled_three_view_pool,840,0.7503387817484993,3,available estimators/views,fixed three-view pool; fixed linear learner; no adaptive time search,five seed-level prediction arrays generated in revision
MAE,303,lipophilicity_astrazeneca,/mnt/data/projects/trimole_hybrid_revision_20260915/results_strict/revision_20260917_controlled_baselines_v3/final/predictions/lipophilicity_astrazeneca/global_single_seed_303.csv,global_single,controlled_three_view_pool,840,0.7503387817484993,3,available estimators/views,fixed three-view pool; fixed linear learner; no adaptive time search,five seed-level prediction arrays generated in revision
MAE,404,lipophilicity_astrazeneca,/mnt/data/projects/trimole_hybrid_revision_20260915/results_strict/revision_20260917_controlled_baselines_v3/final/predictions/lipophilicity_astrazeneca/global_single_seed_404.csv,global_single,controlled_three_view_pool,840,0.7503387817484993,3,available estimators/views,fixed three-view pool; fixed linear learner; no adaptive time search,five seed-level prediction arrays generated in revision
MAE,505,lipophilicity_astrazeneca,/mnt/data/projects/trimole_hybrid_revision_20260915/results_strict/revision_20260917_controlled_baselines_v3/final/predictions/lipophilicity_astrazeneca/global_single_seed_505.csv,global_single,controlled_three_view_pool,840,0.7503387817484993,3,available estimators/views,fixed three-view pool; fixed linear learner; no adaptive time search,five seed-level prediction arrays generated in revision
MAE,101,lipophilicity_astrazeneca,/mnt/data/projects/trimole_hybrid_revision_20260915/results_strict/revision_20260917_controlled_baselines_v3/final/predictions/lipophilicity_astrazeneca/oof_stacking_seed_101.csv,oof_stacking,controlled_three_view_pool,840,0.5719700526438208,3,available estimators/views,fixed three-view pool; fixed linear learner; no adaptive time search,five seed-level prediction arrays generated in revision
MAE,202,lipophilicity_astrazeneca,/mnt/data/projects/trimole_hybrid_revision_20260915/results_strict/revision_20260917_controlled_baselines_v3/final/predictions/lipophilicity_astrazeneca/oof_stacking_seed_202.csv,oof_stacking,controlled_three_view_pool,840,0.5726051251025779,3,available estimators/views,fixed three-view pool; fixed linear learner; no adaptive time search,five seed-level prediction arrays generated in revision
MAE,303,lipophilicity_astrazeneca,/mnt/data/projects/trimole_hybrid_revision_20260915/results_strict/revision_20260917_controlled_baselines_v3/final/predictions/lipophilicity_astrazeneca/oof_stacking_seed_303.csv,oof_stacking,controlled_three_view_pool,840,0.5727229457714247,3,available estimators/views,fixed three-view pool; fixed linear learner; no adaptive time search,five seed-level prediction arrays generated in revision
MAE,404,lipophilicity_astrazeneca,/mnt/data/projects/trimole_hybrid_revision_20260915/results_strict/revision_20260917_controlled_baselines_v3/final/predictions/lipophilicity_astrazeneca/oof_stacking_seed_404.csv,oof_stacking,controlled_three_view_pool,840,0.5717494584405846,3,available estimators/views,fixed three-view pool; fixed linear learner; no adaptive time search,five seed-level prediction arrays generated in revision
MAE,505,lipophilicity_astrazeneca,/mnt/data/projects/trimole_hybrid_revision_20260915/results_strict/revision_20260917_controlled_baselines_v3/final/predictions/lipophilicity_astrazeneca/oof_stacking_seed_505.csv,oof_stacking,controlled_three_view_pool,840,0.57301994515913,3,available estimators/views,fixed three-view pool; fixed linear learner; no adaptive time search,five seed-level prediction arrays generated in revision
MAE,101,lipophilicity_astrazeneca,/mnt/data/projects/trimole_hybrid_revision_20260915/results_strict/revision_20260917_controlled_baselines_v3/final/predictions/lipophilicity_astrazeneca/per_task_single_seed_101.csv,per_task_single,controlled_three_view_pool,840,0.7503387817484993,3,available estimators/views,fixed three-view pool; fixed linear learner; no adaptive time search,five seed-level prediction arrays generated in revision
MAE,202,lipophilicity_astrazeneca,/mnt/data/projects/trimole_hybrid_revision_20260915/results_strict/revision_20260917_controlled_baselines_v3/final/predictions/lipophilicity_astrazeneca/per_task_single_seed_202.csv,per_task_single,controlled_three_view_pool,840,0.7503387817484993,3,available estimators/views,fixed three-view pool; fixed linear learner; no adaptive time search,five seed-level prediction arrays generated in revision
MAE,303,lipophilicity_astrazeneca,/mnt/data/projects/trimole_hybrid_revision_20260915/results_strict/revision_20260917_controlled_baselines_v3/final/predictions/lipophilicity_astrazeneca/per_task_single_seed_303.csv,per_task_single,controlled_three_view_pool,840,0.7503387817484993,3,available estimators/views,fixed three-view pool; fixed linear learner; no adaptive time search,five seed-level prediction arrays generated in revision
MAE,404,lipophilicity_astrazeneca,/mnt/data/projects/trimole_hybrid_revision_20260915/results_strict/revision_20260917_controlled_baselines_v3/final/predictions/lipophilicity_astrazeneca/per_task_single_seed_404.csv,per_task_single,controlled_three_view_pool,840,0.7503387817484993,3,available estimators/views,fixed three-view pool; fixed linear learner; no adaptive time search,five seed-level prediction arrays generated in revision
MAE,505,lipophilicity_astrazeneca,/mnt/data/projects/trimole_hybrid_revision_20260915/results_strict/revision_20260917_controlled_baselines_v3/final/predictions/lipophilicity_astrazeneca/per_task_single_seed_505.csv,per_task_single,controlled_three_view_pool,840,0.7503387817484993,3,available estimators/views,fixed three-view pool; fixed linear learner; no adaptive time search,five seed-level prediction arrays generated in revision
MAE,1,lipophilicity_astrazeneca,/mnt/data/projects/trimole_hybrid_revision_20260915/manuscript_revision/trimole_prediction_manifest_20260917/predictions/lipophilicity_astrazeneca/seed_1.csv,trimole_hybrid,submitted_taskwise_system,840,0.4652348292813909,6,formal audited variants,historical validation-only search; six formal variants audited,five seed-level prediction arrays archived
MAE,2,lipophilicity_astrazeneca,/mnt/data/projects/trimole_hybrid_revision_20260915/manuscript_revision/trimole_prediction_manifest_20260917/predictions/lipophilicity_astrazeneca/seed_2.csv,trimole_hybrid,submitted_taskwise_system,840,0.47700648640452475,6,formal audited variants,historical validation-only search; six formal variants audited,five seed-level prediction arrays archived
MAE,3,lipophilicity_astrazeneca,/mnt/data/projects/trimole_hybrid_revision_20260915/manuscript_revision/trimole_prediction_manifest_20260917/predictions/lipophilicity_astrazeneca/seed_3.csv,trimole_hybrid,submitted_taskwise_system,840,0.47803733076279886,6,formal audited variants,historical validation-only search; six formal variants audited,five seed-level prediction arrays archived
MAE,4,lipophilicity_astrazeneca,/mnt/data/projects/trimole_hybrid_revision_20260915/manuscript_revision/trimole_prediction_manifest_20260917/predictions/lipophilicity_astrazeneca/seed_4.csv,trimole_hybrid,submitted_taskwise_system,840,0.4663671681581691,6,formal audited variants,historical validation-only search; six formal variants audited,five seed-level prediction arrays archived
MAE,5,lipophilicity_astrazeneca,/mnt/data/projects/trimole_hybrid_revision_20260915/manuscript_revision/trimole_prediction_manifest_20260917/predictions/lipophilicity_astrazeneca/seed_5.csv,trimole_hybrid,submitted_taskwise_system,840,0.4778269575658355,6,formal audited variants,historical validation-only search; six formal variants audited,five seed-level prediction arrays archived
MAE,101,lipophilicity_astrazeneca,/mnt/data/projects/trimole_hybrid_revision_20260915/results_strict/revision_20260917_controlled_baselines_v3/final/predictions/lipophilicity_astrazeneca/uniform_average_seed_101.csv,uniform_average,controlled_three_view_pool,840,0.5906399495639498,3,available estimators/views,fixed three-view pool; fixed linear learner; no adaptive time search,five seed-level prediction arrays generated in revision
MAE,202,lipophilicity_astrazeneca,/mnt/data/projects/trimole_hybrid_revision_20260915/results_strict/revision_20260917_controlled_baselines_v3/final/predictions/lipophilicity_astrazeneca/uniform_average_seed_202.csv,uniform_average,controlled_three_view_pool,840,0.5906399495639498,3,available estimators/views,fixed three-view pool; fixed linear learner; no adaptive time search,five seed-level prediction arrays generated in revision
MAE,303,lipophilicity_astrazeneca,/mnt/data/projects/trimole_hybrid_revision_20260915/results_strict/revision_20260917_controlled_baselines_v3/final/predictions/lipophilicity_astrazeneca/uniform_average_seed_303.csv,uniform_average,controlled_three_view_pool,840,0.5906399495639498,3,available estimators/views,fixed three-view pool; fixed linear learner; no adaptive time search,five seed-level prediction arrays generated in revision
MAE,404,lipophilicity_astrazeneca,/mnt/data/projects/trimole_hybrid_revision_20260915/results_strict/revision_20260917_controlled_baselines_v3/final/predictions/lipophilicity_astrazeneca/uniform_average_seed_404.csv,uniform_average,controlled_three_view_pool,840,0.5906399495639498,3,available estimators/views,fixed three-view pool; fixed linear learner; no adaptive time search,five seed-level prediction arrays generated in revision
MAE,505,lipophilicity_astrazeneca,/mnt/data/projects/trimole_hybrid_revision_20260915/results_strict/revision_20260917_controlled_baselines_v3/final/predictions/lipophilicity_astrazeneca/uniform_average_seed_505.csv,uniform_average,controlled_three_view_pool,840,0.5906399495639498,3,available estimators/views,fixed three-view pool; fixed linear learner; no adaptive time search,five seed-level prediction arrays generated in revision
MAE,101,lipophilicity_astrazeneca,/mnt/data/projects/trimole_hybrid_revision_20260915/results_strict/revision_20260917_controlled_baselines_v3/final/predictions/lipophilicity_astrazeneca/validation_top2_average_seed_101.csv,validation_top2_average,controlled_three_view_pool,840,0.5783100636260851,3,available estimators/views,fixed three-view pool; fixed linear learner; no adaptive time search,five seed-level prediction arrays generated in revision
MAE,202,lipophilicity_astrazeneca,/mnt/data/projects/trimole_hybrid_revision_20260915/results_strict/revision_20260917_controlled_baselines_v3/final/predictions/lipophilicity_astrazeneca/validation_top2_average_seed_202.csv,validation_top2_average,controlled_three_view_pool,840,0.5783100636260851,3,available estimators/views,fixed three-view pool; fixed linear learner; no adaptive time search,five seed-level prediction arrays generated in revision
MAE,303,lipophilicity_astrazeneca,/mnt/data/projects/trimole_hybrid_revision_20260915/results_strict/revision_20260917_controlled_baselines_v3/final/predictions/lipophilicity_astrazeneca/validation_top2_average_seed_303.csv,validation_top2_average,controlled_three_view_pool,840,0.5783100636260851,3,available estimators/views,fixed three-view pool; fixed linear learner; no adaptive time search,five seed-level prediction arrays generated in revision
MAE,404,lipophilicity_astrazeneca,/mnt/data/projects/trimole_hybrid_revision_20260915/results_strict/revision_20260917_controlled_baselines_v3/final/predictions/lipophilicity_astrazeneca/validation_top2_average_seed_404.csv,validation_top2_average,controlled_three_view_pool,840,0.5783100636260851,3,available estimators/views,fixed three-view pool; fixed linear learner; no adaptive time search,five seed-level prediction arrays generated in revision
MAE,505,lipophilicity_astrazeneca,/mnt/data/projects/trimole_hybrid_revision_20260915/results_strict/revision_20260917_controlled_baselines_v3/final/predictions/lipophilicity_astrazeneca/validation_top2_average_seed_505.csv,validation_top2_average,controlled_three_view_pool,840,0.5783100636260851,3,available estimators/views,fixed three-view pool; fixed linear learner; no adaptive time search,five seed-level prediction arrays generated in revision
MAE,101,lipophilicity_astrazeneca,/mnt/data/projects/trimole_hybrid_revision_20260915/results_strict/revision_20260917_controlled_baselines_v3/final/predictions/lipophilicity_astrazeneca/validation_top3_average_seed_101.csv,validation_top3_average,controlled_three_view_pool,840,0.5906399495639498,3,available estimators/views,fixed three-view pool; fixed linear learner; no adaptive time search,five seed-level prediction arrays generated in revision
MAE,202,lipophilicity_astrazeneca,/mnt/data/projects/trimole_hybrid_revision_20260915/results_strict/revision_20260917_controlled_baselines_v3/final/predictions/lipophilicity_astrazeneca/validation_top3_average_seed_202.csv,validation_top3_average,controlled_three_view_pool,840,0.5906399495639498,3,available estimators/views,fixed three-view pool; fixed linear learner; no adaptive time search,five seed-level prediction arrays generated in revision
MAE,303,lipophilicity_astrazeneca,/mnt/data/projects/trimole_hybrid_revision_20260915/results_strict/revision_20260917_controlled_baselines_v3/final/predictions/lipophilicity_astrazeneca/validation_top3_average_seed_303.csv,validation_top3_average,controlled_three_view_pool,840,0.5906399495639498,3,available estimators/views,fixed three-view pool; fixed linear learner; no adaptive time search,five seed-level prediction arrays generated in revision
MAE,404,lipophilicity_astrazeneca,/mnt/data/projects/trimole_hybrid_revision_20260915/results_strict/revision_20260917_controlled_baselines_v3/final/predictions/lipophilicity_astrazeneca/validation_top3_average_seed_404.csv,validation_top3_average,controlled_three_view_pool,840,0.5906399495639498,3,available estimators/views,fixed three-view pool; fixed linear learner; no adaptive time search,five seed-level prediction arrays generated in revision
MAE,505,lipophilicity_astrazeneca,/mnt/data/projects/trimole_hybrid_revision_20260915/results_strict/revision_20260917_controlled_baselines_v3/final/predictions/lipophilicity_astrazeneca/validation_top3_average_seed_505.csv,validation_top3_average,controlled_three_view_pool,840,0.5906399495639498,3,available estimators/views,fixed three-view pool; fixed linear learner; no adaptive time search,five seed-level prediction arrays generated in revision
AUROC,101,pgp_broccatelli,/mnt/data/projects/trimole_hybrid_revision_20260915/results_strict/revision_20260917_flaml_matched_v1/final/predictions/pgp_broccatelli/seed_101.csv,flaml_automl,matched_budget_automl,245,0.891395627832578,4,available estimators/views,60 seconds and <= 30 iterations per task/seed,five seed-level prediction arrays generated in revision
AUROC,202,pgp_broccatelli,/mnt/data/projects/trimole_hybrid_revision_20260915/results_strict/revision_20260917_flaml_matched_v1/final/predictions/pgp_broccatelli/seed_202.csv,flaml_automl,matched_budget_automl,245,0.8534724073580378,4,available estimators/views,60 seconds and <= 30 iterations per task/seed,five seed-level prediction arrays generated in revision
AUROC,303,pgp_broccatelli,/mnt/data/projects/trimole_hybrid_revision_20260915/results_strict/revision_20260917_flaml_matched_v1/final/predictions/pgp_broccatelli/seed_303.csv,flaml_automl,matched_budget_automl,245,0.8599373500399894,4,available estimators/views,60 seconds and <= 30 iterations per task/seed,five seed-level prediction arrays generated in revision
AUROC,404,pgp_broccatelli,/mnt/data/projects/trimole_hybrid_revision_20260915/results_strict/revision_20260917_flaml_matched_v1/final/predictions/pgp_broccatelli/seed_404.csv,flaml_automl,matched_budget_automl,245,0.8775326579578779,4,available estimators/views,60 seconds and <= 30 iterations per task/seed,five seed-level prediction arrays generated in revision
AUROC,505,pgp_broccatelli,/mnt/data/projects/trimole_hybrid_revision_20260915/results_strict/revision_20260917_flaml_matched_v1/final/predictions/pgp_broccatelli/seed_505.csv,flaml_automl,matched_budget_automl,245,0.9067248733671022,4,available estimators/views,60 seconds and <= 30 iterations per task/seed,five seed-level prediction arrays generated in revision
AUROC,101,pgp_broccatelli,/mnt/data/projects/trimole_hybrid_revision_20260915/results_strict/revision_20260917_controlled_baselines_v3/final/predictions/pgp_broccatelli/global_single_seed_101.csv,global_single,controlled_three_view_pool,245,0.8559717408691015,3,available estimators/views,fixed three-view pool; fixed linear learner; no adaptive time search,five seed-level prediction arrays generated in revision
AUROC,202,pgp_broccatelli,/mnt/data/projects/trimole_hybrid_revision_20260915/results_strict/revision_20260917_controlled_baselines_v3/final/predictions/pgp_broccatelli/global_single_seed_202.csv,global_single,controlled_three_view_pool,245,0.8549053585710475,3,available estimators/views,fixed three-view pool; fixed linear learner; no adaptive time search,five seed-level prediction arrays generated in revision
AUROC,303,pgp_broccatelli,/mnt/data/projects/trimole_hybrid_revision_20260915/results_strict/revision_20260917_controlled_baselines_v3/final/predictions/pgp_broccatelli/global_single_seed_303.csv,global_single,controlled_three_view_pool,245,0.8491402292721941,3,available estimators/views,fixed three-view pool; fixed linear learner; no adaptive time search,five seed-level prediction arrays generated in revision
AUROC,404,pgp_broccatelli,/mnt/data/projects/trimole_hybrid_revision_20260915/results_strict/revision_20260917_controlled_baselines_v3/final/predictions/pgp_broccatelli/global_single_seed_404.csv,global_single,controlled_three_view_pool,245,0.8563716342308716,3,available estimators/views,fixed three-view pool; fixed linear learner; no adaptive time search,five seed-level prediction arrays generated in revision
AUROC,505,pgp_broccatelli,/mnt/data/projects/trimole_hybrid_revision_20260915/results_strict/revision_20260917_controlled_baselines_v3/final/predictions/pgp_broccatelli/global_single_seed_505.csv,global_single,controlled_three_view_pool,245,0.84950679818715,3,available estimators/views,fixed three-view pool; fixed linear learner; no adaptive time search,five seed-level prediction arrays generated in revision
AUROC,101,pgp_broccatelli,/mnt/data/projects/trimole_hybrid_revision_20260915/results_strict/revision_20260917_controlled_baselines_v3/final/predictions/pgp_broccatelli/oof_stacking_seed_101.csv,oof_stacking,controlled_three_view_pool,245,0.919121567581978,3,available estimators/views,fixed three-view pool; fixed linear learner; no adaptive time search,five seed-level prediction arrays generated in revision
AUROC,202,pgp_broccatelli,/mnt/data/projects/trimole_hybrid_revision_20260915/results_strict/revision_20260917_controlled_baselines_v3/final/predictions/pgp_broccatelli/oof_stacking_seed_202.csv,oof_stacking,controlled_three_view_pool,245,0.9151892828579046,3,available estimators/views,fixed three-view pool; fixed linear learner; no adaptive time search,five seed-level prediction arrays generated in revision
AUROC,303,pgp_broccatelli,/mnt/data/projects/trimole_hybrid_revision_20260915/results_strict/revision_20260917_controlled_baselines_v3/final/predictions/pgp_broccatelli/oof_stacking_seed_303.csv,oof_stacking,controlled_three_view_pool,245,0.9140229272194081,3,available estimators/views,fixed three-view pool; fixed linear learner; no adaptive time search,five seed-level prediction arrays generated in revision
AUROC,404,pgp_broccatelli,/mnt/data/projects/trimole_hybrid_revision_20260915/results_strict/revision_20260917_controlled_baselines_v3/final/predictions/pgp_broccatelli/oof_stacking_seed_404.csv,oof_stacking,controlled_three_view_pool,245,0.9123233804318849,3,available estimators/views,fixed three-view pool; fixed linear learner; no adaptive time search,five seed-level prediction arrays generated in revision
AUROC,505,pgp_broccatelli,/mnt/data/projects/trimole_hybrid_revision_20260915/results_strict/revision_20260917_controlled_baselines_v3/final/predictions/pgp_broccatelli/oof_stacking_seed_505.csv,oof_stacking,controlled_three_view_pool,245,0.9207544654758731,3,available estimators/views,fixed three-view pool; fixed linear learner; no adaptive time search,five seed-level prediction arrays generated in revision
AUROC,101,pgp_broccatelli,/mnt/data/projects/trimole_hybrid_revision_20260915/results_strict/revision_20260917_controlled_baselines_v3/final/predictions/pgp_broccatelli/per_task_single_seed_101.csv,per_task_single,controlled_three_view_pool,245,0.8559717408691015,3,available estimators/views,fixed three-view pool; fixed linear learner; no adaptive time search,five seed-level prediction arrays generated in revision
AUROC,202,pgp_broccatelli,/mnt/data/projects/trimole_hybrid_revision_20260915/results_strict/revision_20260917_controlled_baselines_v3/final/predictions/pgp_broccatelli/per_task_single_seed_202.csv,per_task_single,controlled_three_view_pool,245,0.8549053585710475,3,available estimators/views,fixed three-view pool; fixed linear learner; no adaptive time search,five seed-level prediction arrays generated in revision
AUROC,303,pgp_broccatelli,/mnt/data/projects/trimole_hybrid_revision_20260915/results_strict/revision_20260917_controlled_baselines_v3/final/predictions/pgp_broccatelli/per_task_single_seed_303.csv,per_task_single,controlled_three_view_pool,245,0.8491402292721941,3,available estimators/views,fixed three-view pool; fixed linear learner; no adaptive time search,five seed-level prediction arrays generated in revision
AUROC,404,pgp_broccatelli,/mnt/data/projects/trimole_hybrid_revision_20260915/results_strict/revision_20260917_controlled_baselines_v3/final/predictions/pgp_broccatelli/per_task_single_seed_404.csv,per_task_single,controlled_three_view_pool,245,0.8563716342308716,3,available estimators/views,fixed three-view pool; fixed linear learner; no adaptive time search,five seed-level prediction arrays generated in revision
AUROC,505,pgp_broccatelli,/mnt/data/projects/trimole_hybrid_revision_20260915/results_strict/revision_20260917_controlled_baselines_v3/final/predictions/pgp_broccatelli/per_task_single_seed_505.csv,per_task_single,controlled_three_view_pool,245,0.84950679818715,3,available estimators/views,fixed three-view pool; fixed linear learner; no adaptive time search,five seed-level prediction arrays generated in revision
AUROC,1,pgp_broccatelli,/mnt/data/projects/trimole_hybrid_revision_20260915/manuscript_revision/trimole_prediction_manifest_20260917/predictions/pgp_broccatelli/seed_1.csv,trimole_hybrid,submitted_taskwise_system,245,0.9418155158624367,6,formal audited variants,historical validation-only search; six formal variants audited,five seed-level prediction arrays archived
AUROC,2,pgp_broccatelli,/mnt/data/projects/trimole_hybrid_revision_20260915/manuscript_revision/trimole_prediction_manifest_20260917/predictions/pgp_broccatelli/seed_2.csv,trimole_hybrid,submitted_taskwise_system,245,0.9388829645427885,6,formal audited variants,historical validation-only search; six formal variants audited,five seed-level prediction arrays archived
AUROC,3,pgp_broccatelli,/mnt/data/projects/trimole_hybrid_revision_20260915/manuscript_revision/trimole_prediction_manifest_20260917/predictions/pgp_broccatelli/seed_3.csv,trimole_hybrid,submitted_taskwise_system,245,0.9425486536923487,6,formal audited variants,historical validation-only search; six formal variants audited,five seed-level prediction arrays archived
AUROC,4,pgp_broccatelli,/mnt/data/projects/trimole_hybrid_revision_20260915/manuscript_revision/trimole_prediction_manifest_20260917/predictions/pgp_broccatelli/seed_4.csv,trimole_hybrid,submitted_taskwise_system,245,0.9337509997334045,6,formal audited variants,historical validation-only search; six formal variants audited,five seed-level prediction arrays archived
AUROC,5,pgp_broccatelli,/mnt/data/projects/trimole_hybrid_revision_20260915/manuscript_revision/trimole_prediction_manifest_20260917/predictions/pgp_broccatelli/seed_5.csv,trimole_hybrid,submitted_taskwise_system,245,0.9348173820314583,6,formal audited variants,historical validation-only search; six formal variants audited,five seed-level prediction arrays archived
AUROC,101,pgp_broccatelli,/mnt/data/projects/trimole_hybrid_revision_20260915/results_strict/revision_20260917_controlled_baselines_v3/final/predictions/pgp_broccatelli/uniform_average_seed_101.csv,uniform_average,controlled_three_view_pool,245,0.9234204212210076,3,available estimators/views,fixed three-view pool; fixed linear learner; no adaptive time search,five seed-level prediction arrays generated in revision
AUROC,202,pgp_broccatelli,/mnt/data/projects/trimole_hybrid_revision_20260915/results_strict/revision_20260917_controlled_baselines_v3/final/predictions/pgp_broccatelli/uniform_average_seed_202.csv,uniform_average,controlled_three_view_pool,245,0.9148227139429486,3,available estimators/views,fixed three-view pool; fixed linear learner; no adaptive time search,five seed-level prediction arrays generated in revision
AUROC,303,pgp_broccatelli,/mnt/data/projects/trimole_hybrid_revision_20260915/results_strict/revision_20260917_controlled_baselines_v3/final/predictions/pgp_broccatelli/uniform_average_seed_303.csv,uniform_average,controlled_three_view_pool,245,0.9149560117302054,3,available estimators/views,fixed three-view pool; fixed linear learner; no adaptive time search,five seed-level prediction arrays generated in revision
AUROC,404,pgp_broccatelli,/mnt/data/projects/trimole_hybrid_revision_20260915/results_strict/revision_20260917_controlled_baselines_v3/final/predictions/pgp_broccatelli/uniform_average_seed_404.csv,uniform_average,controlled_three_view_pool,245,0.9122234070914422,3,available estimators/views,fixed three-view pool; fixed linear learner; no adaptive time search,five seed-level prediction arrays generated in revision
AUROC,505,pgp_broccatelli,/mnt/data/projects/trimole_hybrid_revision_20260915/results_strict/revision_20260917_controlled_baselines_v3/final/predictions/pgp_broccatelli/uniform_average_seed_505.csv,uniform_average,controlled_three_view_pool,245,0.9197214076246334,3,available estimators/views,fixed three-view pool; fixed linear learner; no adaptive time search,five seed-level prediction arrays generated in revision
AUROC,101,pgp_broccatelli,/mnt/data/projects/trimole_hybrid_revision_20260915/results_strict/revision_20260917_controlled_baselines_v3/final/predictions/pgp_broccatelli/validation_top2_average_seed_101.csv,validation_top2_average,controlled_three_view_pool,245,0.9279858704345508,3,available estimators/views,fixed three-view pool; fixed linear learner; no adaptive time search,five seed-level prediction arrays generated in revision
AUROC,202,pgp_broccatelli,/mnt/data/projects/trimole_hybrid_revision_20260915/results_strict/revision_20260917_controlled_baselines_v3/final/predictions/pgp_broccatelli/validation_top2_average_seed_202.csv,validation_top2_average,controlled_three_view_pool,245,0.9160557184750733,3,available estimators/views,fixed three-view pool; fixed linear learner; no adaptive time search,five seed-level prediction arrays generated in revision
AUROC,303,pgp_broccatelli,/mnt/data/projects/trimole_hybrid_revision_20260915/results_strict/revision_20260917_controlled_baselines_v3/final/predictions/pgp_broccatelli/validation_top2_average_seed_303.csv,validation_top2_average,controlled_three_view_pool,245,0.9120567848573713,3,available estimators/views,fixed three-view pool; fixed linear learner; no adaptive time search,five seed-level prediction arrays generated in revision
AUROC,404,pgp_broccatelli,/mnt/data/projects/trimole_hybrid_revision_20260915/results_strict/revision_20260917_controlled_baselines_v3/final/predictions/pgp_broccatelli/validation_top2_average_seed_404.csv,validation_top2_average,controlled_three_view_pool,245,0.917288723007198,3,available estimators/views,fixed three-view pool; fixed linear learner; no adaptive time search,five seed-level prediction arrays generated in revision
AUROC,505,pgp_broccatelli,/mnt/data/projects/trimole_hybrid_revision_20260915/results_strict/revision_20260917_controlled_baselines_v3/final/predictions/pgp_broccatelli/validation_top2_average_seed_505.csv,validation_top2_average,controlled_three_view_pool,245,0.9212210077312717,3,available estimators/views,fixed three-view pool; fixed linear learner; no adaptive time search,five seed-level prediction arrays generated in revision
AUROC,101,pgp_broccatelli,/mnt/data/projects/trimole_hybrid_revision_20260915/results_strict/revision_20260917_controlled_baselines_v3/final/predictions/pgp_broccatelli/validation_top3_average_seed_101.csv,validation_top3_average,controlled_three_view_pool,245,0.9234204212210076,3,available estimators/views,fixed three-view pool; fixed linear learner; no adaptive time search,five seed-level prediction arrays generated in revision
AUROC,202,pgp_broccatelli,/mnt/data/projects/trimole_hybrid_revision_20260915/results_strict/revision_20260917_controlled_baselines_v3/final/predictions/pgp_broccatelli/validation_top3_average_seed_202.csv,validation_top3_average,controlled_three_view_pool,245,0.9148227139429486,3,available estimators/views,fixed three-view pool; fixed linear learner; no adaptive time search,five seed-level prediction arrays generated in revision
AUROC,303,pgp_broccatelli,/mnt/data/projects/trimole_hybrid_revision_20260915/results_strict/revision_20260917_controlled_baselines_v3/final/predictions/pgp_broccatelli/validation_top3_average_seed_303.csv,validation_top3_average,controlled_three_view_pool,245,0.9149560117302054,3,available estimators/views,fixed three-view pool; fixed linear learner; no adaptive time search,five seed-level prediction arrays generated in revision
AUROC,404,pgp_broccatelli,/mnt/data/projects/trimole_hybrid_revision_20260915/results_strict/revision_20260917_controlled_baselines_v3/final/predictions/pgp_broccatelli/validation_top3_average_seed_404.csv,validation_top3_average,controlled_three_view_pool,245,0.9122234070914422,3,available estimators/views,fixed three-view pool; fixed linear learner; no adaptive time search,five seed-level prediction arrays generated in revision
AUROC,505,pgp_broccatelli,/mnt/data/projects/trimole_hybrid_revision_20260915/results_strict/revision_20260917_controlled_baselines_v3/final/predictions/pgp_broccatelli/validation_top3_average_seed_505.csv,validation_top3_average,controlled_three_view_pool,245,0.9197214076246334,3,available estimators/views,fixed three-view pool; fixed linear learner; no adaptive time search,five seed-level prediction arrays generated in revision
MAE,101,ppbr_az,/mnt/data/projects/trimole_hybrid_revision_20260915/results_strict/revision_20260917_flaml_matched_v1/final/predictions/ppbr_az/seed_101.csv,flaml_automl,matched_budget_automl,559,10.18492121897136,3,available estimators/views,60 seconds and <= 30 iterations per task/seed,five seed-level prediction arrays generated in revision
MAE,202,ppbr_az,/mnt/data/projects/trimole_hybrid_revision_20260915/results_strict/revision_20260917_flaml_matched_v1/final/predictions/ppbr_az/seed_202.csv,flaml_automl,matched_budget_automl,559,10.092545667210414,3,available estimators/views,60 seconds and <= 30 iterations per task/seed,five seed-level prediction arrays generated in revision
MAE,303,ppbr_az,/mnt/data/projects/trimole_hybrid_revision_20260915/results_strict/revision_20260917_flaml_matched_v1/final/predictions/ppbr_az/seed_303.csv,flaml_automl,matched_budget_automl,559,10.180779750260477,3,available estimators/views,60 seconds and <= 30 iterations per task/seed,five seed-level prediction arrays generated in revision
MAE,404,ppbr_az,/mnt/data/projects/trimole_hybrid_revision_20260915/results_strict/revision_20260917_flaml_matched_v1/final/predictions/ppbr_az/seed_404.csv,flaml_automl,matched_budget_automl,559,9.124129696404145,3,available estimators/views,60 seconds and <= 30 iterations per task/seed,five seed-level prediction arrays generated in revision
MAE,505,ppbr_az,/mnt/data/projects/trimole_hybrid_revision_20260915/results_strict/revision_20260917_flaml_matched_v1/final/predictions/ppbr_az/seed_505.csv,flaml_automl,matched_budget_automl,559,9.936219291438956,3,available estimators/views,60 seconds and <= 30 iterations per task/seed,five seed-level prediction arrays generated in revision
MAE,101,ppbr_az,/mnt/data/projects/trimole_hybrid_revision_20260915/results_strict/revision_20260917_controlled_baselines_v3/final/predictions/ppbr_az/global_single_seed_101.csv,global_single,controlled_three_view_pool,559,10.913706857752928,3,available estimators/views,fixed three-view pool; fixed linear learner; no adaptive time search,five seed-level prediction arrays generated in revision
MAE,202,ppbr_az,/mnt/data/projects/trimole_hybrid_revision_20260915/results_strict/revision_20260917_controlled_baselines_v3/final/predictions/ppbr_az/global_single_seed_202.csv,global_single,controlled_three_view_pool,559,10.913706857752928,3,available estimators/views,fixed three-view pool; fixed linear learner; no adaptive time search,five seed-level prediction arrays generated in revision
MAE,303,ppbr_az,/mnt/data/projects/trimole_hybrid_revision_20260915/results_strict/revision_20260917_controlled_baselines_v3/final/predictions/ppbr_az/global_single_seed_303.csv,global_single,controlled_three_view_pool,559,10.913706857752928,3,available estimators/views,fixed three-view pool; fixed linear learner; no adaptive time search,five seed-level prediction arrays generated in revision
MAE,404,ppbr_az,/mnt/data/projects/trimole_hybrid_revision_20260915/results_strict/revision_20260917_controlled_baselines_v3/final/predictions/ppbr_az/global_single_seed_404.csv,global_single,controlled_three_view_pool,559,10.913706857752928,3,available estimators/views,fixed three-view pool; fixed linear learner; no adaptive time search,five seed-level prediction arrays generated in revision
MAE,505,ppbr_az,/mnt/data/projects/trimole_hybrid_revision_20260915/results_strict/revision_20260917_controlled_baselines_v3/final/predictions/ppbr_az/global_single_seed_505.csv,global_single,controlled_three_view_pool,559,10.913706857752928,3,available estimators/views,fixed three-view pool; fixed linear learner; no adaptive time search,five seed-level prediction arrays generated in revision
MAE,101,ppbr_az,/mnt/data/projects/trimole_hybrid_revision_20260915/results_strict/revision_20260917_controlled_baselines_v3/final/predictions/ppbr_az/oof_stacking_seed_101.csv,oof_stacking,controlled_three_view_pool,559,9.734431932435308,3,available estimators/views,fixed three-view pool; fixed linear learner; no adaptive time search,five seed-level prediction arrays generated in revision
MAE,202,ppbr_az,/mnt/data/projects/trimole_hybrid_revision_20260915/results_strict/revision_20260917_controlled_baselines_v3/final/predictions/ppbr_az/oof_stacking_seed_202.csv,oof_stacking,controlled_three_view_pool,559,9.68923222995159,3,available estimators/views,fixed three-view pool; fixed linear learner; no adaptive time search,five seed-level prediction arrays generated in revision
MAE,303,ppbr_az,/mnt/data/projects/trimole_hybrid_revision_20260915/results_strict/revision_20260917_controlled_baselines_v3/final/predictions/ppbr_az/oof_stacking_seed_303.csv,oof_stacking,controlled_three_view_pool,559,9.805742413047353,3,available estimators/views,fixed three-view pool; fixed linear learner; no adaptive time search,five seed-level prediction arrays generated in revision
MAE,404,ppbr_az,/mnt/data/projects/trimole_hybrid_revision_20260915/results_strict/revision_20260917_controlled_baselines_v3/final/predictions/ppbr_az/oof_stacking_seed_404.csv,oof_stacking,controlled_three_view_pool,559,9.672514085613242,3,available estimators/views,fixed three-view pool; fixed linear learner; no adaptive time search,five seed-level prediction arrays generated in revision
MAE,505,ppbr_az,/mnt/data/projects/trimole_hybrid_revision_20260915/results_strict/revision_20260917_controlled_baselines_v3/final/predictions/ppbr_az/oof_stacking_seed_505.csv,oof_stacking,controlled_three_view_pool,559,9.737123932571135,3,available estimators/views,fixed three-view pool; fixed linear learner; no adaptive time search,five seed-level prediction arrays generated in revision
MAE,101,ppbr_az,/mnt/data/projects/trimole_hybrid_revision_20260915/results_strict/revision_20260917_controlled_baselines_v3/final/predictions/ppbr_az/per_task_single_seed_101.csv,per_task_single,controlled_three_view_pool,559,10.913706857752928,3,available estimators/views,fixed three-view pool; fixed linear learner; no adaptive time search,five seed-level prediction arrays generated in revision
MAE,202,ppbr_az,/mnt/data/projects/trimole_hybrid_revision_20260915/results_strict/revision_20260917_controlled_baselines_v3/final/predictions/ppbr_az/per_task_single_seed_202.csv,per_task_single,controlled_three_view_pool,559,10.913706857752928,3,available estimators/views,fixed three-view pool; fixed linear learner; no adaptive time search,five seed-level prediction arrays generated in revision
MAE,303,ppbr_az,/mnt/data/projects/trimole_hybrid_revision_20260915/results_strict/revision_20260917_controlled_baselines_v3/final/predictions/ppbr_az/per_task_single_seed_303.csv,per_task_single,controlled_three_view_pool,559,10.913706857752928,3,available estimators/views,fixed three-view pool; fixed linear learner; no adaptive time search,five seed-level prediction arrays generated in revision
MAE,404,ppbr_az,/mnt/data/projects/trimole_hybrid_revision_20260915/results_strict/revision_20260917_controlled_baselines_v3/final/predictions/ppbr_az/per_task_single_seed_404.csv,per_task_single,controlled_three_view_pool,559,10.913706857752928,3,available estimators/views,fixed three-view pool; fixed linear learner; no adaptive time search,five seed-level prediction arrays generated in revision
MAE,505,ppbr_az,/mnt/data/projects/trimole_hybrid_revision_20260915/results_strict/revision_20260917_controlled_baselines_v3/final/predictions/ppbr_az/per_task_single_seed_505.csv,per_task_single,controlled_three_view_pool,559,10.913706857752928,3,available estimators/views,fixed three-view pool; fixed linear learner; no adaptive time search,five seed-level prediction arrays generated in revision
MAE,5,ppbr_az,/mnt/data/projects/trimole_hybrid_revision_20260915/manuscript_revision/trimole_prediction_manifest_20260917/predictions/ppbr_az/seed_5.csv,trimole_hybrid,submitted_taskwise_system,559,7.341059397750304,6,formal audited variants,historical validation-only search; six formal variants audited,five seed-level prediction arrays archived
MAE,15,ppbr_az,/mnt/data/projects/trimole_hybrid_revision_20260915/manuscript_revision/trimole_prediction_manifest_20260917/predictions/ppbr_az/seed_15.csv,trimole_hybrid,submitted_taskwise_system,559,7.488082365358724,6,formal audited variants,historical validation-only search; six formal variants audited,five seed-level prediction arrays archived
MAE,25,ppbr_az,/mnt/data/projects/trimole_hybrid_revision_20260915/manuscript_revision/trimole_prediction_manifest_20260917/predictions/ppbr_az/seed_25.csv,trimole_hybrid,submitted_taskwise_system,559,7.244076291633641,6,formal audited variants,historical validation-only search; six formal variants audited,five seed-level prediction arrays archived
MAE,35,ppbr_az,/mnt/data/projects/trimole_hybrid_revision_20260915/manuscript_revision/trimole_prediction_manifest_20260917/predictions/ppbr_az/seed_35.csv,trimole_hybrid,submitted_taskwise_system,559,7.329606561311927,6,formal audited variants,historical validation-only search; six formal variants audited,five seed-level prediction arrays archived
MAE,45,ppbr_az,/mnt/data/projects/trimole_hybrid_revision_20260915/manuscript_revision/trimole_prediction_manifest_20260917/predictions/ppbr_az/seed_45.csv,trimole_hybrid,submitted_taskwise_system,559,7.250258934825021,6,formal audited variants,historical validation-only search; six formal variants audited,five seed-level prediction arrays archived
MAE,101,ppbr_az,/mnt/data/projects/trimole_hybrid_revision_20260915/results_strict/revision_20260917_controlled_baselines_v3/final/predictions/ppbr_az/uniform_average_seed_101.csv,uniform_average,controlled_three_view_pool,559,10.859623091714184,3,available estimators/views,fixed three-view pool; fixed linear learner; no adaptive time search,five seed-level prediction arrays generated in revision
MAE,202,ppbr_az,/mnt/data/projects/trimole_hybrid_revision_20260915/results_strict/revision_20260917_controlled_baselines_v3/final/predictions/ppbr_az/uniform_average_seed_202.csv,uniform_average,controlled_three_view_pool,559,10.859623091714184,3,available estimators/views,fixed three-view pool; fixed linear learner; no adaptive time search,five seed-level prediction arrays generated in revision
MAE,303,ppbr_az,/mnt/data/projects/trimole_hybrid_revision_20260915/results_strict/revision_20260917_controlled_baselines_v3/final/predictions/ppbr_az/uniform_average_seed_303.csv,uniform_average,controlled_three_view_pool,559,10.859623091714184,3,available estimators/views,fixed three-view pool; fixed linear learner; no adaptive time search,five seed-level prediction arrays generated in revision
MAE,404,ppbr_az,/mnt/data/projects/trimole_hybrid_revision_20260915/results_strict/revision_20260917_controlled_baselines_v3/final/predictions/ppbr_az/uniform_average_seed_404.csv,uniform_average,controlled_three_view_pool,559,10.859623091714184,3,available estimators/views,fixed three-view pool; fixed linear learner; no adaptive time search,five seed-level prediction arrays generated in revision
MAE,505,ppbr_az,/mnt/data/projects/trimole_hybrid_revision_20260915/results_strict/revision_20260917_controlled_baselines_v3/final/predictions/ppbr_az/uniform_average_seed_505.csv,uniform_average,controlled_three_view_pool,559,10.859623091714184,3,available estimators/views,fixed three-view pool; fixed linear learner; no adaptive time search,five seed-level prediction arrays generated in revision
MAE,101,ppbr_az,/mnt/data/projects/trimole_hybrid_revision_20260915/results_strict/revision_20260917_controlled_baselines_v3/final/predictions/ppbr_az/validation_top2_average_seed_101.csv,validation_top2_average,controlled_three_view_pool,559,11.706326236486008,3,available estimators/views,fixed three-view pool; fixed linear learner; no adaptive time search,five seed-level prediction arrays generated in revision
MAE,202,ppbr_az,/mnt/data/projects/trimole_hybrid_revision_20260915/results_strict/revision_20260917_controlled_baselines_v3/final/predictions/ppbr_az/validation_top2_average_seed_202.csv,validation_top2_average,controlled_three_view_pool,559,11.706326236486008,3,available estimators/views,fixed three-view pool; fixed linear learner; no adaptive time search,five seed-level prediction arrays generated in revision
MAE,303,ppbr_az,/mnt/data/projects/trimole_hybrid_revision_20260915/results_strict/revision_20260917_controlled_baselines_v3/final/predictions/ppbr_az/validation_top2_average_seed_303.csv,validation_top2_average,controlled_three_view_pool,559,11.706326236486008,3,available estimators/views,fixed three-view pool; fixed linear learner; no adaptive time search,five seed-level prediction arrays generated in revision
MAE,404,ppbr_az,/mnt/data/projects/trimole_hybrid_revision_20260915/results_strict/revision_20260917_controlled_baselines_v3/final/predictions/ppbr_az/validation_top2_average_seed_404.csv,validation_top2_average,controlled_three_view_pool,559,11.706326236486008,3,available estimators/views,fixed three-view pool; fixed linear learner; no adaptive time search,five seed-level prediction arrays generated in revision
MAE,505,ppbr_az,/mnt/data/projects/trimole_hybrid_revision_20260915/results_strict/revision_20260917_controlled_baselines_v3/final/predictions/ppbr_az/validation_top2_average_seed_505.csv,validation_top2_average,controlled_three_view_pool,559,11.706326236486008,3,available estimators/views,fixed three-view pool; fixed linear learner; no adaptive time search,five seed-level prediction arrays generated in revision
MAE,101,ppbr_az,/mnt/data/projects/trimole_hybrid_revision_20260915/results_strict/revision_20260917_controlled_baselines_v3/final/predictions/ppbr_az/validation_top3_average_seed_101.csv,validation_top3_average,controlled_three_view_pool,559,10.859623091714184,3,available estimators/views,fixed three-view pool; fixed linear learner; no adaptive time search,five seed-level prediction arrays generated in revision
MAE,202,ppbr_az,/mnt/data/projects/trimole_hybrid_revision_20260915/results_strict/revision_20260917_controlled_baselines_v3/final/predictions/ppbr_az/validation_top3_average_seed_202.csv,validation_top3_average,controlled_three_view_pool,559,10.859623091714184,3,available estimators/views,fixed three-view pool; fixed linear learner; no adaptive time search,five seed-level prediction arrays generated in revision
MAE,303,ppbr_az,/mnt/data/projects/trimole_hybrid_revision_20260915/results_strict/revision_20260917_controlled_baselines_v3/final/predictions/ppbr_az/validation_top3_average_seed_303.csv,validation_top3_average,controlled_three_view_pool,559,10.859623091714184,3,available estimators/views,fixed three-view pool; fixed linear learner; no adaptive time search,five seed-level prediction arrays generated in revision
MAE,404,ppbr_az,/mnt/data/projects/trimole_hybrid_revision_20260915/results_strict/revision_20260917_controlled_baselines_v3/final/predictions/ppbr_az/validation_top3_average_seed_404.csv,validation_top3_average,controlled_three_view_pool,559,10.859623091714184,3,available estimators/views,fixed three-view pool; fixed linear learner; no adaptive time search,five seed-level prediction arrays generated in revision
MAE,505,ppbr_az,/mnt/data/projects/trimole_hybrid_revision_20260915/results_strict/revision_20260917_controlled_baselines_v3/final/predictions/ppbr_az/validation_top3_average_seed_505.csv,validation_top3_average,controlled_three_view_pool,559,10.859623091714184,3,available estimators/views,fixed three-view pool; fixed linear learner; no adaptive time search,five seed-level prediction arrays generated in revision
MAE,101,solubility_aqsoldb,/mnt/data/projects/trimole_hybrid_revision_20260915/results_strict/revision_20260917_flaml_matched_v1/final/predictions/solubility_aqsoldb/seed_101.csv,flaml_automl,matched_budget_automl,1995,0.9666297075747925,3,available estimators/views,60 seconds and <= 30 iterations per task/seed,five seed-level prediction arrays generated in revision
MAE,202,solubility_aqsoldb,/mnt/data/projects/trimole_hybrid_revision_20260915/results_strict/revision_20260917_flaml_matched_v1/final/predictions/solubility_aqsoldb/seed_202.csv,flaml_automl,matched_budget_automl,1995,0.8693434338059862,3,available estimators/views,60 seconds and <= 30 iterations per task/seed,five seed-level prediction arrays generated in revision
MAE,303,solubility_aqsoldb,/mnt/data/projects/trimole_hybrid_revision_20260915/results_strict/revision_20260917_flaml_matched_v1/final/predictions/solubility_aqsoldb/seed_303.csv,flaml_automl,matched_budget_automl,1995,0.914111087969021,3,available estimators/views,60 seconds and <= 30 iterations per task/seed,five seed-level prediction arrays generated in revision
MAE,404,solubility_aqsoldb,/mnt/data/projects/trimole_hybrid_revision_20260915/results_strict/revision_20260917_flaml_matched_v1/final/predictions/solubility_aqsoldb/seed_404.csv,flaml_automl,matched_budget_automl,1995,0.8486836520934566,3,available estimators/views,60 seconds and <= 30 iterations per task/seed,five seed-level prediction arrays generated in revision
MAE,505,solubility_aqsoldb,/mnt/data/projects/trimole_hybrid_revision_20260915/results_strict/revision_20260917_flaml_matched_v1/final/predictions/solubility_aqsoldb/seed_505.csv,flaml_automl,matched_budget_automl,1995,1.0019471350719644,3,available estimators/views,60 seconds and <= 30 iterations per task/seed,five seed-level prediction arrays generated in revision
MAE,101,solubility_aqsoldb,/mnt/data/projects/trimole_hybrid_revision_20260915/results_strict/revision_20260917_controlled_baselines_v3/final/predictions/solubility_aqsoldb/global_single_seed_101.csv,global_single,controlled_three_view_pool,1995,0.9068635531114875,3,available estimators/views,fixed three-view pool; fixed linear learner; no adaptive time search,five seed-level prediction arrays generated in revision
MAE,202,solubility_aqsoldb,/mnt/data/projects/trimole_hybrid_revision_20260915/results_strict/revision_20260917_controlled_baselines_v3/final/predictions/solubility_aqsoldb/global_single_seed_202.csv,global_single,controlled_three_view_pool,1995,0.9068635531114875,3,available estimators/views,fixed three-view pool; fixed linear learner; no adaptive time search,five seed-level prediction arrays generated in revision
MAE,303,solubility_aqsoldb,/mnt/data/projects/trimole_hybrid_revision_20260915/results_strict/revision_20260917_controlled_baselines_v3/final/predictions/solubility_aqsoldb/global_single_seed_303.csv,global_single,controlled_three_view_pool,1995,0.9068635531114875,3,available estimators/views,fixed three-view pool; fixed linear learner; no adaptive time search,five seed-level prediction arrays generated in revision
MAE,404,solubility_aqsoldb,/mnt/data/projects/trimole_hybrid_revision_20260915/results_strict/revision_20260917_controlled_baselines_v3/final/predictions/solubility_aqsoldb/global_single_seed_404.csv,global_single,controlled_three_view_pool,1995,0.9068635531114875,3,available estimators/views,fixed three-view pool; fixed linear learner; no adaptive time search,five seed-level prediction arrays generated in revision
MAE,505,solubility_aqsoldb,/mnt/data/projects/trimole_hybrid_revision_20260915/results_strict/revision_20260917_controlled_baselines_v3/final/predictions/solubility_aqsoldb/global_single_seed_505.csv,global_single,controlled_three_view_pool,1995,0.9068635531114875,3,available estimators/views,fixed three-view pool; fixed linear learner; no adaptive time search,five seed-level prediction arrays generated in revision
MAE,101,solubility_aqsoldb,/mnt/data/projects/trimole_hybrid_revision_20260915/results_strict/revision_20260917_controlled_baselines_v3/final/predictions/solubility_aqsoldb/oof_stacking_seed_101.csv,oof_stacking,controlled_three_view_pool,1995,0.8184773772198805,3,available estimators/views,fixed three-view pool; fixed linear learner; no adaptive time search,five seed-level prediction arrays generated in revision
MAE,202,solubility_aqsoldb,/mnt/data/projects/trimole_hybrid_revision_20260915/results_strict/revision_20260917_controlled_baselines_v3/final/predictions/solubility_aqsoldb/oof_stacking_seed_202.csv,oof_stacking,controlled_three_view_pool,1995,0.8176482199022458,3,available estimators/views,fixed three-view pool; fixed linear learner; no adaptive time search,five seed-level prediction arrays generated in revision
MAE,303,solubility_aqsoldb,/mnt/data/projects/trimole_hybrid_revision_20260915/results_strict/revision_20260917_controlled_baselines_v3/final/predictions/solubility_aqsoldb/oof_stacking_seed_303.csv,oof_stacking,controlled_three_view_pool,1995,0.8168993715347097,3,available estimators/views,fixed three-view pool; fixed linear learner; no adaptive time search,five seed-level prediction arrays generated in revision
MAE,404,solubility_aqsoldb,/mnt/data/projects/trimole_hybrid_revision_20260915/results_strict/revision_20260917_controlled_baselines_v3/final/predictions/solubility_aqsoldb/oof_stacking_seed_404.csv,oof_stacking,controlled_three_view_pool,1995,0.8162141327195075,3,available estimators/views,fixed three-view pool; fixed linear learner; no adaptive time search,five seed-level prediction arrays generated in revision
MAE,505,solubility_aqsoldb,/mnt/data/projects/trimole_hybrid_revision_20260915/results_strict/revision_20260917_controlled_baselines_v3/final/predictions/solubility_aqsoldb/oof_stacking_seed_505.csv,oof_stacking,controlled_three_view_pool,1995,0.8185647632482167,3,available estimators/views,fixed three-view pool; fixed linear learner; no adaptive time search,five seed-level prediction arrays generated in revision
MAE,101,solubility_aqsoldb,/mnt/data/projects/trimole_hybrid_revision_20260915/results_strict/revision_20260917_controlled_baselines_v3/final/predictions/solubility_aqsoldb/per_task_single_seed_101.csv,per_task_single,controlled_three_view_pool,1995,0.9068635531114875,3,available estimators/views,fixed three-view pool; fixed linear learner; no adaptive time search,five seed-level prediction arrays generated in revision
MAE,202,solubility_aqsoldb,/mnt/data/projects/trimole_hybrid_revision_20260915/results_strict/revision_20260917_controlled_baselines_v3/final/predictions/solubility_aqsoldb/per_task_single_seed_202.csv,per_task_single,controlled_three_view_pool,1995,0.9068635531114875,3,available estimators/views,fixed three-view pool; fixed linear learner; no adaptive time search,five seed-level prediction arrays generated in revision
MAE,303,solubility_aqsoldb,/mnt/data/projects/trimole_hybrid_revision_20260915/results_strict/revision_20260917_controlled_baselines_v3/final/predictions/solubility_aqsoldb/per_task_single_seed_303.csv,per_task_single,controlled_three_view_pool,1995,0.9068635531114875,3,available estimators/views,fixed three-view pool; fixed linear learner; no adaptive time search,five seed-level prediction arrays generated in revision
MAE,404,solubility_aqsoldb,/mnt/data/projects/trimole_hybrid_revision_20260915/results_strict/revision_20260917_controlled_baselines_v3/final/predictions/solubility_aqsoldb/per_task_single_seed_404.csv,per_task_single,controlled_three_view_pool,1995,0.9068635531114875,3,available estimators/views,fixed three-view pool; fixed linear learner; no adaptive time search,five seed-level prediction arrays generated in revision
MAE,505,solubility_aqsoldb,/mnt/data/projects/trimole_hybrid_revision_20260915/results_strict/revision_20260917_controlled_baselines_v3/final/predictions/solubility_aqsoldb/per_task_single_seed_505.csv,per_task_single,controlled_three_view_pool,1995,0.9068635531114875,3,available estimators/views,fixed three-view pool; fixed linear learner; no adaptive time search,five seed-level prediction arrays generated in revision
MAE,1,solubility_aqsoldb,/mnt/data/projects/trimole_hybrid_revision_20260915/manuscript_revision/trimole_prediction_manifest_20260917/predictions/solubility_aqsoldb/seed_1.csv,trimole_hybrid,submitted_taskwise_system,1995,0.7389339894852944,6,formal audited variants,historical validation-only search; six formal variants audited,five seed-level prediction arrays archived
MAE,2,solubility_aqsoldb,/mnt/data/projects/trimole_hybrid_revision_20260915/manuscript_revision/trimole_prediction_manifest_20260917/predictions/solubility_aqsoldb/seed_2.csv,trimole_hybrid,submitted_taskwise_system,1995,0.7381625504373718,6,formal audited variants,historical validation-only search; six formal variants audited,five seed-level prediction arrays archived
MAE,3,solubility_aqsoldb,/mnt/data/projects/trimole_hybrid_revision_20260915/manuscript_revision/trimole_prediction_manifest_20260917/predictions/solubility_aqsoldb/seed_3.csv,trimole_hybrid,submitted_taskwise_system,1995,0.7388246271235733,6,formal audited variants,historical validation-only search; six formal variants audited,five seed-level prediction arrays archived
MAE,4,solubility_aqsoldb,/mnt/data/projects/trimole_hybrid_revision_20260915/manuscript_revision/trimole_prediction_manifest_20260917/predictions/solubility_aqsoldb/seed_4.csv,trimole_hybrid,submitted_taskwise_system,1995,0.7385937599477576,6,formal audited variants,historical validation-only search; six formal variants audited,five seed-level prediction arrays archived
MAE,5,solubility_aqsoldb,/mnt/data/projects/trimole_hybrid_revision_20260915/manuscript_revision/trimole_prediction_manifest_20260917/predictions/solubility_aqsoldb/seed_5.csv,trimole_hybrid,submitted_taskwise_system,1995,0.7376997240889681,6,formal audited variants,historical validation-only search; six formal variants audited,five seed-level prediction arrays archived
MAE,101,solubility_aqsoldb,/mnt/data/projects/trimole_hybrid_revision_20260915/results_strict/revision_20260917_controlled_baselines_v3/final/predictions/solubility_aqsoldb/uniform_average_seed_101.csv,uniform_average,controlled_three_view_pool,1995,0.8405002501636062,3,available estimators/views,fixed three-view pool; fixed linear learner; no adaptive time search,five seed-level prediction arrays generated in revision
MAE,202,solubility_aqsoldb,/mnt/data/projects/trimole_hybrid_revision_20260915/results_strict/revision_20260917_controlled_baselines_v3/final/predictions/solubility_aqsoldb/uniform_average_seed_202.csv,uniform_average,controlled_three_view_pool,1995,0.8405002501636062,3,available estimators/views,fixed three-view pool; fixed linear learner; no adaptive time search,five seed-level prediction arrays generated in revision
MAE,303,solubility_aqsoldb,/mnt/data/projects/trimole_hybrid_revision_20260915/results_strict/revision_20260917_controlled_baselines_v3/final/predictions/solubility_aqsoldb/uniform_average_seed_303.csv,uniform_average,controlled_three_view_pool,1995,0.8405002501636062,3,available estimators/views,fixed three-view pool; fixed linear learner; no adaptive time search,five seed-level prediction arrays generated in revision
MAE,404,solubility_aqsoldb,/mnt/data/projects/trimole_hybrid_revision_20260915/results_strict/revision_20260917_controlled_baselines_v3/final/predictions/solubility_aqsoldb/uniform_average_seed_404.csv,uniform_average,controlled_three_view_pool,1995,0.8405002501636062,3,available estimators/views,fixed three-view pool; fixed linear learner; no adaptive time search,five seed-level prediction arrays generated in revision
MAE,505,solubility_aqsoldb,/mnt/data/projects/trimole_hybrid_revision_20260915/results_strict/revision_20260917_controlled_baselines_v3/final/predictions/solubility_aqsoldb/uniform_average_seed_505.csv,uniform_average,controlled_three_view_pool,1995,0.8405002501636062,3,available estimators/views,fixed three-view pool; fixed linear learner; no adaptive time search,five seed-level prediction arrays generated in revision
MAE,101,solubility_aqsoldb,/mnt/data/projects/trimole_hybrid_revision_20260915/results_strict/revision_20260917_controlled_baselines_v3/final/predictions/solubility_aqsoldb/validation_top2_average_seed_101.csv,validation_top2_average,controlled_three_view_pool,1995,0.9535463483841978,3,available estimators/views,fixed three-view pool; fixed linear learner; no adaptive time search,five seed-level prediction arrays generated in revision
MAE,202,solubility_aqsoldb,/mnt/data/projects/trimole_hybrid_revision_20260915/results_strict/revision_20260917_controlled_baselines_v3/final/predictions/solubility_aqsoldb/validation_top2_average_seed_202.csv,validation_top2_average,controlled_three_view_pool,1995,0.9535463483841978,3,available estimators/views,fixed three-view pool; fixed linear learner; no adaptive time search,five seed-level prediction arrays generated in revision
MAE,303,solubility_aqsoldb,/mnt/data/projects/trimole_hybrid_revision_20260915/results_strict/revision_20260917_controlled_baselines_v3/final/predictions/solubility_aqsoldb/validation_top2_average_seed_303.csv,validation_top2_average,controlled_three_view_pool,1995,0.9535463483841978,3,available estimators/views,fixed three-view pool; fixed linear learner; no adaptive time search,five seed-level prediction arrays generated in revision
MAE,404,solubility_aqsoldb,/mnt/data/projects/trimole_hybrid_revision_20260915/results_strict/revision_20260917_controlled_baselines_v3/final/predictions/solubility_aqsoldb/validation_top2_average_seed_404.csv,validation_top2_average,controlled_three_view_pool,1995,0.9535463483841978,3,available estimators/views,fixed three-view pool; fixed linear learner; no adaptive time search,five seed-level prediction arrays generated in revision
MAE,505,solubility_aqsoldb,/mnt/data/projects/trimole_hybrid_revision_20260915/results_strict/revision_20260917_controlled_baselines_v3/final/predictions/solubility_aqsoldb/validation_top2_average_seed_505.csv,validation_top2_average,controlled_three_view_pool,1995,0.9535463483841978,3,available estimators/views,fixed three-view pool; fixed linear learner; no adaptive time search,five seed-level prediction arrays generated in revision
MAE,101,solubility_aqsoldb,/mnt/data/projects/trimole_hybrid_revision_20260915/results_strict/revision_20260917_controlled_baselines_v3/final/predictions/solubility_aqsoldb/validation_top3_average_seed_101.csv,validation_top3_average,controlled_three_view_pool,1995,0.8405002501636062,3,available estimators/views,fixed three-view pool; fixed linear learner; no adaptive time search,five seed-level prediction arrays generated in revision
MAE,202,solubility_aqsoldb,/mnt/data/projects/trimole_hybrid_revision_20260915/results_strict/revision_20260917_controlled_baselines_v3/final/predictions/solubility_aqsoldb/validation_top3_average_seed_202.csv,validation_top3_average,controlled_three_view_pool,1995,0.8405002501636062,3,available estimators/views,fixed three-view pool; fixed linear learner; no adaptive time search,five seed-level prediction arrays generated in revision
MAE,303,solubility_aqsoldb,/mnt/data/projects/trimole_hybrid_revision_20260915/results_strict/revision_20260917_controlled_baselines_v3/final/predictions/solubility_aqsoldb/validation_top3_average_seed_303.csv,validation_top3_average,controlled_three_view_pool,1995,0.8405002501636062,3,available estimators/views,fixed three-view pool; fixed linear learner; no adaptive time search,five seed-level prediction arrays generated in revision
MAE,404,solubility_aqsoldb,/mnt/data/projects/trimole_hybrid_revision_20260915/results_strict/revision_20260917_controlled_baselines_v3/final/predictions/solubility_aqsoldb/validation_top3_average_seed_404.csv,validation_top3_average,controlled_three_view_pool,1995,0.8405002501636062,3,available estimators/views,fixed three-view pool; fixed linear learner; no adaptive time search,five seed-level prediction arrays generated in revision
MAE,505,solubility_aqsoldb,/mnt/data/projects/trimole_hybrid_revision_20260915/results_strict/revision_20260917_controlled_baselines_v3/final/predictions/solubility_aqsoldb/validation_top3_average_seed_505.csv,validation_top3_average,controlled_three_view_pool,1995,0.8405002501636062,3,available estimators/views,fixed three-view pool; fixed linear learner; no adaptive time search,five seed-level prediction arrays generated in revision
Spearman,101,vdss_lombardo,/mnt/data/projects/trimole_hybrid_revision_20260915/results_strict/revision_20260917_flaml_matched_v1/final/predictions/vdss_lombardo/seed_101.csv,flaml_automl,matched_budget_automl,226,0.4357613567398199,3,available estimators/views,60 seconds and <= 30 iterations per task/seed,five seed-level prediction arrays generated in revision
Spearman,202,vdss_lombardo,/mnt/data/projects/trimole_hybrid_revision_20260915/results_strict/revision_20260917_flaml_matched_v1/final/predictions/vdss_lombardo/seed_202.csv,flaml_automl,matched_budget_automl,226,0.3403373348091111,3,available estimators/views,60 seconds and <= 30 iterations per task/seed,five seed-level prediction arrays generated in revision
Spearman,303,vdss_lombardo,/mnt/data/projects/trimole_hybrid_revision_20260915/results_strict/revision_20260917_flaml_matched_v1/final/predictions/vdss_lombardo/seed_303.csv,flaml_automl,matched_budget_automl,226,0.48551445031946466,3,available estimators/views,60 seconds and <= 30 iterations per task/seed,five seed-level prediction arrays generated in revision
Spearman,404,vdss_lombardo,/mnt/data/projects/trimole_hybrid_revision_20260915/results_strict/revision_20260917_flaml_matched_v1/final/predictions/vdss_lombardo/seed_404.csv,flaml_automl,matched_budget_automl,226,0.3960006730233381,3,available estimators/views,60 seconds and <= 30 iterations per task/seed,five seed-level prediction arrays generated in revision
Spearman,505,vdss_lombardo,/mnt/data/projects/trimole_hybrid_revision_20260915/results_strict/revision_20260917_flaml_matched_v1/final/predictions/vdss_lombardo/seed_505.csv,flaml_automl,matched_budget_automl,226,0.3203408733037679,3,available estimators/views,60 seconds and <= 30 iterations per task/seed,five seed-level prediction arrays generated in revision
Spearman,101,vdss_lombardo,/mnt/data/projects/trimole_hybrid_revision_20260915/results_strict/revision_20260917_controlled_baselines_v3/final/predictions/vdss_lombardo/global_single_seed_101.csv,global_single,controlled_three_view_pool,226,0.215611963310039,3,available estimators/views,fixed three-view pool; fixed linear learner; no adaptive time search,five seed-level prediction arrays generated in revision
Spearman,202,vdss_lombardo,/mnt/data/projects/trimole_hybrid_revision_20260915/results_strict/revision_20260917_controlled_baselines_v3/final/predictions/vdss_lombardo/global_single_seed_202.csv,global_single,controlled_three_view_pool,226,0.215611963310039,3,available estimators/views,fixed three-view pool; fixed linear learner; no adaptive time search,five seed-level prediction arrays generated in revision
Spearman,303,vdss_lombardo,/mnt/data/projects/trimole_hybrid_revision_20260915/results_strict/revision_20260917_controlled_baselines_v3/final/predictions/vdss_lombardo/global_single_seed_303.csv,global_single,controlled_three_view_pool,226,0.215611963310039,3,available estimators/views,fixed three-view pool; fixed linear learner; no adaptive time search,five seed-level prediction arrays generated in revision
Spearman,404,vdss_lombardo,/mnt/data/projects/trimole_hybrid_revision_20260915/results_strict/revision_20260917_controlled_baselines_v3/final/predictions/vdss_lombardo/global_single_seed_404.csv,global_single,controlled_three_view_pool,226,0.215611963310039,3,available estimators/views,fixed three-view pool; fixed linear learner; no adaptive time search,five seed-level prediction arrays generated in revision
Spearman,505,vdss_lombardo,/mnt/data/projects/trimole_hybrid_revision_20260915/results_strict/revision_20260917_controlled_baselines_v3/final/predictions/vdss_lombardo/global_single_seed_505.csv,global_single,controlled_three_view_pool,226,0.215611963310039,3,available estimators/views,fixed three-view pool; fixed linear learner; no adaptive time search,five seed-level prediction arrays generated in revision
Spearman,101,vdss_lombardo,/mnt/data/projects/trimole_hybrid_revision_20260915/results_strict/revision_20260917_controlled_baselines_v3/final/predictions/vdss_lombardo/oof_stacking_seed_101.csv,oof_stacking,controlled_three_view_pool,226,0.17122261045626136,3,available estimators/views,fixed three-view pool; fixed linear learner; no adaptive time search,five seed-level prediction arrays generated in revision
Spearman,202,vdss_lombardo,/mnt/data/projects/trimole_hybrid_revision_20260915/results_strict/revision_20260917_controlled_baselines_v3/final/predictions/vdss_lombardo/oof_stacking_seed_202.csv,oof_stacking,controlled_three_view_pool,226,0.10946323961142942,3,available estimators/views,fixed three-view pool; fixed linear learner; no adaptive time search,five seed-level prediction arrays generated in revision
Spearman,303,vdss_lombardo,/mnt/data/projects/trimole_hybrid_revision_20260915/results_strict/revision_20260917_controlled_baselines_v3/final/predictions/vdss_lombardo/oof_stacking_seed_303.csv,oof_stacking,controlled_three_view_pool,226,0.1040573972373056,3,available estimators/views,fixed three-view pool; fixed linear learner; no adaptive time search,five seed-level prediction arrays generated in revision
Spearman,404,vdss_lombardo,/mnt/data/projects/trimole_hybrid_revision_20260915/results_strict/revision_20260917_controlled_baselines_v3/final/predictions/vdss_lombardo/oof_stacking_seed_404.csv,oof_stacking,controlled_three_view_pool,226,0.08535918160552755,3,available estimators/views,fixed three-view pool; fixed linear learner; no adaptive time search,five seed-level prediction arrays generated in revision
Spearman,505,vdss_lombardo,/mnt/data/projects/trimole_hybrid_revision_20260915/results_strict/revision_20260917_controlled_baselines_v3/final/predictions/vdss_lombardo/oof_stacking_seed_505.csv,oof_stacking,controlled_three_view_pool,226,0.1820852397715505,3,available estimators/views,fixed three-view pool; fixed linear learner; no adaptive time search,five seed-level prediction arrays generated in revision
Spearman,101,vdss_lombardo,/mnt/data/projects/trimole_hybrid_revision_20260915/results_strict/revision_20260917_controlled_baselines_v3/final/predictions/vdss_lombardo/per_task_single_seed_101.csv,per_task_single,controlled_three_view_pool,226,0.215611963310039,3,available estimators/views,fixed three-view pool; fixed linear learner; no adaptive time search,five seed-level prediction arrays generated in revision
Spearman,202,vdss_lombardo,/mnt/data/projects/trimole_hybrid_revision_20260915/results_strict/revision_20260917_controlled_baselines_v3/final/predictions/vdss_lombardo/per_task_single_seed_202.csv,per_task_single,controlled_three_view_pool,226,0.215611963310039,3,available estimators/views,fixed three-view pool; fixed linear learner; no adaptive time search,five seed-level prediction arrays generated in revision
Spearman,303,vdss_lombardo,/mnt/data/projects/trimole_hybrid_revision_20260915/results_strict/revision_20260917_controlled_baselines_v3/final/predictions/vdss_lombardo/per_task_single_seed_303.csv,per_task_single,controlled_three_view_pool,226,0.215611963310039,3,available estimators/views,fixed three-view pool; fixed linear learner; no adaptive time search,five seed-level prediction arrays generated in revision
Spearman,404,vdss_lombardo,/mnt/data/projects/trimole_hybrid_revision_20260915/results_strict/revision_20260917_controlled_baselines_v3/final/predictions/vdss_lombardo/per_task_single_seed_404.csv,per_task_single,controlled_three_view_pool,226,0.215611963310039,3,available estimators/views,fixed three-view pool; fixed linear learner; no adaptive time search,five seed-level prediction arrays generated in revision
Spearman,505,vdss_lombardo,/mnt/data/projects/trimole_hybrid_revision_20260915/results_strict/revision_20260917_controlled_baselines_v3/final/predictions/vdss_lombardo/per_task_single_seed_505.csv,per_task_single,controlled_three_view_pool,226,0.215611963310039,3,available estimators/views,fixed three-view pool; fixed linear learner; no adaptive time search,five seed-level prediction arrays generated in revision
Spearman,1,vdss_lombardo,/mnt/data/projects/trimole_hybrid_revision_20260915/manuscript_revision/trimole_prediction_manifest_20260917/predictions/vdss_lombardo/seed_1.csv,trimole_hybrid,submitted_taskwise_system,226,0.6553352077867842,6,formal audited variants,historical validation-only search; six formal variants audited,five seed-level prediction arrays archived
Spearman,2,vdss_lombardo,/mnt/data/projects/trimole_hybrid_revision_20260915/manuscript_revision/trimole_prediction_manifest_20260917/predictions/vdss_lombardo/seed_2.csv,trimole_hybrid,submitted_taskwise_system,226,0.6613711144501538,6,formal audited variants,historical validation-only search; six formal variants audited,five seed-level prediction arrays archived
Spearman,3,vdss_lombardo,/mnt/data/projects/trimole_hybrid_revision_20260915/manuscript_revision/trimole_prediction_manifest_20260917/predictions/vdss_lombardo/seed_3.csv,trimole_hybrid,submitted_taskwise_system,226,0.6597655791554582,6,formal audited variants,historical validation-only search; six formal variants audited,five seed-level prediction arrays archived
Spearman,4,vdss_lombardo,/mnt/data/projects/trimole_hybrid_revision_20260915/manuscript_revision/trimole_prediction_manifest_20260917/predictions/vdss_lombardo/seed_4.csv,trimole_hybrid,submitted_taskwise_system,226,0.6603785624142159,6,formal audited variants,historical validation-only search; six formal variants audited,five seed-level prediction arrays archived
Spearman,5,vdss_lombardo,/mnt/data/projects/trimole_hybrid_revision_20260915/manuscript_revision/trimole_prediction_manifest_20260917/predictions/vdss_lombardo/seed_5.csv,trimole_hybrid,submitted_taskwise_system,226,0.6682204803739101,6,formal audited variants,historical validation-only search; six formal variants audited,five seed-level prediction arrays archived
Spearman,101,vdss_lombardo,/mnt/data/projects/trimole_hybrid_revision_20260915/results_strict/revision_20260917_controlled_baselines_v3/final/predictions/vdss_lombardo/uniform_average_seed_101.csv,uniform_average,controlled_three_view_pool,226,0.06134349682816697,3,available estimators/views,fixed three-view pool; fixed linear learner; no adaptive time search,five seed-level prediction arrays generated in revision
Spearman,202,vdss_lombardo,/mnt/data/projects/trimole_hybrid_revision_20260915/results_strict/revision_20260917_controlled_baselines_v3/final/predictions/vdss_lombardo/uniform_average_seed_202.csv,uniform_average,controlled_three_view_pool,226,0.06134349682816697,3,available estimators/views,fixed three-view pool; fixed linear learner; no adaptive time search,five seed-level prediction arrays generated in revision
Spearman,303,vdss_lombardo,/mnt/data/projects/trimole_hybrid_revision_20260915/results_strict/revision_20260917_controlled_baselines_v3/final/predictions/vdss_lombardo/uniform_average_seed_303.csv,uniform_average,controlled_three_view_pool,226,0.06134349682816697,3,available estimators/views,fixed three-view pool; fixed linear learner; no adaptive time search,five seed-level prediction arrays generated in revision
Spearman,404,vdss_lombardo,/mnt/data/projects/trimole_hybrid_revision_20260915/results_strict/revision_20260917_controlled_baselines_v3/final/predictions/vdss_lombardo/uniform_average_seed_404.csv,uniform_average,controlled_three_view_pool,226,0.06134349682816697,3,available estimators/views,fixed three-view pool; fixed linear learner; no adaptive time search,five seed-level prediction arrays generated in revision
Spearman,505,vdss_lombardo,/mnt/data/projects/trimole_hybrid_revision_20260915/results_strict/revision_20260917_controlled_baselines_v3/final/predictions/vdss_lombardo/uniform_average_seed_505.csv,uniform_average,controlled_three_view_pool,226,0.06134349682816697,3,available estimators/views,fixed three-view pool; fixed linear learner; no adaptive time search,five seed-level prediction arrays generated in revision
Spearman,101,vdss_lombardo,/mnt/data/projects/trimole_hybrid_revision_20260915/results_strict/revision_20260917_controlled_baselines_v3/final/predictions/vdss_lombardo/validation_top2_average_seed_101.csv,validation_top2_average,controlled_three_view_pool,226,0.1438695366951644,3,available estimators/views,fixed three-view pool; fixed linear learner; no adaptive time search,five seed-level prediction arrays generated in revision
Spearman,202,vdss_lombardo,/mnt/data/projects/trimole_hybrid_revision_20260915/results_strict/revision_20260917_controlled_baselines_v3/final/predictions/vdss_lombardo/validation_top2_average_seed_202.csv,validation_top2_average,controlled_three_view_pool,226,0.1438695366951644,3,available estimators/views,fixed three-view pool; fixed linear learner; no adaptive time search,five seed-level prediction arrays generated in revision
Spearman,303,vdss_lombardo,/mnt/data/projects/trimole_hybrid_revision_20260915/results_strict/revision_20260917_controlled_baselines_v3/final/predictions/vdss_lombardo/validation_top2_average_seed_303.csv,validation_top2_average,controlled_three_view_pool,226,0.1438695366951644,3,available estimators/views,fixed three-view pool; fixed linear learner; no adaptive time search,five seed-level prediction arrays generated in revision
Spearman,404,vdss_lombardo,/mnt/data/projects/trimole_hybrid_revision_20260915/results_strict/revision_20260917_controlled_baselines_v3/final/predictions/vdss_lombardo/validation_top2_average_seed_404.csv,validation_top2_average,controlled_three_view_pool,226,0.1438695366951644,3,available estimators/views,fixed three-view pool; fixed linear learner; no adaptive time search,five seed-level prediction arrays generated in revision
Spearman,505,vdss_lombardo,/mnt/data/projects/trimole_hybrid_revision_20260915/results_strict/revision_20260917_controlled_baselines_v3/final/predictions/vdss_lombardo/validation_top2_average_seed_505.csv,validation_top2_average,controlled_three_view_pool,226,0.1438695366951644,3,available estimators/views,fixed three-view pool; fixed linear learner; no adaptive time search,five seed-level prediction arrays generated in revision
Spearman,101,vdss_lombardo,/mnt/data/projects/trimole_hybrid_revision_20260915/results_strict/revision_20260917_controlled_baselines_v3/final/predictions/vdss_lombardo/validation_top3_average_seed_101.csv,validation_top3_average,controlled_three_view_pool,226,0.06134349682816697,3,available estimators/views,fixed three-view pool; fixed linear learner; no adaptive time search,five seed-level prediction arrays generated in revision
Spearman,202,vdss_lombardo,/mnt/data/projects/trimole_hybrid_revision_20260915/results_strict/revision_20260917_controlled_baselines_v3/final/predictions/vdss_lombardo/validation_top3_average_seed_202.csv,validation_top3_average,controlled_three_view_pool,226,0.06134349682816697,3,available estimators/views,fixed three-view pool; fixed linear learner; no adaptive time search,five seed-level prediction arrays generated in revision
Spearman,303,vdss_lombardo,/mnt/data/projects/trimole_hybrid_revision_20260915/results_strict/revision_20260917_controlled_baselines_v3/final/predictions/vdss_lombardo/validation_top3_average_seed_303.csv,validation_top3_average,controlled_three_view_pool,226,0.06134349682816697,3,available estimators/views,fixed three-view pool; fixed linear learner; no adaptive time search,five seed-level prediction arrays generated in revision
Spearman,404,vdss_lombardo,/mnt/data/projects/trimole_hybrid_revision_20260915/results_strict/revision_20260917_controlled_baselines_v3/final/predictions/vdss_lombardo/validation_top3_average_seed_404.csv,validation_top3_average,controlled_three_view_pool,226,0.06134349682816697,3,available estimators/views,fixed three-view pool; fixed linear learner; no adaptive time search,five seed-level prediction arrays generated in revision
Spearman,505,vdss_lombardo,/mnt/data/projects/trimole_hybrid_revision_20260915/results_strict/revision_20260917_controlled_baselines_v3/final/predictions/vdss_lombardo/validation_top3_average_seed_505.csv,validation_top3_average,controlled_three_view_pool,226,0.06134349682816697,3,available estimators/views,fixed three-view pool; fixed linear learner; no adaptive time search,five seed-level prediction arrays generated in revision
