task,metric,model,seed,published_score,recomputed_score,absolute_error,n_test_rows,bundle_member
ames,AUROC,global_single,101,0.8458986860913666,0.8458986860913666,0.0,1457,method/global_single/ames/seed_101/test.csv
ames,AUROC,per_task_single,101,0.8551077953357222,0.8551077953357222,0.0,1457,method/per_task_single/ames/seed_101/test.csv
ames,AUROC,validation_top2_average,101,0.8494370361667548,0.8494370361667548,0.0,1457,method/validation_top2_average/ames/seed_101/test.csv
ames,AUROC,validation_top3_average,101,0.85859131762909,0.85859131762909,0.0,1457,method/validation_top3_average/ames/seed_101/test.csv
ames,AUROC,uniform_candidate_average,101,0.8347373161800702,0.8347373161800702,0.0,1457,method/uniform_candidate_average/ames/seed_101/test.csv
ames,AUROC,validation_stacking,101,0.8464234662907048,0.8464234662907048,0.0,1457,method/validation_stacking/ames/seed_101/test.csv
ames,AUROC,common_pool_taskwise_selector,101,0.8464234662907048,0.8464234662907048,0.0,1457,method/common_pool_taskwise_selector/ames/seed_101/test.csv
ames,AUROC,common_pool_automl,101,0.8452867688813175,0.8452867688813175,0.0,1457,method/common_pool_automl/ames/seed_101/test.csv
ames,AUROC,global_single,202,0.8441246157159921,0.8441246157159921,0.0,1457,method/global_single/ames/seed_202/test.csv
ames,AUROC,per_task_single,202,0.8582975973682665,0.8582975973682665,0.0,1457,method/per_task_single/ames/seed_202/test.csv
ames,AUROC,validation_top2_average,202,0.8518964538173843,0.8518964538173843,0.0,1457,method/validation_top2_average/ames/seed_202/test.csv
ames,AUROC,validation_top3_average,202,0.8590025259942432,0.8590025259942432,0.0,1457,method/validation_top3_average/ames/seed_202/test.csv
ames,AUROC,uniform_candidate_average,202,0.8334410307623019,0.8334410307623019,0.0,1457,method/uniform_candidate_average/ames/seed_202/test.csv
ames,AUROC,validation_stacking,202,0.8421527736983297,0.8421527736983297,0.0,1457,method/validation_stacking/ames/seed_202/test.csv
ames,AUROC,common_pool_taskwise_selector,202,0.8421527736983297,0.8421527736983297,0.0,1457,method/common_pool_taskwise_selector/ames/seed_202/test.csv
ames,AUROC,common_pool_automl,202,0.8200845914351171,0.8200845914351171,0.0,1457,method/common_pool_automl/ames/seed_202/test.csv
ames,AUROC,global_single,303,0.8468072607648476,0.8468072607648476,0.0,1457,method/global_single/ames/seed_303/test.csv
ames,AUROC,per_task_single,303,0.8534766688206152,0.8534766688206152,0.0,1457,method/per_task_single/ames/seed_303/test.csv
ames,AUROC,validation_top2_average,303,0.8499579000959485,0.8499579000959485,0.0,1457,method/validation_top2_average/ames/seed_303/test.csv
ames,AUROC,validation_top3_average,303,0.8583328437995652,0.8583328437995652,0.0,1457,method/validation_top3_average/ames/seed_303/test.csv
ames,AUROC,uniform_candidate_average,303,0.8366308327948462,0.8366308327948462,0.0,1457,method/uniform_candidate_average/ames/seed_303/test.csv
ames,AUROC,validation_stacking,303,0.8376353560868628,0.8376353560868628,0.0,1457,method/validation_stacking/ames/seed_303/test.csv
ames,AUROC,common_pool_taskwise_selector,303,0.8376353560868628,0.8376353560868628,0.0,1457,method/common_pool_taskwise_selector/ames/seed_303/test.csv
ames,AUROC,common_pool_automl,303,0.8356018328144275,0.8356018328144275,0.0,1457,method/common_pool_automl/ames/seed_303/test.csv
ames,AUROC,global_single,404,0.8437134073508392,0.8437134073508392,0.0,1457,method/global_single/ames/seed_404/test.csv
ames,AUROC,per_task_single,404,0.8540778162877676,0.8540778162877676,0.0,1457,method/per_task_single/ames/seed_404/test.csv
ames,AUROC,validation_top2_average,404,0.8505492568877402,0.8505492568877402,0.0,1457,method/validation_top2_average/ames/seed_404/test.csv
ames,AUROC,validation_top3_average,404,0.8580273747283087,0.8580273747283087,0.0,1457,method/validation_top3_average/ames/seed_404/test.csv
ames,AUROC,uniform_candidate_average,404,0.8331982220133545,0.8331982220133545,0.0,1457,method/uniform_candidate_average/ames/seed_404/test.csv
ames,AUROC,validation_stacking,404,0.8451134739274314,0.8451134739274314,0.0,1457,method/validation_stacking/ames/seed_404/test.csv
ames,AUROC,common_pool_taskwise_selector,404,0.8451134739274314,0.8451134739274314,0.0,1457,method/common_pool_taskwise_selector/ames/seed_404/test.csv
ames,AUROC,common_pool_automl,404,0.8383618241986333,0.8383618241986333,0.0,1457,method/common_pool_automl/ames/seed_404/test.csv
ames,AUROC,global_single,505,0.8456500029372025,0.8456500029372025,0.0,1457,method/global_single/ames/seed_505/test.csv
ames,AUROC,per_task_single,505,0.8552448647907732,0.8552448647907732,0.0,1457,method/per_task_single/ames/seed_505/test.csv
ames,AUROC,validation_top2_average,505,0.8502477040866279,0.8502477040866279,0.0,1457,method/validation_top2_average/ames/seed_505/test.csv
ames,AUROC,validation_top3_average,505,0.8587479684348627,0.8587479684348627,0.0,1457,method/validation_top3_average/ames/seed_505/test.csv
ames,AUROC,uniform_candidate_average,505,0.837474789010946,0.837474789010946,0.0,1457,method/uniform_candidate_average/ames/seed_505/test.csv
ames,AUROC,validation_stacking,505,0.8424974054710292,0.8424974054710292,0.0,1457,method/validation_stacking/ames/seed_505/test.csv
ames,AUROC,common_pool_taskwise_selector,505,0.8424974054710292,0.8424974054710292,0.0,1457,method/common_pool_taskwise_selector/ames/seed_505/test.csv
ames,AUROC,common_pool_automl,505,0.8308876226282088,0.8308876226282088,0.0,1457,method/common_pool_automl/ames/seed_505/test.csv
bbb_martins,AUROC,global_single,101,0.902439024390244,0.9024390243902439,1.1102230246251565e-16,406,method/global_single/bbb_martins/seed_101/test.csv
bbb_martins,AUROC,per_task_single,101,0.902439024390244,0.9024390243902439,1.1102230246251565e-16,406,method/per_task_single/bbb_martins/seed_101/test.csv
bbb_martins,AUROC,validation_top2_average,101,0.9177220137585992,0.9177220137585991,1.1102230246251565e-16,406,method/validation_top2_average/bbb_martins/seed_101/test.csv
bbb_martins,AUROC,validation_top3_average,101,0.9063086303939965,0.9063086303939965,0.0,406,method/validation_top3_average/bbb_martins/seed_101/test.csv
bbb_martins,AUROC,uniform_candidate_average,101,0.8950515947467167,0.8950515947467167,0.0,406,method/uniform_candidate_average/bbb_martins/seed_101/test.csv
bbb_martins,AUROC,validation_stacking,101,0.8718730456535334,0.8718730456535334,0.0,406,method/validation_stacking/bbb_martins/seed_101/test.csv
bbb_martins,AUROC,common_pool_taskwise_selector,101,0.9177220137585992,0.9177220137585991,1.1102230246251565e-16,406,method/common_pool_taskwise_selector/bbb_martins/seed_101/test.csv
bbb_martins,AUROC,common_pool_automl,101,0.8877032520325202,0.8877032520325202,0.0,406,method/common_pool_automl/bbb_martins/seed_101/test.csv
bbb_martins,AUROC,global_single,202,0.9051751094434022,0.9051751094434022,0.0,406,method/global_single/bbb_martins/seed_202/test.csv
bbb_martins,AUROC,per_task_single,202,0.9051751094434022,0.9051751094434022,0.0,406,method/per_task_single/bbb_martins/seed_202/test.csv
bbb_martins,AUROC,validation_top2_average,202,0.9194418386491556,0.9194418386491557,1.1102230246251565e-16,406,method/validation_top2_average/bbb_martins/seed_202/test.csv
bbb_martins,AUROC,validation_top3_average,202,0.909631019387117,0.909631019387117,0.0,406,method/validation_top3_average/bbb_martins/seed_202/test.csv
bbb_martins,AUROC,uniform_candidate_average,202,0.8899702939337086,0.8899702939337086,0.0,406,method/uniform_candidate_average/bbb_martins/seed_202/test.csv
bbb_martins,AUROC,validation_stacking,202,0.8356003752345216,0.8356003752345216,0.0,406,method/validation_stacking/bbb_martins/seed_202/test.csv
bbb_martins,AUROC,common_pool_taskwise_selector,202,0.9194418386491556,0.9194418386491557,1.1102230246251565e-16,406,method/common_pool_taskwise_selector/bbb_martins/seed_202/test.csv
bbb_martins,AUROC,common_pool_automl,202,0.8852994058786742,0.8852994058786742,0.0,406,method/common_pool_automl/bbb_martins/seed_202/test.csv
bbb_martins,AUROC,global_single,303,0.907520325203252,0.9075203252032521,1.1102230246251565e-16,406,method/global_single/bbb_martins/seed_303/test.csv
bbb_martins,AUROC,per_task_single,303,0.907520325203252,0.9075203252032521,1.1102230246251565e-16,406,method/per_task_single/bbb_martins/seed_303/test.csv
bbb_martins,AUROC,validation_top2_average,303,0.9235850531582238,0.9235850531582238,0.0,406,method/validation_top2_average/bbb_martins/seed_303/test.csv
bbb_martins,AUROC,validation_top3_average,303,0.9109208880550344,0.9109208880550344,0.0,406,method/validation_top3_average/bbb_martins/seed_303/test.csv
bbb_martins,AUROC,uniform_candidate_average,303,0.906816760475297,0.906816760475297,0.0,406,method/uniform_candidate_average/bbb_martins/seed_303/test.csv
bbb_martins,AUROC,validation_stacking,303,0.816447779862414,0.816447779862414,0.0,406,method/validation_stacking/bbb_martins/seed_303/test.csv
bbb_martins,AUROC,common_pool_taskwise_selector,303,0.9235850531582238,0.9235850531582238,0.0,406,method/common_pool_taskwise_selector/bbb_martins/seed_303/test.csv
bbb_martins,AUROC,common_pool_automl,303,0.8725375234521575,0.8725375234521575,0.0,406,method/common_pool_automl/bbb_martins/seed_303/test.csv
bbb_martins,AUROC,global_single,404,0.9058786741713571,0.9058786741713571,0.0,406,method/global_single/bbb_martins/seed_404/test.csv
bbb_martins,AUROC,per_task_single,404,0.9058786741713571,0.9058786741713571,0.0,406,method/per_task_single/bbb_martins/seed_404/test.csv
bbb_martins,AUROC,validation_top2_average,404,0.921904315196998,0.9219043151969981,1.1102230246251565e-16,406,method/validation_top2_average/bbb_martins/seed_404/test.csv
bbb_martins,AUROC,validation_top3_average,404,0.9106081926203876,0.9106081926203877,1.1102230246251565e-16,406,method/validation_top3_average/bbb_martins/seed_404/test.csv
bbb_martins,AUROC,uniform_candidate_average,404,0.9056050656660412,0.9056050656660413,1.1102230246251565e-16,406,method/uniform_candidate_average/bbb_martins/seed_404/test.csv
bbb_martins,AUROC,validation_stacking,404,0.8262585991244528,0.8262585991244528,0.0,406,method/validation_stacking/bbb_martins/seed_404/test.csv
bbb_martins,AUROC,common_pool_taskwise_selector,404,0.921904315196998,0.9219043151969981,1.1102230246251565e-16,406,method/common_pool_taskwise_selector/bbb_martins/seed_404/test.csv
bbb_martins,AUROC,common_pool_automl,404,0.8789477798624139,0.8789477798624139,0.0,406,method/common_pool_automl/bbb_martins/seed_404/test.csv
bbb_martins,AUROC,global_single,505,0.9030253283302064,0.9030253283302063,1.1102230246251565e-16,406,method/global_single/bbb_martins/seed_505/test.csv
bbb_martins,AUROC,per_task_single,505,0.9030253283302064,0.9030253283302063,1.1102230246251565e-16,406,method/per_task_single/bbb_martins/seed_505/test.csv
bbb_martins,AUROC,validation_top2_average,505,0.9153767979987492,0.9153767979987492,0.0,406,method/validation_top2_average/bbb_martins/seed_505/test.csv
bbb_martins,AUROC,validation_top3_average,505,0.9044324577861164,0.9044324577861164,0.0,406,method/validation_top3_average/bbb_martins/seed_505/test.csv
bbb_martins,AUROC,uniform_candidate_average,505,0.8984912445278298,0.8984912445278298,0.0,406,method/uniform_candidate_average/bbb_martins/seed_505/test.csv
bbb_martins,AUROC,validation_stacking,505,0.8504924953095685,0.8504924953095685,0.0,406,method/validation_stacking/bbb_martins/seed_505/test.csv
bbb_martins,AUROC,common_pool_taskwise_selector,505,0.9153767979987492,0.9153767979987492,0.0,406,method/common_pool_taskwise_selector/bbb_martins/seed_505/test.csv
bbb_martins,AUROC,common_pool_automl,505,0.8799249530956849,0.8799249530956849,0.0,406,method/common_pool_automl/bbb_martins/seed_505/test.csv
bioavailability_ma,AUROC,global_single,101,0.6484868639840372,0.6484868639840372,0.0,128,method/global_single/bioavailability_ma/seed_101/test.csv
bioavailability_ma,AUROC,per_task_single,101,0.6458264050548721,0.6458264050548721,0.0,128,method/per_task_single/bioavailability_ma/seed_101/test.csv
bioavailability_ma,AUROC,validation_top2_average,101,0.6471566345194546,0.6471566345194546,0.0,128,method/validation_top2_average/bioavailability_ma/seed_101/test.csv
bioavailability_ma,AUROC,validation_top3_average,101,0.6664449617559028,0.6664449617559028,0.0,128,method/validation_top3_average/bioavailability_ma/seed_101/test.csv
bioavailability_ma,AUROC,uniform_candidate_average,101,0.695710009976721,0.695710009976721,0.0,128,method/uniform_candidate_average/bioavailability_ma/seed_101/test.csv
bioavailability_ma,AUROC,validation_stacking,101,0.6740937811772529,0.6740937811772529,0.0,128,method/validation_stacking/bioavailability_ma/seed_101/test.csv
bioavailability_ma,AUROC,common_pool_taskwise_selector,101,0.6458264050548721,0.6458264050548721,0.0,128,method/common_pool_taskwise_selector/bioavailability_ma/seed_101/test.csv
bioavailability_ma,AUROC,common_pool_automl,101,0.680079813767875,0.680079813767875,0.0,128,method/common_pool_automl/bioavailability_ma/seed_101/test.csv
bioavailability_ma,AUROC,global_single,202,0.6494845360824743,0.6494845360824743,0.0,128,method/global_single/bioavailability_ma/seed_202/test.csv
bioavailability_ma,AUROC,per_task_single,202,0.6571333555038243,0.6571333555038243,0.0,128,method/per_task_single/bioavailability_ma/seed_202/test.csv
bioavailability_ma,AUROC,validation_top2_average,202,0.6528101097439308,0.6528101097439308,0.0,128,method/validation_top2_average/bioavailability_ma/seed_202/test.csv
bioavailability_ma,AUROC,validation_top3_average,202,0.6631193880944464,0.6631193880944464,0.0,128,method/validation_top3_average/bioavailability_ma/seed_202/test.csv
bioavailability_ma,AUROC,uniform_candidate_average,202,0.6431659461257067,0.6431659461257067,0.0,128,method/uniform_candidate_average/bioavailability_ma/seed_202/test.csv
bioavailability_ma,AUROC,validation_stacking,202,0.559694047223146,0.559694047223146,0.0,128,method/validation_stacking/bioavailability_ma/seed_202/test.csv
bioavailability_ma,AUROC,common_pool_taskwise_selector,202,0.6571333555038243,0.6571333555038243,0.0,128,method/common_pool_taskwise_selector/bioavailability_ma/seed_202/test.csv
bioavailability_ma,AUROC,common_pool_automl,202,0.6215497173262388,0.6215497173262388,0.0,128,method/common_pool_automl/bioavailability_ma/seed_202/test.csv
bioavailability_ma,AUROC,global_single,303,0.6448287329564351,0.6448287329564351,0.0,128,method/global_single/bioavailability_ma/seed_303/test.csv
bioavailability_ma,AUROC,per_task_single,303,0.6418357166611239,0.6418357166611239,0.0,128,method/per_task_single/bioavailability_ma/seed_303/test.csv
bioavailability_ma,AUROC,validation_top2_average,303,0.643831060857998,0.643831060857998,0.0,128,method/validation_top2_average/bioavailability_ma/seed_303/test.csv
bioavailability_ma,AUROC,validation_top3_average,303,0.6717658796142334,0.6717658796142334,0.0,128,method/validation_top3_average/bioavailability_ma/seed_303/test.csv
bioavailability_ma,AUROC,uniform_candidate_average,303,0.7080146325241103,0.7080146325241103,0.0,128,method/uniform_candidate_average/bioavailability_ma/seed_303/test.csv
bioavailability_ma,AUROC,validation_stacking,303,0.615563684735617,0.615563684735617,0.0,128,method/validation_stacking/bioavailability_ma/seed_303/test.csv
bioavailability_ma,AUROC,common_pool_taskwise_selector,303,0.6418357166611239,0.6418357166611239,0.0,128,method/common_pool_taskwise_selector/bioavailability_ma/seed_303/test.csv
bioavailability_ma,AUROC,common_pool_automl,303,0.6634519454605919,0.6634519454605919,0.0,128,method/common_pool_automl/bioavailability_ma/seed_303/test.csv
bioavailability_ma,AUROC,global_single,404,0.644828732956435,0.644828732956435,0.0,128,method/global_single/bioavailability_ma/seed_404/test.csv
bioavailability_ma,AUROC,per_task_single,404,0.6321915530428999,0.6321915530428999,0.0,128,method/per_task_single/bioavailability_ma/seed_404/test.csv
bioavailability_ma,AUROC,validation_top2_average,404,0.6405054871965414,0.6405054871965414,0.0,128,method/validation_top2_average/bioavailability_ma/seed_404/test.csv
bioavailability_ma,AUROC,validation_top3_average,404,0.6591286997006983,0.6591286997006983,0.0,128,method/validation_top3_average/bioavailability_ma/seed_404/test.csv
bioavailability_ma,AUROC,uniform_candidate_average,404,0.7020285999334885,0.7020285999334885,0.0,128,method/uniform_candidate_average/bioavailability_ma/seed_404/test.csv
bioavailability_ma,AUROC,validation_stacking,404,0.6345194546059195,0.6345194546059195,0.0,128,method/validation_stacking/bioavailability_ma/seed_404/test.csv
bioavailability_ma,AUROC,common_pool_taskwise_selector,404,0.6321915530428999,0.6321915530428999,0.0,128,method/common_pool_taskwise_selector/bioavailability_ma/seed_404/test.csv
bioavailability_ma,AUROC,common_pool_automl,404,0.6687728633189225,0.6687728633189225,0.0,128,method/common_pool_automl/bioavailability_ma/seed_404/test.csv
bioavailability_ma,AUROC,global_single,505,0.646824077153309,0.646824077153309,0.0,128,method/global_single/bioavailability_ma/seed_505/test.csv
bioavailability_ma,AUROC,per_task_single,505,0.6444961755902894,0.6444961755902894,0.0,128,method/per_task_single/bioavailability_ma/seed_505/test.csv
bioavailability_ma,AUROC,validation_top2_average,505,0.6478217492517458,0.6478217492517458,0.0,128,method/validation_top2_average/bioavailability_ma/seed_505/test.csv
bioavailability_ma,AUROC,validation_top3_average,505,0.6787495843032922,0.6787495843032922,0.0,128,method/validation_top3_average/bioavailability_ma/seed_505/test.csv
bioavailability_ma,AUROC,uniform_candidate_average,505,0.6677751912204856,0.6677751912204856,0.0,128,method/uniform_candidate_average/bioavailability_ma/seed_505/test.csv
bioavailability_ma,AUROC,validation_stacking,505,0.6248752909876953,0.6248752909876953,0.0,128,method/validation_stacking/bioavailability_ma/seed_505/test.csv
bioavailability_ma,AUROC,common_pool_taskwise_selector,505,0.6444961755902894,0.6444961755902894,0.0,128,method/common_pool_taskwise_selector/bioavailability_ma/seed_505/test.csv
bioavailability_ma,AUROC,common_pool_automl,505,0.6328566677751911,0.6328566677751911,0.0,128,method/common_pool_automl/bioavailability_ma/seed_505/test.csv
caco2_wang,MAE,global_single,101,0.3520695016483517,0.3520695016483517,0.0,182,method/global_single/caco2_wang/seed_101/test.csv
caco2_wang,MAE,per_task_single,101,0.3520695016483517,0.3520695016483517,0.0,182,method/per_task_single/caco2_wang/seed_101/test.csv
caco2_wang,MAE,validation_top2_average,101,0.3200832681318681,0.3200832681318681,0.0,182,method/validation_top2_average/caco2_wang/seed_101/test.csv
caco2_wang,MAE,validation_top3_average,101,0.2951871467032967,0.29518714670329665,5.551115123125783e-17,182,method/validation_top3_average/caco2_wang/seed_101/test.csv
caco2_wang,MAE,uniform_candidate_average,101,0.3491331321733821,0.3491331321733822,1.1102230246251565e-16,182,method/uniform_candidate_average/caco2_wang/seed_101/test.csv
caco2_wang,MAE,validation_stacking,101,0.3071636093482605,0.3071636093482605,0.0,182,method/validation_stacking/caco2_wang/seed_101/test.csv
caco2_wang,MAE,common_pool_taskwise_selector,101,0.3071636093482605,0.3071636093482605,0.0,182,method/common_pool_taskwise_selector/caco2_wang/seed_101/test.csv
caco2_wang,MAE,common_pool_automl,101,0.306413955019073,0.30641395501907304,5.551115123125783e-17,182,method/common_pool_automl/caco2_wang/seed_101/test.csv
caco2_wang,MAE,global_single,202,0.3841493296703296,0.38414932967032966,5.551115123125783e-17,182,method/global_single/caco2_wang/seed_202/test.csv
caco2_wang,MAE,per_task_single,202,0.3841493296703296,0.38414932967032966,5.551115123125783e-17,182,method/per_task_single/caco2_wang/seed_202/test.csv
caco2_wang,MAE,validation_top2_average,202,0.3252598791208791,0.3252598791208792,1.1102230246251565e-16,182,method/validation_top2_average/caco2_wang/seed_202/test.csv
caco2_wang,MAE,validation_top3_average,202,0.29936365,0.29936365000000004,5.551115123125783e-17,182,method/validation_top3_average/caco2_wang/seed_202/test.csv
caco2_wang,MAE,uniform_candidate_average,202,0.3503795962759463,0.3503795962759462,5.551115123125783e-17,182,method/uniform_candidate_average/caco2_wang/seed_202/test.csv
caco2_wang,MAE,validation_stacking,202,0.3370044564453113,0.33700445644531135,5.551115123125783e-17,182,method/validation_stacking/caco2_wang/seed_202/test.csv
caco2_wang,MAE,common_pool_taskwise_selector,202,0.3370044564453113,0.33700445644531135,5.551115123125783e-17,182,method/common_pool_taskwise_selector/caco2_wang/seed_202/test.csv
caco2_wang,MAE,common_pool_automl,202,0.3339425157613465,0.3339425157613465,0.0,182,method/common_pool_automl/caco2_wang/seed_202/test.csv
caco2_wang,MAE,global_single,303,0.3409152763736264,0.3409152763736264,0.0,182,method/global_single/caco2_wang/seed_303/test.csv
caco2_wang,MAE,per_task_single,303,0.3409152763736264,0.3409152763736264,0.0,182,method/per_task_single/caco2_wang/seed_303/test.csv
caco2_wang,MAE,validation_top2_average,303,0.3281415332417582,0.32814153324175827,5.551115123125783e-17,182,method/validation_top2_average/caco2_wang/seed_303/test.csv
caco2_wang,MAE,validation_top3_average,303,0.298209784065934,0.29820978406593407,5.551115123125783e-17,182,method/validation_top3_average/caco2_wang/seed_303/test.csv
caco2_wang,MAE,uniform_candidate_average,303,0.3514737589133089,0.35147375891330895,5.551115123125783e-17,182,method/uniform_candidate_average/caco2_wang/seed_303/test.csv
caco2_wang,MAE,validation_stacking,303,0.3166191414892034,0.3166191414892034,0.0,182,method/validation_stacking/caco2_wang/seed_303/test.csv
caco2_wang,MAE,common_pool_taskwise_selector,303,0.3166191414892034,0.3166191414892034,0.0,182,method/common_pool_taskwise_selector/caco2_wang/seed_303/test.csv
caco2_wang,MAE,common_pool_automl,303,0.315283974736105,0.315283974736105,0.0,182,method/common_pool_automl/caco2_wang/seed_303/test.csv
caco2_wang,MAE,global_single,404,0.3934290994505495,0.39342909945054955,5.551115123125783e-17,182,method/global_single/caco2_wang/seed_404/test.csv
caco2_wang,MAE,per_task_single,404,0.3934290994505495,0.39342909945054955,5.551115123125783e-17,182,method/per_task_single/caco2_wang/seed_404/test.csv
caco2_wang,MAE,validation_top2_average,404,0.3258368653846155,0.3258368653846154,5.551115123125783e-17,182,method/validation_top2_average/caco2_wang/seed_404/test.csv
caco2_wang,MAE,validation_top3_average,404,0.3011716921245421,0.30117169212454215,5.551115123125783e-17,182,method/validation_top3_average/caco2_wang/seed_404/test.csv
caco2_wang,MAE,uniform_candidate_average,404,0.3502311308302808,0.35023113083028085,5.551115123125783e-17,182,method/uniform_candidate_average/caco2_wang/seed_404/test.csv
caco2_wang,MAE,validation_stacking,404,0.3589419298575783,0.3589419298575783,0.0,182,method/validation_stacking/caco2_wang/seed_404/test.csv
caco2_wang,MAE,common_pool_taskwise_selector,404,0.3589419298575783,0.3589419298575783,0.0,182,method/common_pool_taskwise_selector/caco2_wang/seed_404/test.csv
caco2_wang,MAE,common_pool_automl,404,0.360859452723074,0.36085945272307407,5.551115123125783e-17,182,method/common_pool_automl/caco2_wang/seed_404/test.csv
caco2_wang,MAE,global_single,505,0.3559777758241758,0.35597777582417583,5.551115123125783e-17,182,method/global_single/caco2_wang/seed_505/test.csv
caco2_wang,MAE,per_task_single,505,0.3559777758241758,0.35597777582417583,5.551115123125783e-17,182,method/per_task_single/caco2_wang/seed_505/test.csv
caco2_wang,MAE,validation_top2_average,505,0.3224739032967033,0.32247390329670333,5.551115123125783e-17,182,method/validation_top2_average/caco2_wang/seed_505/test.csv
caco2_wang,MAE,validation_top3_average,505,0.3055902791208792,0.30559027912087916,5.551115123125783e-17,182,method/validation_top3_average/caco2_wang/seed_505/test.csv
caco2_wang,MAE,uniform_candidate_average,505,0.3484807173382174,0.34848071733821745,5.551115123125783e-17,182,method/uniform_candidate_average/caco2_wang/seed_505/test.csv
caco2_wang,MAE,validation_stacking,505,0.3654155442567078,0.36541554425670786,5.551115123125783e-17,182,method/validation_stacking/caco2_wang/seed_505/test.csv
caco2_wang,MAE,common_pool_taskwise_selector,505,0.3654155442567078,0.36541554425670786,5.551115123125783e-17,182,method/common_pool_taskwise_selector/caco2_wang/seed_505/test.csv
caco2_wang,MAE,common_pool_automl,505,0.3746143773033396,0.37461437730333963,5.551115123125783e-17,182,method/common_pool_automl/caco2_wang/seed_505/test.csv
clearance_hepatocyte_az,Spearman,global_single,101,0.1788322549824511,0.1788322549824511,0.0,243,method/global_single/clearance_hepatocyte_az/seed_101/test.csv
clearance_hepatocyte_az,Spearman,per_task_single,101,0.1788322549824511,0.1788322549824511,0.0,243,method/per_task_single/clearance_hepatocyte_az/seed_101/test.csv
clearance_hepatocyte_az,Spearman,validation_top2_average,101,0.2366799640626629,0.23667996406266295,5.551115123125783e-17,243,method/validation_top2_average/clearance_hepatocyte_az/seed_101/test.csv
clearance_hepatocyte_az,Spearman,validation_top3_average,101,0.3483408072760666,0.34834080727606664,5.551115123125783e-17,243,method/validation_top3_average/clearance_hepatocyte_az/seed_101/test.csv
clearance_hepatocyte_az,Spearman,uniform_candidate_average,101,0.4954135545254622,0.49541355452546226,5.551115123125783e-17,243,method/uniform_candidate_average/clearance_hepatocyte_az/seed_101/test.csv
clearance_hepatocyte_az,Spearman,validation_stacking,101,0.3856821158292439,0.3856821158292439,0.0,243,method/validation_stacking/clearance_hepatocyte_az/seed_101/test.csv
clearance_hepatocyte_az,Spearman,common_pool_taskwise_selector,101,0.3483408072760666,0.34834080727606664,5.551115123125783e-17,243,method/common_pool_taskwise_selector/clearance_hepatocyte_az/seed_101/test.csv
clearance_hepatocyte_az,Spearman,common_pool_automl,101,0.475325191045035,0.475325191045035,0.0,243,method/common_pool_automl/clearance_hepatocyte_az/seed_101/test.csv
clearance_hepatocyte_az,Spearman,global_single,202,0.2237859050616826,0.2237859050616826,0.0,243,method/global_single/clearance_hepatocyte_az/seed_202/test.csv
clearance_hepatocyte_az,Spearman,per_task_single,202,0.2237859050616826,0.2237859050616826,0.0,243,method/per_task_single/clearance_hepatocyte_az/seed_202/test.csv
clearance_hepatocyte_az,Spearman,validation_top2_average,202,0.2523311138474838,0.25233111384748386,5.551115123125783e-17,243,method/validation_top2_average/clearance_hepatocyte_az/seed_202/test.csv
clearance_hepatocyte_az,Spearman,validation_top3_average,202,0.346519752968866,0.346519752968866,0.0,243,method/validation_top3_average/clearance_hepatocyte_az/seed_202/test.csv
clearance_hepatocyte_az,Spearman,uniform_candidate_average,202,0.4937837029333814,0.4937837029333814,0.0,243,method/uniform_candidate_average/clearance_hepatocyte_az/seed_202/test.csv
clearance_hepatocyte_az,Spearman,validation_stacking,202,0.3756295440637573,0.37562954406375737,5.551115123125783e-17,243,method/validation_stacking/clearance_hepatocyte_az/seed_202/test.csv
clearance_hepatocyte_az,Spearman,common_pool_taskwise_selector,202,0.346519752968866,0.346519752968866,0.0,243,method/common_pool_taskwise_selector/clearance_hepatocyte_az/seed_202/test.csv
clearance_hepatocyte_az,Spearman,common_pool_automl,202,0.4282033586507316,0.42820335865073167,5.551115123125783e-17,243,method/common_pool_automl/clearance_hepatocyte_az/seed_202/test.csv
clearance_hepatocyte_az,Spearman,global_single,303,0.1895452172709536,0.18954521727095366,5.551115123125783e-17,243,method/global_single/clearance_hepatocyte_az/seed_303/test.csv
clearance_hepatocyte_az,Spearman,per_task_single,303,0.1895452172709536,0.18954521727095366,5.551115123125783e-17,243,method/per_task_single/clearance_hepatocyte_az/seed_303/test.csv
clearance_hepatocyte_az,Spearman,validation_top2_average,303,0.2410002823947394,0.2410002823947394,0.0,243,method/validation_top2_average/clearance_hepatocyte_az/seed_303/test.csv
clearance_hepatocyte_az,Spearman,validation_top3_average,303,0.3503549457902331,0.3503549457902331,0.0,243,method/validation_top3_average/clearance_hepatocyte_az/seed_303/test.csv
clearance_hepatocyte_az,Spearman,uniform_candidate_average,303,0.4965893160219144,0.4965893160219144,0.0,243,method/uniform_candidate_average/clearance_hepatocyte_az/seed_303/test.csv
clearance_hepatocyte_az,Spearman,validation_stacking,303,0.4165535212945036,0.4165535212945036,0.0,243,method/validation_stacking/clearance_hepatocyte_az/seed_303/test.csv
clearance_hepatocyte_az,Spearman,common_pool_taskwise_selector,303,0.3503549457902331,0.3503549457902331,0.0,243,method/common_pool_taskwise_selector/clearance_hepatocyte_az/seed_303/test.csv
clearance_hepatocyte_az,Spearman,common_pool_automl,303,0.4763518303807026,0.4763518303807026,0.0,243,method/common_pool_automl/clearance_hepatocyte_az/seed_303/test.csv
clearance_hepatocyte_az,Spearman,global_single,404,0.2136018912720922,0.2136018912720922,0.0,243,method/global_single/clearance_hepatocyte_az/seed_404/test.csv
clearance_hepatocyte_az,Spearman,per_task_single,404,0.2136018912720922,0.2136018912720922,0.0,243,method/per_task_single/clearance_hepatocyte_az/seed_404/test.csv
clearance_hepatocyte_az,Spearman,validation_top2_average,404,0.2413275129761025,0.24132751297610253,2.7755575615628914e-17,243,method/validation_top2_average/clearance_hepatocyte_az/seed_404/test.csv
clearance_hepatocyte_az,Spearman,validation_top3_average,404,0.3574632845550933,0.35746328455509335,5.551115123125783e-17,243,method/validation_top3_average/clearance_hepatocyte_az/seed_404/test.csv
clearance_hepatocyte_az,Spearman,uniform_candidate_average,404,0.5002724445681426,0.5002724445681426,0.0,243,method/uniform_candidate_average/clearance_hepatocyte_az/seed_404/test.csv
clearance_hepatocyte_az,Spearman,validation_stacking,404,0.4111426660477011,0.4111426660477011,0.0,243,method/validation_stacking/clearance_hepatocyte_az/seed_404/test.csv
clearance_hepatocyte_az,Spearman,common_pool_taskwise_selector,404,0.3574632845550933,0.35746328455509335,5.551115123125783e-17,243,method/common_pool_taskwise_selector/clearance_hepatocyte_az/seed_404/test.csv
clearance_hepatocyte_az,Spearman,common_pool_automl,404,0.4962553594325048,0.4962553594325048,0.0,243,method/common_pool_automl/clearance_hepatocyte_az/seed_404/test.csv
clearance_hepatocyte_az,Spearman,global_single,505,0.1958323752979041,0.19583237529790412,2.7755575615628914e-17,243,method/global_single/clearance_hepatocyte_az/seed_505/test.csv
clearance_hepatocyte_az,Spearman,per_task_single,505,0.1958323752979041,0.19583237529790412,2.7755575615628914e-17,243,method/per_task_single/clearance_hepatocyte_az/seed_505/test.csv
clearance_hepatocyte_az,Spearman,validation_top2_average,505,0.2372066760015558,0.23720667600155582,2.7755575615628914e-17,243,method/validation_top2_average/clearance_hepatocyte_az/seed_505/test.csv
clearance_hepatocyte_az,Spearman,validation_top3_average,505,0.348375599834671,0.34837559983467103,5.551115123125783e-17,243,method/validation_top3_average/clearance_hepatocyte_az/seed_505/test.csv
clearance_hepatocyte_az,Spearman,uniform_candidate_average,505,0.491183921618075,0.491183921618075,0.0,243,method/uniform_candidate_average/clearance_hepatocyte_az/seed_505/test.csv
clearance_hepatocyte_az,Spearman,validation_stacking,505,0.3716880756388876,0.3716880756388876,0.0,243,method/validation_stacking/clearance_hepatocyte_az/seed_505/test.csv
clearance_hepatocyte_az,Spearman,common_pool_taskwise_selector,505,0.348375599834671,0.34837559983467103,5.551115123125783e-17,243,method/common_pool_taskwise_selector/clearance_hepatocyte_az/seed_505/test.csv
clearance_hepatocyte_az,Spearman,common_pool_automl,505,0.4686038399231757,0.4686038399231757,0.0,243,method/common_pool_automl/clearance_hepatocyte_az/seed_505/test.csv
clearance_microsome_az,Spearman,global_single,101,0.6119803547480969,0.6119803547480969,0.0,221,method/global_single/clearance_microsome_az/seed_101/test.csv
clearance_microsome_az,Spearman,per_task_single,101,0.4382058069675574,0.43820580696755745,5.551115123125783e-17,221,method/per_task_single/clearance_microsome_az/seed_101/test.csv
clearance_microsome_az,Spearman,validation_top2_average,101,0.45846662328379,0.45846662328379,0.0,221,method/validation_top2_average/clearance_microsome_az/seed_101/test.csv
clearance_microsome_az,Spearman,validation_top3_average,101,0.5662328314414817,0.5662328314414817,0.0,221,method/validation_top3_average/clearance_microsome_az/seed_101/test.csv
clearance_microsome_az,Spearman,uniform_candidate_average,101,0.6285907176922245,0.6285907176922245,0.0,221,method/uniform_candidate_average/clearance_microsome_az/seed_101/test.csv
clearance_microsome_az,Spearman,validation_stacking,101,0.4583751172888586,0.45837511728885866,5.551115123125783e-17,221,method/validation_stacking/clearance_microsome_az/seed_101/test.csv
clearance_microsome_az,Spearman,common_pool_taskwise_selector,101,0.5662328314414817,0.5662328314414817,0.0,221,method/common_pool_taskwise_selector/clearance_microsome_az/seed_101/test.csv
clearance_microsome_az,Spearman,common_pool_automl,101,0.561673915024157,0.561673915024157,0.0,221,method/common_pool_automl/clearance_microsome_az/seed_101/test.csv
clearance_microsome_az,Spearman,global_single,202,0.5993569788462393,0.5993569788462393,0.0,221,method/global_single/clearance_microsome_az/seed_202/test.csv
clearance_microsome_az,Spearman,per_task_single,202,0.4382058069675574,0.43820580696755745,5.551115123125783e-17,221,method/per_task_single/clearance_microsome_az/seed_202/test.csv
clearance_microsome_az,Spearman,validation_top2_average,202,0.45846662328379,0.45846662328379,0.0,221,method/validation_top2_average/clearance_microsome_az/seed_202/test.csv
clearance_microsome_az,Spearman,validation_top3_average,202,0.5609090845658603,0.5609090845658603,0.0,221,method/validation_top3_average/clearance_microsome_az/seed_202/test.csv
clearance_microsome_az,Spearman,uniform_candidate_average,202,0.6296104728562134,0.6296104728562134,0.0,221,method/uniform_candidate_average/clearance_microsome_az/seed_202/test.csv
clearance_microsome_az,Spearman,validation_stacking,202,0.4589977644530547,0.45899776445305474,5.551115123125783e-17,221,method/validation_stacking/clearance_microsome_az/seed_202/test.csv
clearance_microsome_az,Spearman,common_pool_taskwise_selector,202,0.5609090845658603,0.5609090845658603,0.0,221,method/common_pool_taskwise_selector/clearance_microsome_az/seed_202/test.csv
clearance_microsome_az,Spearman,common_pool_automl,202,0.5595768696023204,0.5595768696023204,0.0,221,method/common_pool_automl/clearance_microsome_az/seed_202/test.csv
clearance_microsome_az,Spearman,global_single,303,0.5867921181432065,0.5867921181432065,0.0,221,method/global_single/clearance_microsome_az/seed_303/test.csv
clearance_microsome_az,Spearman,per_task_single,303,0.4382058069675574,0.43820580696755745,5.551115123125783e-17,221,method/per_task_single/clearance_microsome_az/seed_303/test.csv
clearance_microsome_az,Spearman,validation_top2_average,303,0.45846662328379,0.45846662328379,0.0,221,method/validation_top2_average/clearance_microsome_az/seed_303/test.csv
clearance_microsome_az,Spearman,validation_top3_average,303,0.5547024967293258,0.5547024967293258,0.0,221,method/validation_top3_average/clearance_microsome_az/seed_303/test.csv
clearance_microsome_az,Spearman,uniform_candidate_average,303,0.6302507313909296,0.6302507313909296,0.0,221,method/uniform_candidate_average/clearance_microsome_az/seed_303/test.csv
clearance_microsome_az,Spearman,validation_stacking,303,0.4469010253406219,0.4469010253406219,0.0,221,method/validation_stacking/clearance_microsome_az/seed_303/test.csv
clearance_microsome_az,Spearman,common_pool_taskwise_selector,303,0.5547024967293258,0.5547024967293258,0.0,221,method/common_pool_taskwise_selector/clearance_microsome_az/seed_303/test.csv
clearance_microsome_az,Spearman,common_pool_automl,303,0.5451503166026906,0.5451503166026906,0.0,221,method/common_pool_automl/clearance_microsome_az/seed_303/test.csv
clearance_microsome_az,Spearman,global_single,404,0.5940968601479808,0.5940968601479808,0.0,221,method/global_single/clearance_microsome_az/seed_404/test.csv
clearance_microsome_az,Spearman,per_task_single,404,0.4383013944035399,0.4383013944035399,0.0,221,method/per_task_single/clearance_microsome_az/seed_404/test.csv
clearance_microsome_az,Spearman,validation_top2_average,404,0.4588795368911579,0.45887953689115796,5.551115123125783e-17,221,method/validation_top2_average/clearance_microsome_az/seed_404/test.csv
clearance_microsome_az,Spearman,validation_top3_average,404,0.5611579161880481,0.5611579161880481,0.0,221,method/validation_top3_average/clearance_microsome_az/seed_404/test.csv
clearance_microsome_az,Spearman,uniform_candidate_average,404,0.6256547317938986,0.6256547317938986,0.0,221,method/uniform_candidate_average/clearance_microsome_az/seed_404/test.csv
clearance_microsome_az,Spearman,validation_stacking,404,0.4629620271462664,0.4629620271462664,0.0,221,method/validation_stacking/clearance_microsome_az/seed_404/test.csv
clearance_microsome_az,Spearman,common_pool_taskwise_selector,404,0.5611579161880481,0.5611579161880481,0.0,221,method/common_pool_taskwise_selector/clearance_microsome_az/seed_404/test.csv
clearance_microsome_az,Spearman,common_pool_automl,404,0.5688995338034674,0.5688995338034674,0.0,221,method/common_pool_automl/clearance_microsome_az/seed_404/test.csv
clearance_microsome_az,Spearman,global_single,505,0.5850622270711473,0.5850622270711473,0.0,221,method/global_single/clearance_microsome_az/seed_505/test.csv
clearance_microsome_az,Spearman,per_task_single,505,0.4383013944035399,0.4383013944035399,0.0,221,method/per_task_single/clearance_microsome_az/seed_505/test.csv
clearance_microsome_az,Spearman,validation_top2_average,505,0.4588795368911579,0.45887953689115796,5.551115123125783e-17,221,method/validation_top2_average/clearance_microsome_az/seed_505/test.csv
clearance_microsome_az,Spearman,validation_top3_average,505,0.5569397088941105,0.5569397088941105,0.0,221,method/validation_top3_average/clearance_microsome_az/seed_505/test.csv
clearance_microsome_az,Spearman,uniform_candidate_average,505,0.6262523821741305,0.6262523821741305,0.0,221,method/uniform_candidate_average/clearance_microsome_az/seed_505/test.csv
clearance_microsome_az,Spearman,validation_stacking,505,0.4392758700141262,0.43927587001412627,5.551115123125783e-17,221,method/validation_stacking/clearance_microsome_az/seed_505/test.csv
clearance_microsome_az,Spearman,common_pool_taskwise_selector,505,0.5569397088941105,0.5569397088941105,0.0,221,method/common_pool_taskwise_selector/clearance_microsome_az/seed_505/test.csv
clearance_microsome_az,Spearman,common_pool_automl,505,0.5544803662172815,0.5544803662172815,0.0,221,method/common_pool_automl/clearance_microsome_az/seed_505/test.csv
cyp2c9_substrate_carbonmangels,AUPRC,global_single,101,0.4517016156517738,0.4517016156517738,0.0,135,method/global_single/cyp2c9_substrate_carbonmangels/seed_101/test.csv
cyp2c9_substrate_carbonmangels,AUPRC,per_task_single,101,0.4517016156517738,0.4517016156517738,0.0,135,method/per_task_single/cyp2c9_substrate_carbonmangels/seed_101/test.csv
cyp2c9_substrate_carbonmangels,AUPRC,validation_top2_average,101,0.4676290373788434,0.4676290373788434,0.0,135,method/validation_top2_average/cyp2c9_substrate_carbonmangels/seed_101/test.csv
cyp2c9_substrate_carbonmangels,AUPRC,validation_top3_average,101,0.4544161681981766,0.4544161681981766,0.0,135,method/validation_top3_average/cyp2c9_substrate_carbonmangels/seed_101/test.csv
cyp2c9_substrate_carbonmangels,AUPRC,uniform_candidate_average,101,0.3915923585628456,0.39159235856284563,5.551115123125783e-17,135,method/uniform_candidate_average/cyp2c9_substrate_carbonmangels/seed_101/test.csv
cyp2c9_substrate_carbonmangels,AUPRC,validation_stacking,101,0.4226263763192079,0.4226263763192079,0.0,135,method/validation_stacking/cyp2c9_substrate_carbonmangels/seed_101/test.csv
cyp2c9_substrate_carbonmangels,AUPRC,common_pool_taskwise_selector,101,0.4676290373788434,0.4676290373788434,0.0,135,method/common_pool_taskwise_selector/cyp2c9_substrate_carbonmangels/seed_101/test.csv
cyp2c9_substrate_carbonmangels,AUPRC,common_pool_automl,101,0.4119524652387063,0.4119524652387063,0.0,135,method/common_pool_automl/cyp2c9_substrate_carbonmangels/seed_101/test.csv
cyp2c9_substrate_carbonmangels,AUPRC,global_single,202,0.4378186450202014,0.4378186450202014,0.0,135,method/global_single/cyp2c9_substrate_carbonmangels/seed_202/test.csv
cyp2c9_substrate_carbonmangels,AUPRC,per_task_single,202,0.4378186450202014,0.4378186450202014,0.0,135,method/per_task_single/cyp2c9_substrate_carbonmangels/seed_202/test.csv
cyp2c9_substrate_carbonmangels,AUPRC,validation_top2_average,202,0.4510156393215325,0.45101563932153255,5.551115123125783e-17,135,method/validation_top2_average/cyp2c9_substrate_carbonmangels/seed_202/test.csv
cyp2c9_substrate_carbonmangels,AUPRC,validation_top3_average,202,0.4411313001374055,0.44113130013740554,5.551115123125783e-17,135,method/validation_top3_average/cyp2c9_substrate_carbonmangels/seed_202/test.csv
cyp2c9_substrate_carbonmangels,AUPRC,uniform_candidate_average,202,0.3895578724412982,0.38955787244129825,5.551115123125783e-17,135,method/uniform_candidate_average/cyp2c9_substrate_carbonmangels/seed_202/test.csv
cyp2c9_substrate_carbonmangels,AUPRC,validation_stacking,202,0.3553952837078316,0.35539528370783163,5.551115123125783e-17,135,method/validation_stacking/cyp2c9_substrate_carbonmangels/seed_202/test.csv
cyp2c9_substrate_carbonmangels,AUPRC,common_pool_taskwise_selector,202,0.4510156393215325,0.45101563932153255,5.551115123125783e-17,135,method/common_pool_taskwise_selector/cyp2c9_substrate_carbonmangels/seed_202/test.csv
cyp2c9_substrate_carbonmangels,AUPRC,common_pool_automl,202,0.3427200859640693,0.34272008596406933,5.551115123125783e-17,135,method/common_pool_automl/cyp2c9_substrate_carbonmangels/seed_202/test.csv
cyp2c9_substrate_carbonmangels,AUPRC,global_single,303,0.4081241384841745,0.4081241384841745,0.0,135,method/global_single/cyp2c9_substrate_carbonmangels/seed_303/test.csv
cyp2c9_substrate_carbonmangels,AUPRC,per_task_single,303,0.4081241384841745,0.4081241384841745,0.0,135,method/per_task_single/cyp2c9_substrate_carbonmangels/seed_303/test.csv
cyp2c9_substrate_carbonmangels,AUPRC,validation_top2_average,303,0.4161643692237293,0.4161643692237293,0.0,135,method/validation_top2_average/cyp2c9_substrate_carbonmangels/seed_303/test.csv
cyp2c9_substrate_carbonmangels,AUPRC,validation_top3_average,303,0.4214933917743559,0.42149339177435596,5.551115123125783e-17,135,method/validation_top3_average/cyp2c9_substrate_carbonmangels/seed_303/test.csv
cyp2c9_substrate_carbonmangels,AUPRC,uniform_candidate_average,303,0.3867854563443205,0.3867854563443205,0.0,135,method/uniform_candidate_average/cyp2c9_substrate_carbonmangels/seed_303/test.csv
cyp2c9_substrate_carbonmangels,AUPRC,validation_stacking,303,0.3988787963145029,0.3988787963145029,0.0,135,method/validation_stacking/cyp2c9_substrate_carbonmangels/seed_303/test.csv
cyp2c9_substrate_carbonmangels,AUPRC,common_pool_taskwise_selector,303,0.4161643692237293,0.4161643692237293,0.0,135,method/common_pool_taskwise_selector/cyp2c9_substrate_carbonmangels/seed_303/test.csv
cyp2c9_substrate_carbonmangels,AUPRC,common_pool_automl,303,0.3724289901824167,0.3724289901824167,0.0,135,method/common_pool_automl/cyp2c9_substrate_carbonmangels/seed_303/test.csv
cyp2c9_substrate_carbonmangels,AUPRC,global_single,404,0.4453621852840081,0.44536218528400817,5.551115123125783e-17,135,method/global_single/cyp2c9_substrate_carbonmangels/seed_404/test.csv
cyp2c9_substrate_carbonmangels,AUPRC,per_task_single,404,0.4453621852840081,0.44536218528400817,5.551115123125783e-17,135,method/per_task_single/cyp2c9_substrate_carbonmangels/seed_404/test.csv
cyp2c9_substrate_carbonmangels,AUPRC,validation_top2_average,404,0.4234808072941075,0.4234808072941075,0.0,135,method/validation_top2_average/cyp2c9_substrate_carbonmangels/seed_404/test.csv
cyp2c9_substrate_carbonmangels,AUPRC,validation_top3_average,404,0.4225713932453587,0.42257139324535875,5.551115123125783e-17,135,method/validation_top3_average/cyp2c9_substrate_carbonmangels/seed_404/test.csv
cyp2c9_substrate_carbonmangels,AUPRC,uniform_candidate_average,404,0.3981537812728147,0.39815378127281476,5.551115123125783e-17,135,method/uniform_candidate_average/cyp2c9_substrate_carbonmangels/seed_404/test.csv
cyp2c9_substrate_carbonmangels,AUPRC,validation_stacking,404,0.3828487925836125,0.3828487925836125,0.0,135,method/validation_stacking/cyp2c9_substrate_carbonmangels/seed_404/test.csv
cyp2c9_substrate_carbonmangels,AUPRC,common_pool_taskwise_selector,404,0.4234808072941075,0.4234808072941075,0.0,135,method/common_pool_taskwise_selector/cyp2c9_substrate_carbonmangels/seed_404/test.csv
cyp2c9_substrate_carbonmangels,AUPRC,common_pool_automl,404,0.3655257901126049,0.3655257901126049,0.0,135,method/common_pool_automl/cyp2c9_substrate_carbonmangels/seed_404/test.csv
cyp2c9_substrate_carbonmangels,AUPRC,global_single,505,0.4157570643560989,0.4157570643560989,0.0,135,method/global_single/cyp2c9_substrate_carbonmangels/seed_505/test.csv
cyp2c9_substrate_carbonmangels,AUPRC,per_task_single,505,0.4157570643560989,0.4157570643560989,0.0,135,method/per_task_single/cyp2c9_substrate_carbonmangels/seed_505/test.csv
cyp2c9_substrate_carbonmangels,AUPRC,validation_top2_average,505,0.4297962540762434,0.4297962540762434,0.0,135,method/validation_top2_average/cyp2c9_substrate_carbonmangels/seed_505/test.csv
cyp2c9_substrate_carbonmangels,AUPRC,validation_top3_average,505,0.4343338114455873,0.43433381144558736,5.551115123125783e-17,135,method/validation_top3_average/cyp2c9_substrate_carbonmangels/seed_505/test.csv
cyp2c9_substrate_carbonmangels,AUPRC,uniform_candidate_average,505,0.4070087344200731,0.4070087344200731,0.0,135,method/uniform_candidate_average/cyp2c9_substrate_carbonmangels/seed_505/test.csv
cyp2c9_substrate_carbonmangels,AUPRC,validation_stacking,505,0.3408382515251239,0.3408382515251239,0.0,135,method/validation_stacking/cyp2c9_substrate_carbonmangels/seed_505/test.csv
cyp2c9_substrate_carbonmangels,AUPRC,common_pool_taskwise_selector,505,0.4297962540762434,0.4297962540762434,0.0,135,method/common_pool_taskwise_selector/cyp2c9_substrate_carbonmangels/seed_505/test.csv
cyp2c9_substrate_carbonmangels,AUPRC,common_pool_automl,505,0.3324603239354556,0.33246032393545566,5.551115123125783e-17,135,method/common_pool_automl/cyp2c9_substrate_carbonmangels/seed_505/test.csv
cyp2c9_veith,AUPRC,global_single,101,0.7501061660664152,0.7501061660664152,0.0,2419,method/global_single/cyp2c9_veith/seed_101/test.csv
cyp2c9_veith,AUPRC,per_task_single,101,0.7700697697202045,0.7700697697202045,0.0,2419,method/per_task_single/cyp2c9_veith/seed_101/test.csv
cyp2c9_veith,AUPRC,validation_top2_average,101,0.7739620686475837,0.7739620686475837,0.0,2419,method/validation_top2_average/cyp2c9_veith/seed_101/test.csv
cyp2c9_veith,AUPRC,validation_top3_average,101,0.7753329118081808,0.7753329118081808,0.0,2419,method/validation_top3_average/cyp2c9_veith/seed_101/test.csv
cyp2c9_veith,AUPRC,uniform_candidate_average,101,0.7722883479836139,0.7722883479836139,0.0,2419,method/uniform_candidate_average/cyp2c9_veith/seed_101/test.csv
cyp2c9_veith,AUPRC,validation_stacking,101,0.7825800360921689,0.7825800360921689,0.0,2419,method/validation_stacking/cyp2c9_veith/seed_101/test.csv
cyp2c9_veith,AUPRC,common_pool_taskwise_selector,101,0.7739620686475837,0.7739620686475837,0.0,2419,method/common_pool_taskwise_selector/cyp2c9_veith/seed_101/test.csv
cyp2c9_veith,AUPRC,common_pool_automl,101,0.7847909562440233,0.7847909562440233,0.0,2419,method/common_pool_automl/cyp2c9_veith/seed_101/test.csv
cyp2c9_veith,AUPRC,global_single,202,0.750863391812554,0.750863391812554,0.0,2419,method/global_single/cyp2c9_veith/seed_202/test.csv
cyp2c9_veith,AUPRC,per_task_single,202,0.7718044291481836,0.7718044291481836,0.0,2419,method/per_task_single/cyp2c9_veith/seed_202/test.csv
cyp2c9_veith,AUPRC,validation_top2_average,202,0.7754297296756144,0.7754297296756144,0.0,2419,method/validation_top2_average/cyp2c9_veith/seed_202/test.csv
cyp2c9_veith,AUPRC,validation_top3_average,202,0.7757567839487428,0.7757567839487428,0.0,2419,method/validation_top3_average/cyp2c9_veith/seed_202/test.csv
cyp2c9_veith,AUPRC,uniform_candidate_average,202,0.7598180648893018,0.7598180648893018,0.0,2419,method/uniform_candidate_average/cyp2c9_veith/seed_202/test.csv
cyp2c9_veith,AUPRC,validation_stacking,202,0.7854983302707575,0.7854983302707575,0.0,2419,method/validation_stacking/cyp2c9_veith/seed_202/test.csv
cyp2c9_veith,AUPRC,common_pool_taskwise_selector,202,0.7754297296756144,0.7754297296756144,0.0,2419,method/common_pool_taskwise_selector/cyp2c9_veith/seed_202/test.csv
cyp2c9_veith,AUPRC,common_pool_automl,202,0.785455484805988,0.785455484805988,0.0,2419,method/common_pool_automl/cyp2c9_veith/seed_202/test.csv
cyp2c9_veith,AUPRC,global_single,303,0.7514315458581263,0.7514315458581263,0.0,2419,method/global_single/cyp2c9_veith/seed_303/test.csv
cyp2c9_veith,AUPRC,per_task_single,303,0.7699182298671369,0.7699182298671369,0.0,2419,method/per_task_single/cyp2c9_veith/seed_303/test.csv
cyp2c9_veith,AUPRC,validation_top2_average,303,0.7743028512827348,0.7743028512827348,0.0,2419,method/validation_top2_average/cyp2c9_veith/seed_303/test.csv
cyp2c9_veith,AUPRC,validation_top3_average,303,0.7737496081611003,0.7737496081611003,0.0,2419,method/validation_top3_average/cyp2c9_veith/seed_303/test.csv
cyp2c9_veith,AUPRC,uniform_candidate_average,303,0.7588296303456943,0.7588296303456943,0.0,2419,method/uniform_candidate_average/cyp2c9_veith/seed_303/test.csv
cyp2c9_veith,AUPRC,validation_stacking,303,0.782836682157297,0.782836682157297,0.0,2419,method/validation_stacking/cyp2c9_veith/seed_303/test.csv
cyp2c9_veith,AUPRC,common_pool_taskwise_selector,303,0.7743028512827348,0.7743028512827348,0.0,2419,method/common_pool_taskwise_selector/cyp2c9_veith/seed_303/test.csv
cyp2c9_veith,AUPRC,common_pool_automl,303,0.7828030273296295,0.7828030273296295,0.0,2419,method/common_pool_automl/cyp2c9_veith/seed_303/test.csv
cyp2c9_veith,AUPRC,global_single,404,0.7559351659667752,0.7559351659667752,0.0,2419,method/global_single/cyp2c9_veith/seed_404/test.csv
cyp2c9_veith,AUPRC,per_task_single,404,0.7686000542390355,0.7686000542390355,0.0,2419,method/per_task_single/cyp2c9_veith/seed_404/test.csv
cyp2c9_veith,AUPRC,validation_top2_average,404,0.7761114803591506,0.7761114803591506,0.0,2419,method/validation_top2_average/cyp2c9_veith/seed_404/test.csv
cyp2c9_veith,AUPRC,validation_top3_average,404,0.7766850994793939,0.7766850994793939,0.0,2419,method/validation_top3_average/cyp2c9_veith/seed_404/test.csv
cyp2c9_veith,AUPRC,uniform_candidate_average,404,0.7631219167345731,0.7631219167345731,0.0,2419,method/uniform_candidate_average/cyp2c9_veith/seed_404/test.csv
cyp2c9_veith,AUPRC,validation_stacking,404,0.7779586993552476,0.7779586993552476,0.0,2419,method/validation_stacking/cyp2c9_veith/seed_404/test.csv
cyp2c9_veith,AUPRC,common_pool_taskwise_selector,404,0.7761114803591506,0.7761114803591506,0.0,2419,method/common_pool_taskwise_selector/cyp2c9_veith/seed_404/test.csv
cyp2c9_veith,AUPRC,common_pool_automl,404,0.7802339577939481,0.7802339577939481,0.0,2419,method/common_pool_automl/cyp2c9_veith/seed_404/test.csv
cyp2c9_veith,AUPRC,global_single,505,0.748923021010134,0.748923021010134,0.0,2419,method/global_single/cyp2c9_veith/seed_505/test.csv
cyp2c9_veith,AUPRC,per_task_single,505,0.7747174884083374,0.7747174884083374,0.0,2419,method/per_task_single/cyp2c9_veith/seed_505/test.csv
cyp2c9_veith,AUPRC,validation_top2_average,505,0.7785051726551171,0.7785051726551171,0.0,2419,method/validation_top2_average/cyp2c9_veith/seed_505/test.csv
cyp2c9_veith,AUPRC,validation_top3_average,505,0.7780660074270366,0.7780660074270366,0.0,2419,method/validation_top3_average/cyp2c9_veith/seed_505/test.csv
cyp2c9_veith,AUPRC,uniform_candidate_average,505,0.7608473218791691,0.7608473218791691,0.0,2419,method/uniform_candidate_average/cyp2c9_veith/seed_505/test.csv
cyp2c9_veith,AUPRC,validation_stacking,505,0.7816507749229886,0.7816507749229886,0.0,2419,method/validation_stacking/cyp2c9_veith/seed_505/test.csv
cyp2c9_veith,AUPRC,common_pool_taskwise_selector,505,0.7785051726551171,0.7785051726551171,0.0,2419,method/common_pool_taskwise_selector/cyp2c9_veith/seed_505/test.csv
cyp2c9_veith,AUPRC,common_pool_automl,505,0.7828116142327328,0.7828116142327328,0.0,2419,method/common_pool_automl/cyp2c9_veith/seed_505/test.csv
cyp2d6_substrate_carbonmangels,AUPRC,global_single,101,0.6858693209565192,0.6858693209565192,0.0,135,method/global_single/cyp2d6_substrate_carbonmangels/seed_101/test.csv
cyp2d6_substrate_carbonmangels,AUPRC,per_task_single,101,0.6985240233492779,0.6985240233492779,0.0,135,method/per_task_single/cyp2d6_substrate_carbonmangels/seed_101/test.csv
cyp2d6_substrate_carbonmangels,AUPRC,validation_top2_average,101,0.6858774302564834,0.6858774302564834,0.0,135,method/validation_top2_average/cyp2d6_substrate_carbonmangels/seed_101/test.csv
cyp2d6_substrate_carbonmangels,AUPRC,validation_top3_average,101,0.6834793272988418,0.6834793272988418,0.0,135,method/validation_top3_average/cyp2d6_substrate_carbonmangels/seed_101/test.csv
cyp2d6_substrate_carbonmangels,AUPRC,uniform_candidate_average,101,0.6810824936868267,0.6810824936868267,0.0,135,method/uniform_candidate_average/cyp2d6_substrate_carbonmangels/seed_101/test.csv
cyp2d6_substrate_carbonmangels,AUPRC,validation_stacking,101,0.5567485385198179,0.5567485385198179,0.0,135,method/validation_stacking/cyp2d6_substrate_carbonmangels/seed_101/test.csv
cyp2d6_substrate_carbonmangels,AUPRC,common_pool_taskwise_selector,101,0.6858774302564834,0.6858774302564834,0.0,135,method/common_pool_taskwise_selector/cyp2d6_substrate_carbonmangels/seed_101/test.csv
cyp2d6_substrate_carbonmangels,AUPRC,common_pool_automl,101,0.6448008556139898,0.6448008556139898,0.0,135,method/common_pool_automl/cyp2d6_substrate_carbonmangels/seed_101/test.csv
cyp2d6_substrate_carbonmangels,AUPRC,global_single,202,0.6954693574581686,0.6954693574581686,0.0,135,method/global_single/cyp2d6_substrate_carbonmangels/seed_202/test.csv
cyp2d6_substrate_carbonmangels,AUPRC,per_task_single,202,0.7131217725673227,0.7131217725673227,0.0,135,method/per_task_single/cyp2d6_substrate_carbonmangels/seed_202/test.csv
cyp2d6_substrate_carbonmangels,AUPRC,validation_top2_average,202,0.7084742620373095,0.7084742620373095,0.0,135,method/validation_top2_average/cyp2d6_substrate_carbonmangels/seed_202/test.csv
cyp2d6_substrate_carbonmangels,AUPRC,validation_top3_average,202,0.6906311675337583,0.6906311675337583,0.0,135,method/validation_top3_average/cyp2d6_substrate_carbonmangels/seed_202/test.csv
cyp2d6_substrate_carbonmangels,AUPRC,uniform_candidate_average,202,0.7027124737602315,0.7027124737602315,0.0,135,method/uniform_candidate_average/cyp2d6_substrate_carbonmangels/seed_202/test.csv
cyp2d6_substrate_carbonmangels,AUPRC,validation_stacking,202,0.6501910464587565,0.6501910464587565,0.0,135,method/validation_stacking/cyp2d6_substrate_carbonmangels/seed_202/test.csv
cyp2d6_substrate_carbonmangels,AUPRC,common_pool_taskwise_selector,202,0.7084742620373095,0.7084742620373095,0.0,135,method/common_pool_taskwise_selector/cyp2d6_substrate_carbonmangels/seed_202/test.csv
cyp2d6_substrate_carbonmangels,AUPRC,common_pool_automl,202,0.6826465446542742,0.6826465446542742,0.0,135,method/common_pool_automl/cyp2d6_substrate_carbonmangels/seed_202/test.csv
cyp2d6_substrate_carbonmangels,AUPRC,global_single,303,0.6792377627299502,0.6792377627299502,0.0,135,method/global_single/cyp2d6_substrate_carbonmangels/seed_303/test.csv
cyp2d6_substrate_carbonmangels,AUPRC,per_task_single,303,0.7043328060505554,0.7043328060505554,0.0,135,method/per_task_single/cyp2d6_substrate_carbonmangels/seed_303/test.csv
cyp2d6_substrate_carbonmangels,AUPRC,validation_top2_average,303,0.6862594730355811,0.6862594730355811,0.0,135,method/validation_top2_average/cyp2d6_substrate_carbonmangels/seed_303/test.csv
cyp2d6_substrate_carbonmangels,AUPRC,validation_top3_average,303,0.6621342886844211,0.6621342886844211,0.0,135,method/validation_top3_average/cyp2d6_substrate_carbonmangels/seed_303/test.csv
cyp2d6_substrate_carbonmangels,AUPRC,uniform_candidate_average,303,0.6402178662020324,0.6402178662020324,0.0,135,method/uniform_candidate_average/cyp2d6_substrate_carbonmangels/seed_303/test.csv
cyp2d6_substrate_carbonmangels,AUPRC,validation_stacking,303,0.6079070844419265,0.6079070844419265,0.0,135,method/validation_stacking/cyp2d6_substrate_carbonmangels/seed_303/test.csv
cyp2d6_substrate_carbonmangels,AUPRC,common_pool_taskwise_selector,303,0.6862594730355811,0.6862594730355811,0.0,135,method/common_pool_taskwise_selector/cyp2d6_substrate_carbonmangels/seed_303/test.csv
cyp2d6_substrate_carbonmangels,AUPRC,common_pool_automl,303,0.6527894637923468,0.6527894637923468,0.0,135,method/common_pool_automl/cyp2d6_substrate_carbonmangels/seed_303/test.csv
cyp2d6_substrate_carbonmangels,AUPRC,global_single,404,0.6834375832188034,0.6834375832188034,0.0,135,method/global_single/cyp2d6_substrate_carbonmangels/seed_404/test.csv
cyp2d6_substrate_carbonmangels,AUPRC,per_task_single,404,0.7134740188762583,0.7134740188762583,0.0,135,method/per_task_single/cyp2d6_substrate_carbonmangels/seed_404/test.csv
cyp2d6_substrate_carbonmangels,AUPRC,validation_top2_average,404,0.6885927603083939,0.6885927603083939,0.0,135,method/validation_top2_average/cyp2d6_substrate_carbonmangels/seed_404/test.csv
cyp2d6_substrate_carbonmangels,AUPRC,validation_top3_average,404,0.6806725647863661,0.6806725647863661,0.0,135,method/validation_top3_average/cyp2d6_substrate_carbonmangels/seed_404/test.csv
cyp2d6_substrate_carbonmangels,AUPRC,uniform_candidate_average,404,0.6756214468680136,0.6756214468680136,0.0,135,method/uniform_candidate_average/cyp2d6_substrate_carbonmangels/seed_404/test.csv
cyp2d6_substrate_carbonmangels,AUPRC,validation_stacking,404,0.4949595280021579,0.4949595280021579,0.0,135,method/validation_stacking/cyp2d6_substrate_carbonmangels/seed_404/test.csv
cyp2d6_substrate_carbonmangels,AUPRC,common_pool_taskwise_selector,404,0.6885927603083939,0.6885927603083939,0.0,135,method/common_pool_taskwise_selector/cyp2d6_substrate_carbonmangels/seed_404/test.csv
cyp2d6_substrate_carbonmangels,AUPRC,common_pool_automl,404,0.5623251275099752,0.5623251275099752,0.0,135,method/common_pool_automl/cyp2d6_substrate_carbonmangels/seed_404/test.csv
cyp2d6_substrate_carbonmangels,AUPRC,global_single,505,0.7036718905600814,0.7036718905600814,0.0,135,method/global_single/cyp2d6_substrate_carbonmangels/seed_505/test.csv
cyp2d6_substrate_carbonmangels,AUPRC,per_task_single,505,0.6810771352927186,0.6810771352927186,0.0,135,method/per_task_single/cyp2d6_substrate_carbonmangels/seed_505/test.csv
cyp2d6_substrate_carbonmangels,AUPRC,validation_top2_average,505,0.6942704762778668,0.6942704762778668,0.0,135,method/validation_top2_average/cyp2d6_substrate_carbonmangels/seed_505/test.csv
cyp2d6_substrate_carbonmangels,AUPRC,validation_top3_average,505,0.6836440197620771,0.6836440197620771,0.0,135,method/validation_top3_average/cyp2d6_substrate_carbonmangels/seed_505/test.csv
cyp2d6_substrate_carbonmangels,AUPRC,uniform_candidate_average,505,0.7084022845474783,0.7084022845474783,0.0,135,method/uniform_candidate_average/cyp2d6_substrate_carbonmangels/seed_505/test.csv
cyp2d6_substrate_carbonmangels,AUPRC,validation_stacking,505,0.6423409004450874,0.6423409004450874,0.0,135,method/validation_stacking/cyp2d6_substrate_carbonmangels/seed_505/test.csv
cyp2d6_substrate_carbonmangels,AUPRC,common_pool_taskwise_selector,505,0.6942704762778668,0.6942704762778668,0.0,135,method/common_pool_taskwise_selector/cyp2d6_substrate_carbonmangels/seed_505/test.csv
cyp2d6_substrate_carbonmangels,AUPRC,common_pool_automl,505,0.6739177134027108,0.6739177134027108,0.0,135,method/common_pool_automl/cyp2d6_substrate_carbonmangels/seed_505/test.csv
cyp2d6_veith,AUPRC,global_single,101,0.6852589144483274,0.6852589144483274,0.0,2626,method/global_single/cyp2d6_veith/seed_101/test.csv
cyp2d6_veith,AUPRC,per_task_single,101,0.7008360219135269,0.7008360219135269,0.0,2626,method/per_task_single/cyp2d6_veith/seed_101/test.csv
cyp2d6_veith,AUPRC,validation_top2_average,101,0.7121838580740046,0.7121838580740046,0.0,2626,method/validation_top2_average/cyp2d6_veith/seed_101/test.csv
cyp2d6_veith,AUPRC,validation_top3_average,101,0.7105101604983421,0.7105101604983421,0.0,2626,method/validation_top3_average/cyp2d6_veith/seed_101/test.csv
cyp2d6_veith,AUPRC,uniform_candidate_average,101,0.6515682806316059,0.6515682806316059,0.0,2626,method/uniform_candidate_average/cyp2d6_veith/seed_101/test.csv
cyp2d6_veith,AUPRC,validation_stacking,101,0.7058917085849974,0.7058917085849974,0.0,2626,method/validation_stacking/cyp2d6_veith/seed_101/test.csv
cyp2d6_veith,AUPRC,common_pool_taskwise_selector,101,0.7058917085849974,0.7058917085849974,0.0,2626,method/common_pool_taskwise_selector/cyp2d6_veith/seed_101/test.csv
cyp2d6_veith,AUPRC,common_pool_automl,101,0.7063062895055808,0.7063062895055808,0.0,2626,method/common_pool_automl/cyp2d6_veith/seed_101/test.csv
cyp2d6_veith,AUPRC,global_single,202,0.6900467764809026,0.6900467764809026,0.0,2626,method/global_single/cyp2d6_veith/seed_202/test.csv
cyp2d6_veith,AUPRC,per_task_single,202,0.6990102961842386,0.6990102961842386,0.0,2626,method/per_task_single/cyp2d6_veith/seed_202/test.csv
cyp2d6_veith,AUPRC,validation_top2_average,202,0.7140278668912623,0.7140278668912623,0.0,2626,method/validation_top2_average/cyp2d6_veith/seed_202/test.csv
cyp2d6_veith,AUPRC,validation_top3_average,202,0.70922832769753,0.70922832769753,0.0,2626,method/validation_top3_average/cyp2d6_veith/seed_202/test.csv
cyp2d6_veith,AUPRC,uniform_candidate_average,202,0.6466202646558527,0.6466202646558527,0.0,2626,method/uniform_candidate_average/cyp2d6_veith/seed_202/test.csv
cyp2d6_veith,AUPRC,validation_stacking,202,0.7069306713786915,0.7069306713786915,0.0,2626,method/validation_stacking/cyp2d6_veith/seed_202/test.csv
cyp2d6_veith,AUPRC,common_pool_taskwise_selector,202,0.7069306713786915,0.7069306713786915,0.0,2626,method/common_pool_taskwise_selector/cyp2d6_veith/seed_202/test.csv
cyp2d6_veith,AUPRC,common_pool_automl,202,0.7062738393925997,0.7062738393925997,0.0,2626,method/common_pool_automl/cyp2d6_veith/seed_202/test.csv
cyp2d6_veith,AUPRC,global_single,303,0.6934256502172325,0.6934256502172325,0.0,2626,method/global_single/cyp2d6_veith/seed_303/test.csv
cyp2d6_veith,AUPRC,per_task_single,303,0.6943931217542746,0.6943931217542746,0.0,2626,method/per_task_single/cyp2d6_veith/seed_303/test.csv
cyp2d6_veith,AUPRC,validation_top2_average,303,0.7147834898351718,0.7147834898351718,0.0,2626,method/validation_top2_average/cyp2d6_veith/seed_303/test.csv
cyp2d6_veith,AUPRC,validation_top3_average,303,0.710191284680551,0.710191284680551,0.0,2626,method/validation_top3_average/cyp2d6_veith/seed_303/test.csv
cyp2d6_veith,AUPRC,uniform_candidate_average,303,0.6611266012178557,0.6611266012178557,0.0,2626,method/uniform_candidate_average/cyp2d6_veith/seed_303/test.csv
cyp2d6_veith,AUPRC,validation_stacking,303,0.7095256827026216,0.7095256827026216,0.0,2626,method/validation_stacking/cyp2d6_veith/seed_303/test.csv
cyp2d6_veith,AUPRC,common_pool_taskwise_selector,303,0.7095256827026216,0.7095256827026216,0.0,2626,method/common_pool_taskwise_selector/cyp2d6_veith/seed_303/test.csv
cyp2d6_veith,AUPRC,common_pool_automl,303,0.7090608788704239,0.7090608788704239,0.0,2626,method/common_pool_automl/cyp2d6_veith/seed_303/test.csv
cyp2d6_veith,AUPRC,global_single,404,0.6878855644510772,0.6878855644510772,0.0,2626,method/global_single/cyp2d6_veith/seed_404/test.csv
cyp2d6_veith,AUPRC,per_task_single,404,0.6946795432605876,0.6946795432605876,0.0,2626,method/per_task_single/cyp2d6_veith/seed_404/test.csv
cyp2d6_veith,AUPRC,validation_top2_average,404,0.7128709476256152,0.7128709476256152,0.0,2626,method/validation_top2_average/cyp2d6_veith/seed_404/test.csv
cyp2d6_veith,AUPRC,validation_top3_average,404,0.7086825456272788,0.7086825456272788,0.0,2626,method/validation_top3_average/cyp2d6_veith/seed_404/test.csv
cyp2d6_veith,AUPRC,uniform_candidate_average,404,0.653369802940434,0.653369802940434,0.0,2626,method/uniform_candidate_average/cyp2d6_veith/seed_404/test.csv
cyp2d6_veith,AUPRC,validation_stacking,404,0.7040236481551794,0.7040236481551794,0.0,2626,method/validation_stacking/cyp2d6_veith/seed_404/test.csv
cyp2d6_veith,AUPRC,common_pool_taskwise_selector,404,0.7040236481551794,0.7040236481551794,0.0,2626,method/common_pool_taskwise_selector/cyp2d6_veith/seed_404/test.csv
cyp2d6_veith,AUPRC,common_pool_automl,404,0.7052525999271266,0.7052525999271266,0.0,2626,method/common_pool_automl/cyp2d6_veith/seed_404/test.csv
cyp2d6_veith,AUPRC,global_single,505,0.6850836624295957,0.6850836624295957,0.0,2626,method/global_single/cyp2d6_veith/seed_505/test.csv
cyp2d6_veith,AUPRC,per_task_single,505,0.6917717792121304,0.6917717792121304,0.0,2626,method/per_task_single/cyp2d6_veith/seed_505/test.csv
cyp2d6_veith,AUPRC,validation_top2_average,505,0.7097951559031398,0.7097951559031398,0.0,2626,method/validation_top2_average/cyp2d6_veith/seed_505/test.csv
cyp2d6_veith,AUPRC,validation_top3_average,505,0.7081526986043536,0.7081526986043536,0.0,2626,method/validation_top3_average/cyp2d6_veith/seed_505/test.csv
cyp2d6_veith,AUPRC,uniform_candidate_average,505,0.6634889323260192,0.6634889323260192,0.0,2626,method/uniform_candidate_average/cyp2d6_veith/seed_505/test.csv
cyp2d6_veith,AUPRC,validation_stacking,505,0.7056649970773198,0.7056649970773198,0.0,2626,method/validation_stacking/cyp2d6_veith/seed_505/test.csv
cyp2d6_veith,AUPRC,common_pool_taskwise_selector,505,0.7056649970773198,0.7056649970773198,0.0,2626,method/common_pool_taskwise_selector/cyp2d6_veith/seed_505/test.csv
cyp2d6_veith,AUPRC,common_pool_automl,505,0.7059342293485071,0.7059342293485071,0.0,2626,method/common_pool_automl/cyp2d6_veith/seed_505/test.csv
cyp3a4_substrate_carbonmangels,AUROC,global_single,101,0.6760849909584086,0.6760849909584086,0.0,135,method/global_single/cyp3a4_substrate_carbonmangels/seed_101/test.csv
cyp3a4_substrate_carbonmangels,AUROC,per_task_single,101,0.6734855334538878,0.6734855334538878,0.0,135,method/per_task_single/cyp3a4_substrate_carbonmangels/seed_101/test.csv
cyp3a4_substrate_carbonmangels,AUROC,validation_top2_average,101,0.6849005424954792,0.6849005424954792,0.0,135,method/validation_top2_average/cyp3a4_substrate_carbonmangels/seed_101/test.csv
cyp3a4_substrate_carbonmangels,AUROC,validation_top3_average,101,0.6819620253164558,0.6819620253164558,0.0,135,method/validation_top3_average/cyp3a4_substrate_carbonmangels/seed_101/test.csv
cyp3a4_substrate_carbonmangels,AUROC,uniform_candidate_average,101,0.6677215189873418,0.6677215189873418,0.0,135,method/uniform_candidate_average/cyp3a4_substrate_carbonmangels/seed_101/test.csv
cyp3a4_substrate_carbonmangels,AUROC,validation_stacking,101,0.6751808318264014,0.6751808318264014,0.0,135,method/validation_stacking/cyp3a4_substrate_carbonmangels/seed_101/test.csv
cyp3a4_substrate_carbonmangels,AUROC,common_pool_taskwise_selector,101,0.6734855334538878,0.6734855334538878,0.0,135,method/common_pool_taskwise_selector/cyp3a4_substrate_carbonmangels/seed_101/test.csv
cyp3a4_substrate_carbonmangels,AUROC,common_pool_automl,101,0.6880650994575045,0.6880650994575045,0.0,135,method/common_pool_automl/cyp3a4_substrate_carbonmangels/seed_101/test.csv
cyp3a4_substrate_carbonmangels,AUROC,global_single,202,0.668625678119349,0.668625678119349,0.0,135,method/global_single/cyp3a4_substrate_carbonmangels/seed_202/test.csv
cyp3a4_substrate_carbonmangels,AUROC,per_task_single,202,0.6691907775768535,0.6691907775768535,0.0,135,method/per_task_single/cyp3a4_substrate_carbonmangels/seed_202/test.csv
cyp3a4_substrate_carbonmangels,AUROC,validation_top2_average,202,0.6853526220614828,0.6853526220614828,0.0,135,method/validation_top2_average/cyp3a4_substrate_carbonmangels/seed_202/test.csv
cyp3a4_substrate_carbonmangels,AUROC,validation_top3_average,202,0.6794755877034357,0.6794755877034357,0.0,135,method/validation_top3_average/cyp3a4_substrate_carbonmangels/seed_202/test.csv
cyp3a4_substrate_carbonmangels,AUROC,uniform_candidate_average,202,0.6683996383363473,0.6683996383363473,0.0,135,method/uniform_candidate_average/cyp3a4_substrate_carbonmangels/seed_202/test.csv
cyp3a4_substrate_carbonmangels,AUROC,validation_stacking,202,0.6541591320072333,0.6541591320072333,0.0,135,method/validation_stacking/cyp3a4_substrate_carbonmangels/seed_202/test.csv
cyp3a4_substrate_carbonmangels,AUROC,common_pool_taskwise_selector,202,0.6691907775768535,0.6691907775768535,0.0,135,method/common_pool_taskwise_selector/cyp3a4_substrate_carbonmangels/seed_202/test.csv
cyp3a4_substrate_carbonmangels,AUROC,common_pool_automl,202,0.6679475587703436,0.6679475587703436,0.0,135,method/common_pool_automl/cyp3a4_substrate_carbonmangels/seed_202/test.csv
cyp3a4_substrate_carbonmangels,AUROC,global_single,303,0.6693037974683543,0.6693037974683543,0.0,135,method/global_single/cyp3a4_substrate_carbonmangels/seed_303/test.csv
cyp3a4_substrate_carbonmangels,AUROC,per_task_single,303,0.6633137432188065,0.6633137432188065,0.0,135,method/per_task_single/cyp3a4_substrate_carbonmangels/seed_303/test.csv
cyp3a4_substrate_carbonmangels,AUROC,validation_top2_average,303,0.6912296564195299,0.6912296564195299,0.0,135,method/validation_top2_average/cyp3a4_substrate_carbonmangels/seed_303/test.csv
cyp3a4_substrate_carbonmangels,AUROC,validation_top3_average,303,0.6882911392405063,0.6882911392405063,0.0,135,method/validation_top3_average/cyp3a4_substrate_carbonmangels/seed_303/test.csv
cyp3a4_substrate_carbonmangels,AUROC,uniform_candidate_average,303,0.6702079566003616,0.6702079566003616,0.0,135,method/uniform_candidate_average/cyp3a4_substrate_carbonmangels/seed_303/test.csv
cyp3a4_substrate_carbonmangels,AUROC,validation_stacking,303,0.695750452079566,0.695750452079566,0.0,135,method/validation_stacking/cyp3a4_substrate_carbonmangels/seed_303/test.csv
cyp3a4_substrate_carbonmangels,AUROC,common_pool_taskwise_selector,303,0.6633137432188065,0.6633137432188065,0.0,135,method/common_pool_taskwise_selector/cyp3a4_substrate_carbonmangels/seed_303/test.csv
cyp3a4_substrate_carbonmangels,AUROC,common_pool_automl,303,0.7027576853526221,0.7027576853526221,0.0,135,method/common_pool_automl/cyp3a4_substrate_carbonmangels/seed_303/test.csv
cyp3a4_substrate_carbonmangels,AUROC,global_single,404,0.6677215189873418,0.6677215189873418,0.0,135,method/global_single/cyp3a4_substrate_carbonmangels/seed_404/test.csv
cyp3a4_substrate_carbonmangels,AUROC,per_task_single,404,0.66625226039783,0.66625226039783,0.0,135,method/per_task_single/cyp3a4_substrate_carbonmangels/seed_404/test.csv
cyp3a4_substrate_carbonmangels,AUROC,validation_top2_average,404,0.6781193490054249,0.6781193490054249,0.0,135,method/validation_top2_average/cyp3a4_substrate_carbonmangels/seed_404/test.csv
cyp3a4_substrate_carbonmangels,AUROC,validation_top3_average,404,0.6794755877034359,0.6794755877034359,0.0,135,method/validation_top3_average/cyp3a4_substrate_carbonmangels/seed_404/test.csv
cyp3a4_substrate_carbonmangels,AUROC,uniform_candidate_average,404,0.6672694394213382,0.6672694394213382,0.0,135,method/uniform_candidate_average/cyp3a4_substrate_carbonmangels/seed_404/test.csv
cyp3a4_substrate_carbonmangels,AUROC,validation_stacking,404,0.6105334538878843,0.6105334538878843,0.0,135,method/validation_stacking/cyp3a4_substrate_carbonmangels/seed_404/test.csv
cyp3a4_substrate_carbonmangels,AUROC,common_pool_taskwise_selector,404,0.66625226039783,0.66625226039783,0.0,135,method/common_pool_taskwise_selector/cyp3a4_substrate_carbonmangels/seed_404/test.csv
cyp3a4_substrate_carbonmangels,AUROC,common_pool_automl,404,0.6394665461121156,0.6394665461121156,0.0,135,method/common_pool_automl/cyp3a4_substrate_carbonmangels/seed_404/test.csv
cyp3a4_substrate_carbonmangels,AUROC,global_single,505,0.6598101265822784,0.6598101265822784,0.0,135,method/global_single/cyp3a4_substrate_carbonmangels/seed_505/test.csv
cyp3a4_substrate_carbonmangels,AUROC,per_task_single,505,0.6804927667269439,0.6804927667269439,0.0,135,method/per_task_single/cyp3a4_substrate_carbonmangels/seed_505/test.csv
cyp3a4_substrate_carbonmangels,AUROC,validation_top2_average,505,0.6914556962025317,0.6914556962025317,0.0,135,method/validation_top2_average/cyp3a4_substrate_carbonmangels/seed_505/test.csv
cyp3a4_substrate_carbonmangels,AUROC,validation_top3_average,505,0.6833182640144665,0.6833182640144665,0.0,135,method/validation_top3_average/cyp3a4_substrate_carbonmangels/seed_505/test.csv
cyp3a4_substrate_carbonmangels,AUROC,uniform_candidate_average,505,0.6749547920433997,0.6749547920433997,0.0,135,method/uniform_candidate_average/cyp3a4_substrate_carbonmangels/seed_505/test.csv
cyp3a4_substrate_carbonmangels,AUROC,validation_stacking,505,0.6781193490054249,0.6781193490054249,0.0,135,method/validation_stacking/cyp3a4_substrate_carbonmangels/seed_505/test.csv
cyp3a4_substrate_carbonmangels,AUROC,common_pool_taskwise_selector,505,0.6804927667269439,0.6804927667269439,0.0,135,method/common_pool_taskwise_selector/cyp3a4_substrate_carbonmangels/seed_505/test.csv
cyp3a4_substrate_carbonmangels,AUROC,common_pool_automl,505,0.6849005424954793,0.6849005424954793,0.0,135,method/common_pool_automl/cyp3a4_substrate_carbonmangels/seed_505/test.csv
cyp3a4_veith,AUPRC,global_single,101,0.8598534982538227,0.8598534982538227,0.0,2467,method/global_single/cyp3a4_veith/seed_101/test.csv
cyp3a4_veith,AUPRC,per_task_single,101,0.8623033394316458,0.8623033394316458,0.0,2467,method/per_task_single/cyp3a4_veith/seed_101/test.csv
cyp3a4_veith,AUPRC,validation_top2_average,101,0.869092395256717,0.869092395256717,0.0,2467,method/validation_top2_average/cyp3a4_veith/seed_101/test.csv
cyp3a4_veith,AUPRC,validation_top3_average,101,0.8695855942905798,0.8695855942905798,0.0,2467,method/validation_top3_average/cyp3a4_veith/seed_101/test.csv
cyp3a4_veith,AUPRC,uniform_candidate_average,101,0.850871541877233,0.850871541877233,0.0,2467,method/uniform_candidate_average/cyp3a4_veith/seed_101/test.csv
cyp3a4_veith,AUPRC,validation_stacking,101,0.8726149020008769,0.8726149020008769,0.0,2467,method/validation_stacking/cyp3a4_veith/seed_101/test.csv
cyp3a4_veith,AUPRC,common_pool_taskwise_selector,101,0.8695855942905798,0.8695855942905798,0.0,2467,method/common_pool_taskwise_selector/cyp3a4_veith/seed_101/test.csv
cyp3a4_veith,AUPRC,common_pool_automl,101,0.8731858905109234,0.8731858905109234,0.0,2467,method/common_pool_automl/cyp3a4_veith/seed_101/test.csv
cyp3a4_veith,AUPRC,global_single,202,0.8595266231023063,0.8595266231023063,0.0,2467,method/global_single/cyp3a4_veith/seed_202/test.csv
cyp3a4_veith,AUPRC,per_task_single,202,0.8610641857097738,0.8610641857097738,0.0,2467,method/per_task_single/cyp3a4_veith/seed_202/test.csv
cyp3a4_veith,AUPRC,validation_top2_average,202,0.8675698801123374,0.8675698801123374,0.0,2467,method/validation_top2_average/cyp3a4_veith/seed_202/test.csv
cyp3a4_veith,AUPRC,validation_top3_average,202,0.867010689581917,0.867010689581917,0.0,2467,method/validation_top3_average/cyp3a4_veith/seed_202/test.csv
cyp3a4_veith,AUPRC,uniform_candidate_average,202,0.8573558670813115,0.8573558670813115,0.0,2467,method/uniform_candidate_average/cyp3a4_veith/seed_202/test.csv
cyp3a4_veith,AUPRC,validation_stacking,202,0.874089216543136,0.874089216543136,0.0,2467,method/validation_stacking/cyp3a4_veith/seed_202/test.csv
cyp3a4_veith,AUPRC,common_pool_taskwise_selector,202,0.867010689581917,0.867010689581917,0.0,2467,method/common_pool_taskwise_selector/cyp3a4_veith/seed_202/test.csv
cyp3a4_veith,AUPRC,common_pool_automl,202,0.8746827324619314,0.8746827324619314,0.0,2467,method/common_pool_automl/cyp3a4_veith/seed_202/test.csv
cyp3a4_veith,AUPRC,global_single,303,0.8598546336785096,0.8598546336785096,0.0,2467,method/global_single/cyp3a4_veith/seed_303/test.csv
cyp3a4_veith,AUPRC,per_task_single,303,0.8611453895611555,0.8611453895611555,0.0,2467,method/per_task_single/cyp3a4_veith/seed_303/test.csv
cyp3a4_veith,AUPRC,validation_top2_average,303,0.8675775272999418,0.8675775272999418,0.0,2467,method/validation_top2_average/cyp3a4_veith/seed_303/test.csv
cyp3a4_veith,AUPRC,validation_top3_average,303,0.8691339938590051,0.8691339938590051,0.0,2467,method/validation_top3_average/cyp3a4_veith/seed_303/test.csv
cyp3a4_veith,AUPRC,uniform_candidate_average,303,0.856488469411124,0.856488469411124,0.0,2467,method/uniform_candidate_average/cyp3a4_veith/seed_303/test.csv
cyp3a4_veith,AUPRC,validation_stacking,303,0.8738452654401496,0.8738452654401496,0.0,2467,method/validation_stacking/cyp3a4_veith/seed_303/test.csv
cyp3a4_veith,AUPRC,common_pool_taskwise_selector,303,0.8691339938590051,0.8691339938590051,0.0,2467,method/common_pool_taskwise_selector/cyp3a4_veith/seed_303/test.csv
cyp3a4_veith,AUPRC,common_pool_automl,303,0.8742600592676306,0.8742600592676306,0.0,2467,method/common_pool_automl/cyp3a4_veith/seed_303/test.csv
cyp3a4_veith,AUPRC,global_single,404,0.8616071742834146,0.8616071742834146,0.0,2467,method/global_single/cyp3a4_veith/seed_404/test.csv
cyp3a4_veith,AUPRC,per_task_single,404,0.8624185599815495,0.8624185599815495,0.0,2467,method/per_task_single/cyp3a4_veith/seed_404/test.csv
cyp3a4_veith,AUPRC,validation_top2_average,404,0.870076618434965,0.870076618434965,0.0,2467,method/validation_top2_average/cyp3a4_veith/seed_404/test.csv
cyp3a4_veith,AUPRC,validation_top3_average,404,0.8704713076132087,0.8704713076132087,0.0,2467,method/validation_top3_average/cyp3a4_veith/seed_404/test.csv
cyp3a4_veith,AUPRC,uniform_candidate_average,404,0.8567639658575785,0.8567639658575785,0.0,2467,method/uniform_candidate_average/cyp3a4_veith/seed_404/test.csv
cyp3a4_veith,AUPRC,validation_stacking,404,0.87390102773425,0.87390102773425,0.0,2467,method/validation_stacking/cyp3a4_veith/seed_404/test.csv
cyp3a4_veith,AUPRC,common_pool_taskwise_selector,404,0.8704713076132087,0.8704713076132087,0.0,2467,method/common_pool_taskwise_selector/cyp3a4_veith/seed_404/test.csv
cyp3a4_veith,AUPRC,common_pool_automl,404,0.8744096895232938,0.8744096895232938,0.0,2467,method/common_pool_automl/cyp3a4_veith/seed_404/test.csv
cyp3a4_veith,AUPRC,global_single,505,0.8586498491103747,0.8586498491103747,0.0,2467,method/global_single/cyp3a4_veith/seed_505/test.csv
cyp3a4_veith,AUPRC,per_task_single,505,0.8595294883935413,0.8595294883935413,0.0,2467,method/per_task_single/cyp3a4_veith/seed_505/test.csv
cyp3a4_veith,AUPRC,validation_top2_average,505,0.8666174967495512,0.8666174967495512,0.0,2467,method/validation_top2_average/cyp3a4_veith/seed_505/test.csv
cyp3a4_veith,AUPRC,validation_top3_average,505,0.8666787263072352,0.8666787263072352,0.0,2467,method/validation_top3_average/cyp3a4_veith/seed_505/test.csv
cyp3a4_veith,AUPRC,uniform_candidate_average,505,0.8591239465915087,0.8591239465915087,0.0,2467,method/uniform_candidate_average/cyp3a4_veith/seed_505/test.csv
cyp3a4_veith,AUPRC,validation_stacking,505,0.8707135276875169,0.8707135276875169,0.0,2467,method/validation_stacking/cyp3a4_veith/seed_505/test.csv
cyp3a4_veith,AUPRC,common_pool_taskwise_selector,505,0.8666787263072352,0.8666787263072352,0.0,2467,method/common_pool_taskwise_selector/cyp3a4_veith/seed_505/test.csv
cyp3a4_veith,AUPRC,common_pool_automl,505,0.8718167856044543,0.8718167856044543,0.0,2467,method/common_pool_automl/cyp3a4_veith/seed_505/test.csv
dili,AUROC,global_single,101,0.9160869565217392,0.9160869565217392,0.0,96,method/global_single/dili/seed_101/test.csv
dili,AUROC,per_task_single,101,0.8578260869565217,0.8578260869565217,0.0,96,method/per_task_single/dili/seed_101/test.csv
dili,AUROC,validation_top2_average,101,0.907391304347826,0.9073913043478261,1.1102230246251565e-16,96,method/validation_top2_average/dili/seed_101/test.csv
dili,AUROC,validation_top3_average,101,0.907391304347826,0.9073913043478261,1.1102230246251565e-16,96,method/validation_top3_average/dili/seed_101/test.csv
dili,AUROC,uniform_candidate_average,101,0.9069565217391304,0.9069565217391304,0.0,96,method/uniform_candidate_average/dili/seed_101/test.csv
dili,AUROC,validation_stacking,101,0.92,0.92,0.0,96,method/validation_stacking/dili/seed_101/test.csv
dili,AUROC,common_pool_taskwise_selector,101,0.9069565217391304,0.9069565217391304,0.0,96,method/common_pool_taskwise_selector/dili/seed_101/test.csv
dili,AUROC,common_pool_automl,101,0.9243478260869564,0.9243478260869565,1.1102230246251565e-16,96,method/common_pool_automl/dili/seed_101/test.csv
dili,AUROC,global_single,202,0.8995652173913044,0.8995652173913044,0.0,96,method/global_single/dili/seed_202/test.csv
dili,AUROC,per_task_single,202,0.8721739130434782,0.8721739130434782,0.0,96,method/per_task_single/dili/seed_202/test.csv
dili,AUROC,validation_top2_average,202,0.9069565217391304,0.9069565217391304,0.0,96,method/validation_top2_average/dili/seed_202/test.csv
dili,AUROC,validation_top3_average,202,0.9030434782608696,0.9030434782608696,0.0,96,method/validation_top3_average/dili/seed_202/test.csv
dili,AUROC,uniform_candidate_average,202,0.9056521739130436,0.9056521739130435,1.1102230246251565e-16,96,method/uniform_candidate_average/dili/seed_202/test.csv
dili,AUROC,validation_stacking,202,0.8847826086956522,0.8847826086956522,0.0,96,method/validation_stacking/dili/seed_202/test.csv
dili,AUROC,common_pool_taskwise_selector,202,0.9056521739130436,0.9056521739130435,1.1102230246251565e-16,96,method/common_pool_taskwise_selector/dili/seed_202/test.csv
dili,AUROC,common_pool_automl,202,0.9021739130434784,0.9021739130434783,1.1102230246251565e-16,96,method/common_pool_automl/dili/seed_202/test.csv
dili,AUROC,global_single,303,0.908695652173913,0.908695652173913,0.0,96,method/global_single/dili/seed_303/test.csv
dili,AUROC,per_task_single,303,0.8739130434782608,0.8739130434782608,0.0,96,method/per_task_single/dili/seed_303/test.csv
dili,AUROC,validation_top2_average,303,0.9108695652173914,0.9108695652173914,0.0,96,method/validation_top2_average/dili/seed_303/test.csv
dili,AUROC,validation_top3_average,303,0.908695652173913,0.908695652173913,0.0,96,method/validation_top3_average/dili/seed_303/test.csv
dili,AUROC,uniform_candidate_average,303,0.8943478260869565,0.8943478260869565,0.0,96,method/uniform_candidate_average/dili/seed_303/test.csv
dili,AUROC,validation_stacking,303,0.8917391304347826,0.8917391304347826,0.0,96,method/validation_stacking/dili/seed_303/test.csv
dili,AUROC,common_pool_taskwise_selector,303,0.8943478260869565,0.8943478260869565,0.0,96,method/common_pool_taskwise_selector/dili/seed_303/test.csv
dili,AUROC,common_pool_automl,303,0.8991304347826087,0.8991304347826087,0.0,96,method/common_pool_automl/dili/seed_303/test.csv
dili,AUROC,global_single,404,0.8891304347826087,0.8891304347826087,0.0,96,method/global_single/dili/seed_404/test.csv
dili,AUROC,per_task_single,404,0.8621739130434782,0.8621739130434782,0.0,96,method/per_task_single/dili/seed_404/test.csv
dili,AUROC,validation_top2_average,404,0.8978260869565218,0.8978260869565218,0.0,96,method/validation_top2_average/dili/seed_404/test.csv
dili,AUROC,validation_top3_average,404,0.9013043478260868,0.9013043478260869,1.1102230246251565e-16,96,method/validation_top3_average/dili/seed_404/test.csv
dili,AUROC,uniform_candidate_average,404,0.8926086956521739,0.8926086956521739,0.0,96,method/uniform_candidate_average/dili/seed_404/test.csv
dili,AUROC,validation_stacking,404,0.8721739130434782,0.8721739130434782,0.0,96,method/validation_stacking/dili/seed_404/test.csv
dili,AUROC,common_pool_taskwise_selector,404,0.8926086956521739,0.8926086956521739,0.0,96,method/common_pool_taskwise_selector/dili/seed_404/test.csv
dili,AUROC,common_pool_automl,404,0.8965217391304348,0.8965217391304348,0.0,96,method/common_pool_automl/dili/seed_404/test.csv
dili,AUROC,global_single,505,0.9030434782608696,0.9030434782608695,1.1102230246251565e-16,96,method/global_single/dili/seed_505/test.csv
dili,AUROC,per_task_single,505,0.8669565217391304,0.8669565217391304,0.0,96,method/per_task_single/dili/seed_505/test.csv
dili,AUROC,validation_top2_average,505,0.9013043478260868,0.9013043478260869,1.1102230246251565e-16,96,method/validation_top2_average/dili/seed_505/test.csv
dili,AUROC,validation_top3_average,505,0.9060869565217392,0.9060869565217391,1.1102230246251565e-16,96,method/validation_top3_average/dili/seed_505/test.csv
dili,AUROC,uniform_candidate_average,505,0.8791304347826088,0.8791304347826088,0.0,96,method/uniform_candidate_average/dili/seed_505/test.csv
dili,AUROC,validation_stacking,505,0.8530434782608696,0.8530434782608696,0.0,96,method/validation_stacking/dili/seed_505/test.csv
dili,AUROC,common_pool_taskwise_selector,505,0.8791304347826088,0.8791304347826088,0.0,96,method/common_pool_taskwise_selector/dili/seed_505/test.csv
dili,AUROC,common_pool_automl,505,0.8852173913043478,0.8852173913043478,0.0,96,method/common_pool_automl/dili/seed_505/test.csv
half_life_obach,Spearman,global_single,101,0.3534190197949221,0.35341901979492213,5.551115123125783e-17,135,method/global_single/half_life_obach/seed_101/test.csv
half_life_obach,Spearman,per_task_single,101,0.4196225087944947,0.4196225087944947,0.0,135,method/per_task_single/half_life_obach/seed_101/test.csv
half_life_obach,Spearman,validation_top2_average,101,0.4048052006239754,0.40480520062397546,5.551115123125783e-17,135,method/validation_top2_average/half_life_obach/seed_101/test.csv
half_life_obach,Spearman,validation_top3_average,101,0.4072108397947725,0.40721083979477257,5.551115123125783e-17,135,method/validation_top3_average/half_life_obach/seed_101/test.csv
half_life_obach,Spearman,uniform_candidate_average,101,0.2609769915497734,0.26097699154977344,5.551115123125783e-17,135,method/uniform_candidate_average/half_life_obach/seed_101/test.csv
half_life_obach,Spearman,validation_stacking,101,-0.0236735173224245,-0.023673517322424516,1.734723475976807e-17,135,method/validation_stacking/half_life_obach/seed_101/test.csv
half_life_obach,Spearman,common_pool_taskwise_selector,101,0.4196225087944947,0.4196225087944947,0.0,135,method/common_pool_taskwise_selector/half_life_obach/seed_101/test.csv
half_life_obach,Spearman,common_pool_automl,101,0.0916076621460125,0.0916076621460125,0.0,135,method/common_pool_automl/half_life_obach/seed_101/test.csv
half_life_obach,Spearman,global_single,202,0.4231420768093193,0.4231420768093193,0.0,135,method/global_single/half_life_obach/seed_202/test.csv
half_life_obach,Spearman,per_task_single,202,0.40568570239345,0.40568570239345,0.0,135,method/per_task_single/half_life_obach/seed_202/test.csv
half_life_obach,Spearman,validation_top2_average,202,0.429025096942207,0.429025096942207,0.0,135,method/validation_top2_average/half_life_obach/seed_202/test.csv
half_life_obach,Spearman,validation_top3_average,202,0.4234501019349645,0.4234501019349645,0.0,135,method/validation_top3_average/half_life_obach/seed_202/test.csv
half_life_obach,Spearman,uniform_candidate_average,202,0.2585306142703183,0.2585306142703183,0.0,135,method/uniform_candidate_average/half_life_obach/seed_202/test.csv
half_life_obach,Spearman,validation_stacking,202,0.0960136008033423,0.09601360080334238,8.326672684688674e-17,135,method/validation_stacking/half_life_obach/seed_202/test.csv
half_life_obach,Spearman,common_pool_taskwise_selector,202,0.40568570239345,0.40568570239345,0.0,135,method/common_pool_taskwise_selector/half_life_obach/seed_202/test.csv
half_life_obach,Spearman,common_pool_automl,202,0.0926916009482896,0.09269160094828961,1.3877787807814457e-17,135,method/common_pool_automl/half_life_obach/seed_202/test.csv
half_life_obach,Spearman,global_single,303,0.3604898636445246,0.3604898636445246,0.0,135,method/global_single/half_life_obach/seed_303/test.csv
half_life_obach,Spearman,per_task_single,303,0.3467823291723735,0.34678232917237356,5.551115123125783e-17,135,method/per_task_single/half_life_obach/seed_303/test.csv
half_life_obach,Spearman,validation_top2_average,303,0.358702030411769,0.358702030411769,0.0,135,method/validation_top2_average/half_life_obach/seed_303/test.csv
half_life_obach,Spearman,validation_top3_average,303,0.399730242470656,0.399730242470656,0.0,135,method/validation_top3_average/half_life_obach/seed_303/test.csv
half_life_obach,Spearman,uniform_candidate_average,303,0.2584915893087318,0.2584915893087318,0.0,135,method/uniform_candidate_average/half_life_obach/seed_303/test.csv
half_life_obach,Spearman,validation_stacking,303,0.0609325993971573,0.06093259939715736,6.245004513516506e-17,135,method/validation_stacking/half_life_obach/seed_303/test.csv
half_life_obach,Spearman,common_pool_taskwise_selector,303,0.3467823291723735,0.34678232917237356,5.551115123125783e-17,135,method/common_pool_taskwise_selector/half_life_obach/seed_303/test.csv
half_life_obach,Spearman,common_pool_automl,303,0.117843476086228,0.117843476086228,0.0,135,method/common_pool_automl/half_life_obach/seed_303/test.csv
half_life_obach,Spearman,global_single,404,0.3844439020877624,0.3844439020877624,0.0,135,method/global_single/half_life_obach/seed_404/test.csv
half_life_obach,Spearman,per_task_single,404,0.4293251017002273,0.42932510170022736,5.551115123125783e-17,135,method/per_task_single/half_life_obach/seed_404/test.csv
half_life_obach,Spearman,validation_top2_average,404,0.4097613767889953,0.4097613767889953,0.0,135,method/validation_top2_average/half_life_obach/seed_404/test.csv
half_life_obach,Spearman,validation_top3_average,404,0.4244232869145284,0.4244232869145284,0.0,135,method/validation_top3_average/half_life_obach/seed_404/test.csv
half_life_obach,Spearman,uniform_candidate_average,404,0.2457548174709303,0.2457548174709303,0.0,135,method/uniform_candidate_average/half_life_obach/seed_404/test.csv
half_life_obach,Spearman,validation_stacking,404,0.0702400527355431,0.0702400527355431,0.0,135,method/validation_stacking/half_life_obach/seed_404/test.csv
half_life_obach,Spearman,common_pool_taskwise_selector,404,0.4293251017002273,0.42932510170022736,5.551115123125783e-17,135,method/common_pool_taskwise_selector/half_life_obach/seed_404/test.csv
half_life_obach,Spearman,common_pool_automl,404,0.0889149063549192,0.08891490635491923,4.163336342344337e-17,135,method/common_pool_automl/half_life_obach/seed_404/test.csv
half_life_obach,Spearman,global_single,505,0.4039905535574811,0.40399055355748115,5.551115123125783e-17,135,method/global_single/half_life_obach/seed_505/test.csv
half_life_obach,Spearman,per_task_single,505,0.4079564701147263,0.4079564701147263,0.0,135,method/per_task_single/half_life_obach/seed_505/test.csv
half_life_obach,Spearman,validation_top2_average,505,0.4227859736006122,0.4227859736006122,0.0,135,method/validation_top2_average/half_life_obach/seed_505/test.csv
half_life_obach,Spearman,validation_top3_average,505,0.4310892381655264,0.4310892381655264,0.0,135,method/validation_top3_average/half_life_obach/seed_505/test.csv
half_life_obach,Spearman,uniform_candidate_average,505,0.255557400009445,0.25555740000944505,5.551115123125783e-17,135,method/uniform_candidate_average/half_life_obach/seed_505/test.csv
half_life_obach,Spearman,validation_stacking,505,0.1143870405302972,0.11438704053029723,2.7755575615628914e-17,135,method/validation_stacking/half_life_obach/seed_505/test.csv
half_life_obach,Spearman,common_pool_taskwise_selector,505,0.4079564701147263,0.4079564701147263,0.0,135,method/common_pool_taskwise_selector/half_life_obach/seed_505/test.csv
half_life_obach,Spearman,common_pool_automl,505,0.1000648796280433,0.10006487962804331,1.3877787807814457e-17,135,method/common_pool_automl/half_life_obach/seed_505/test.csv
herg,AUROC,global_single,101,0.804860088365243,0.804860088365243,0.0,132,method/global_single/herg/seed_101/test.csv
herg,AUROC,per_task_single,101,0.804860088365243,0.804860088365243,0.0,132,method/per_task_single/herg/seed_101/test.csv
herg,AUROC,validation_top2_average,101,0.8083946980854197,0.8083946980854197,0.0,132,method/validation_top2_average/herg/seed_101/test.csv
herg,AUROC,validation_top3_average,101,0.8013254786450662,0.8013254786450662,0.0,132,method/validation_top3_average/herg/seed_101/test.csv
herg,AUROC,uniform_candidate_average,101,0.8275405007363771,0.8275405007363771,0.0,132,method/uniform_candidate_average/herg/seed_101/test.csv
herg,AUROC,validation_stacking,101,0.7353460972017674,0.7353460972017674,0.0,132,method/validation_stacking/herg/seed_101/test.csv
herg,AUROC,common_pool_taskwise_selector,101,0.804860088365243,0.804860088365243,0.0,132,method/common_pool_taskwise_selector/herg/seed_101/test.csv
herg,AUROC,common_pool_automl,101,0.804860088365243,0.804860088365243,0.0,132,method/common_pool_automl/herg/seed_101/test.csv
herg,AUROC,global_single,202,0.8269513991163475,0.8269513991163475,0.0,132,method/global_single/herg/seed_202/test.csv
herg,AUROC,per_task_single,202,0.8269513991163475,0.8269513991163475,0.0,132,method/per_task_single/herg/seed_202/test.csv
herg,AUROC,validation_top2_average,202,0.8310751104565538,0.8310751104565538,0.0,132,method/validation_top2_average/herg/seed_202/test.csv
herg,AUROC,validation_top3_average,202,0.8189985272459499,0.8189985272459499,0.0,132,method/validation_top3_average/herg/seed_202/test.csv
herg,AUROC,uniform_candidate_average,202,0.8101620029455081,0.8101620029455081,0.0,132,method/uniform_candidate_average/herg/seed_202/test.csv
herg,AUROC,validation_stacking,202,0.8192930780559645,0.8192930780559645,0.0,132,method/validation_stacking/herg/seed_202/test.csv
herg,AUROC,common_pool_taskwise_selector,202,0.8269513991163475,0.8269513991163475,0.0,132,method/common_pool_taskwise_selector/herg/seed_202/test.csv
herg,AUROC,common_pool_automl,202,0.8050073637702504,0.8050073637702504,0.0,132,method/common_pool_automl/herg/seed_202/test.csv
herg,AUROC,global_single,303,0.8175257731958763,0.8175257731958763,0.0,132,method/global_single/herg/seed_303/test.csv
herg,AUROC,per_task_single,303,0.8175257731958763,0.8175257731958763,0.0,132,method/per_task_single/herg/seed_303/test.csv
herg,AUROC,validation_top2_average,303,0.8310751104565538,0.8310751104565538,0.0,132,method/validation_top2_average/herg/seed_303/test.csv
herg,AUROC,validation_top3_average,303,0.8030927835051547,0.8030927835051547,0.0,132,method/validation_top3_average/herg/seed_303/test.csv
herg,AUROC,uniform_candidate_average,303,0.7851251840942562,0.7851251840942562,0.0,132,method/uniform_candidate_average/herg/seed_303/test.csv
herg,AUROC,validation_stacking,303,0.7539027982326951,0.7539027982326951,0.0,132,method/validation_stacking/herg/seed_303/test.csv
herg,AUROC,common_pool_taskwise_selector,303,0.8175257731958763,0.8175257731958763,0.0,132,method/common_pool_taskwise_selector/herg/seed_303/test.csv
herg,AUROC,common_pool_automl,303,0.7671575846833578,0.7671575846833578,0.0,132,method/common_pool_automl/herg/seed_303/test.csv
herg,AUROC,global_single,404,0.8234167893961708,0.8234167893961708,0.0,132,method/global_single/herg/seed_404/test.csv
herg,AUROC,per_task_single,404,0.8234167893961708,0.8234167893961708,0.0,132,method/per_task_single/herg/seed_404/test.csv
herg,AUROC,validation_top2_average,404,0.8207658321060384,0.8207658321060384,0.0,132,method/validation_top2_average/herg/seed_404/test.csv
herg,AUROC,validation_top3_average,404,0.8057437407952872,0.8057437407952872,0.0,132,method/validation_top3_average/herg/seed_404/test.csv
herg,AUROC,uniform_candidate_average,404,0.8207658321060383,0.8207658321060383,0.0,132,method/uniform_candidate_average/herg/seed_404/test.csv
herg,AUROC,validation_stacking,404,0.7415316642120765,0.7415316642120765,0.0,132,method/validation_stacking/herg/seed_404/test.csv
herg,AUROC,common_pool_taskwise_selector,404,0.8234167893961708,0.8234167893961708,0.0,132,method/common_pool_taskwise_selector/herg/seed_404/test.csv
herg,AUROC,common_pool_automl,404,0.8023564064801179,0.8023564064801179,0.0,132,method/common_pool_automl/herg/seed_404/test.csv
herg,AUROC,global_single,505,0.809720176730486,0.809720176730486,0.0,132,method/global_single/herg/seed_505/test.csv
herg,AUROC,per_task_single,505,0.809720176730486,0.809720176730486,0.0,132,method/per_task_single/herg/seed_505/test.csv
herg,AUROC,validation_top2_average,505,0.8176730486008837,0.8176730486008837,0.0,132,method/validation_top2_average/herg/seed_505/test.csv
herg,AUROC,validation_top3_average,505,0.8005891016200294,0.8005891016200294,0.0,132,method/validation_top3_average/herg/seed_505/test.csv
herg,AUROC,uniform_candidate_average,505,0.7823269513991163,0.7823269513991163,0.0,132,method/uniform_candidate_average/herg/seed_505/test.csv
herg,AUROC,validation_stacking,505,0.7652430044182621,0.7652430044182621,0.0,132,method/validation_stacking/herg/seed_505/test.csv
herg,AUROC,common_pool_taskwise_selector,505,0.809720176730486,0.809720176730486,0.0,132,method/common_pool_taskwise_selector/herg/seed_505/test.csv
herg,AUROC,common_pool_automl,505,0.7916053019145802,0.7916053019145802,0.0,132,method/common_pool_automl/herg/seed_505/test.csv
hia_hou,AUROC,global_single,101,0.9646090534979423,0.9646090534979423,0.0,117,method/global_single/hia_hou/seed_101/test.csv
hia_hou,AUROC,per_task_single,101,0.9456790123456792,0.9456790123456791,1.1102230246251565e-16,117,method/per_task_single/hia_hou/seed_101/test.csv
hia_hou,AUROC,validation_top2_average,101,0.9650205761316872,0.9650205761316873,1.1102230246251565e-16,117,method/validation_top2_average/hia_hou/seed_101/test.csv
hia_hou,AUROC,validation_top3_average,101,0.9781893004115229,0.9781893004115227,1.1102230246251565e-16,117,method/validation_top3_average/hia_hou/seed_101/test.csv
hia_hou,AUROC,uniform_candidate_average,101,0.9732510288065844,0.9732510288065843,1.1102230246251565e-16,117,method/uniform_candidate_average/hia_hou/seed_101/test.csv
hia_hou,AUROC,validation_stacking,101,0.9753086419753086,0.9753086419753086,0.0,117,method/validation_stacking/hia_hou/seed_101/test.csv
hia_hou,AUROC,common_pool_taskwise_selector,101,0.9650205761316872,0.9650205761316873,1.1102230246251565e-16,117,method/common_pool_taskwise_selector/hia_hou/seed_101/test.csv
hia_hou,AUROC,common_pool_automl,101,0.9790123456790124,0.9790123456790123,1.1102230246251565e-16,117,method/common_pool_automl/hia_hou/seed_101/test.csv
hia_hou,AUROC,global_single,202,0.97201646090535,0.9720164609053499,1.1102230246251565e-16,117,method/global_single/hia_hou/seed_202/test.csv
hia_hou,AUROC,per_task_single,202,0.9530864197530864,0.9530864197530864,0.0,117,method/per_task_single/hia_hou/seed_202/test.csv
hia_hou,AUROC,validation_top2_average,202,0.971604938271605,0.971604938271605,0.0,117,method/validation_top2_average/hia_hou/seed_202/test.csv
hia_hou,AUROC,validation_top3_average,202,0.9732510288065844,0.9732510288065843,1.1102230246251565e-16,117,method/validation_top3_average/hia_hou/seed_202/test.csv
hia_hou,AUROC,uniform_candidate_average,202,0.980246913580247,0.980246913580247,0.0,117,method/uniform_candidate_average/hia_hou/seed_202/test.csv
hia_hou,AUROC,validation_stacking,202,0.971604938271605,0.971604938271605,0.0,117,method/validation_stacking/hia_hou/seed_202/test.csv
hia_hou,AUROC,common_pool_taskwise_selector,202,0.971604938271605,0.971604938271605,0.0,117,method/common_pool_taskwise_selector/hia_hou/seed_202/test.csv
hia_hou,AUROC,common_pool_automl,202,0.9761316872427984,0.9761316872427983,1.1102230246251565e-16,117,method/common_pool_automl/hia_hou/seed_202/test.csv
hia_hou,AUROC,global_single,303,0.9732510288065844,0.9732510288065844,0.0,117,method/global_single/hia_hou/seed_303/test.csv
hia_hou,AUROC,per_task_single,303,0.9559670781893004,0.9559670781893005,1.1102230246251565e-16,117,method/per_task_single/hia_hou/seed_303/test.csv
hia_hou,AUROC,validation_top2_average,303,0.9728395061728394,0.9728395061728394,0.0,117,method/validation_top2_average/hia_hou/seed_303/test.csv
hia_hou,AUROC,validation_top3_average,303,0.980246913580247,0.980246913580247,0.0,117,method/validation_top3_average/hia_hou/seed_303/test.csv
hia_hou,AUROC,uniform_candidate_average,303,0.9823045267489712,0.9823045267489712,0.0,117,method/uniform_candidate_average/hia_hou/seed_303/test.csv
hia_hou,AUROC,validation_stacking,303,0.982716049382716,0.9827160493827161,1.1102230246251565e-16,117,method/validation_stacking/hia_hou/seed_303/test.csv
hia_hou,AUROC,common_pool_taskwise_selector,303,0.9728395061728394,0.9728395061728394,0.0,117,method/common_pool_taskwise_selector/hia_hou/seed_303/test.csv
hia_hou,AUROC,common_pool_automl,303,0.9810699588477368,0.9810699588477367,1.1102230246251565e-16,117,method/common_pool_automl/hia_hou/seed_303/test.csv
hia_hou,AUROC,global_single,404,0.9761316872427984,0.9761316872427983,1.1102230246251565e-16,117,method/global_single/hia_hou/seed_404/test.csv
hia_hou,AUROC,per_task_single,404,0.9522633744855968,0.9522633744855967,1.1102230246251565e-16,117,method/per_task_single/hia_hou/seed_404/test.csv
hia_hou,AUROC,validation_top2_average,404,0.974074074074074,0.9740740740740741,1.1102230246251565e-16,117,method/validation_top2_average/hia_hou/seed_404/test.csv
hia_hou,AUROC,validation_top3_average,404,0.9814814814814816,0.9814814814814815,1.1102230246251565e-16,117,method/validation_top3_average/hia_hou/seed_404/test.csv
hia_hou,AUROC,uniform_candidate_average,404,0.9810699588477364,0.9810699588477365,1.1102230246251565e-16,117,method/uniform_candidate_average/hia_hou/seed_404/test.csv
hia_hou,AUROC,validation_stacking,404,0.9835390946502056,0.9835390946502057,1.1102230246251565e-16,117,method/validation_stacking/hia_hou/seed_404/test.csv
hia_hou,AUROC,common_pool_taskwise_selector,404,0.974074074074074,0.9740740740740741,1.1102230246251565e-16,117,method/common_pool_taskwise_selector/hia_hou/seed_404/test.csv
hia_hou,AUROC,common_pool_automl,404,0.9823045267489712,0.9823045267489712,0.0,117,method/common_pool_automl/hia_hou/seed_404/test.csv
hia_hou,AUROC,global_single,505,0.9641975308641976,0.9641975308641975,1.1102230246251565e-16,117,method/global_single/hia_hou/seed_505/test.csv
hia_hou,AUROC,per_task_single,505,0.9473251028806584,0.9473251028806584,0.0,117,method/per_task_single/hia_hou/seed_505/test.csv
hia_hou,AUROC,validation_top2_average,505,0.962551440329218,0.9625514403292181,1.1102230246251565e-16,117,method/validation_top2_average/hia_hou/seed_505/test.csv
hia_hou,AUROC,validation_top3_average,505,0.9728395061728397,0.9728395061728395,1.1102230246251565e-16,117,method/validation_top3_average/hia_hou/seed_505/test.csv
hia_hou,AUROC,uniform_candidate_average,505,0.9860082304526748,0.9860082304526749,1.1102230246251565e-16,117,method/uniform_candidate_average/hia_hou/seed_505/test.csv
hia_hou,AUROC,validation_stacking,505,0.9555555555555556,0.9555555555555556,0.0,117,method/validation_stacking/hia_hou/seed_505/test.csv
hia_hou,AUROC,common_pool_taskwise_selector,505,0.962551440329218,0.9625514403292181,1.1102230246251565e-16,117,method/common_pool_taskwise_selector/hia_hou/seed_505/test.csv
hia_hou,AUROC,common_pool_automl,505,0.979835390946502,0.9798353909465021,1.1102230246251565e-16,117,method/common_pool_automl/hia_hou/seed_505/test.csv
ld50_zhu,MAE,global_single,101,0.6218126131258458,0.6218126131258458,0.0,1478,method/global_single/ld50_zhu/seed_101/test.csv
ld50_zhu,MAE,per_task_single,101,0.6218126131258458,0.6218126131258458,0.0,1478,method/per_task_single/ld50_zhu/seed_101/test.csv
ld50_zhu,MAE,validation_top2_average,101,0.6263459411366712,0.6263459411366712,0.0,1478,method/validation_top2_average/ld50_zhu/seed_101/test.csv
ld50_zhu,MAE,validation_top3_average,101,0.6315974201623816,0.6315974201623816,0.0,1478,method/validation_top3_average/ld50_zhu/seed_101/test.csv
ld50_zhu,MAE,uniform_candidate_average,101,0.6188672397478199,0.6188672397478199,0.0,1478,method/uniform_candidate_average/ld50_zhu/seed_101/test.csv
ld50_zhu,MAE,validation_stacking,101,0.6312956713734813,0.6312956713734813,0.0,1478,method/validation_stacking/ld50_zhu/seed_101/test.csv
ld50_zhu,MAE,common_pool_taskwise_selector,101,0.6312956713734813,0.6312956713734813,0.0,1478,method/common_pool_taskwise_selector/ld50_zhu/seed_101/test.csv
ld50_zhu,MAE,common_pool_automl,101,0.6288004629042714,0.6288004629042714,0.0,1478,method/common_pool_automl/ld50_zhu/seed_101/test.csv
ld50_zhu,MAE,global_single,202,0.6186068446549391,0.6186068446549391,0.0,1478,method/global_single/ld50_zhu/seed_202/test.csv
ld50_zhu,MAE,per_task_single,202,0.6186068446549391,0.6186068446549391,0.0,1478,method/per_task_single/ld50_zhu/seed_202/test.csv
ld50_zhu,MAE,validation_top2_average,202,0.6178556966508796,0.6178556966508796,0.0,1478,method/validation_top2_average/ld50_zhu/seed_202/test.csv
ld50_zhu,MAE,validation_top3_average,202,0.6286944744023455,0.6286944744023455,0.0,1478,method/validation_top3_average/ld50_zhu/seed_202/test.csv
ld50_zhu,MAE,uniform_candidate_average,202,0.6170213877180499,0.6170213877180498,1.1102230246251565e-16,1478,method/uniform_candidate_average/ld50_zhu/seed_202/test.csv
ld50_zhu,MAE,validation_stacking,202,0.6212558443779379,0.621255844377938,1.1102230246251565e-16,1478,method/validation_stacking/ld50_zhu/seed_202/test.csv
ld50_zhu,MAE,common_pool_taskwise_selector,202,0.6212558443779379,0.621255844377938,1.1102230246251565e-16,1478,method/common_pool_taskwise_selector/ld50_zhu/seed_202/test.csv
ld50_zhu,MAE,common_pool_automl,202,0.6207516436092736,0.6207516436092735,1.1102230246251565e-16,1478,method/common_pool_automl/ld50_zhu/seed_202/test.csv
ld50_zhu,MAE,global_single,303,0.6149193642760487,0.6149193642760487,0.0,1478,method/global_single/ld50_zhu/seed_303/test.csv
ld50_zhu,MAE,per_task_single,303,0.6149193642760487,0.6149193642760487,0.0,1478,method/per_task_single/ld50_zhu/seed_303/test.csv
ld50_zhu,MAE,validation_top2_average,303,0.6186377389715833,0.6186377389715833,0.0,1478,method/validation_top2_average/ld50_zhu/seed_303/test.csv
ld50_zhu,MAE,validation_top3_average,303,0.6265009922643211,0.6265009922643211,0.0,1478,method/validation_top3_average/ld50_zhu/seed_303/test.csv
ld50_zhu,MAE,uniform_candidate_average,303,0.6166211715400316,0.6166211715400315,1.1102230246251565e-16,1478,method/uniform_candidate_average/ld50_zhu/seed_303/test.csv
ld50_zhu,MAE,validation_stacking,303,0.6233289487009666,0.6233289487009666,0.0,1478,method/validation_stacking/ld50_zhu/seed_303/test.csv
ld50_zhu,MAE,common_pool_taskwise_selector,303,0.6233289487009666,0.6233289487009666,0.0,1478,method/common_pool_taskwise_selector/ld50_zhu/seed_303/test.csv
ld50_zhu,MAE,common_pool_automl,303,0.6230360460159778,0.6230360460159778,0.0,1478,method/common_pool_automl/ld50_zhu/seed_303/test.csv
ld50_zhu,MAE,global_single,404,0.6220335903247632,0.6220335903247632,0.0,1478,method/global_single/ld50_zhu/seed_404/test.csv
ld50_zhu,MAE,per_task_single,404,0.6220335903247632,0.6220335903247632,0.0,1478,method/per_task_single/ld50_zhu/seed_404/test.csv
ld50_zhu,MAE,validation_top2_average,404,0.6223596482746956,0.6223596482746955,1.1102230246251565e-16,1478,method/validation_top2_average/ld50_zhu/seed_404/test.csv
ld50_zhu,MAE,validation_top3_average,404,0.6284997179972938,0.6284997179972936,1.1102230246251565e-16,1478,method/validation_top3_average/ld50_zhu/seed_404/test.csv
ld50_zhu,MAE,uniform_candidate_average,404,0.6176234132104571,0.6176234132104571,0.0,1478,method/uniform_candidate_average/ld50_zhu/seed_404/test.csv
ld50_zhu,MAE,validation_stacking,404,0.6269526807495331,0.6269526807495331,0.0,1478,method/validation_stacking/ld50_zhu/seed_404/test.csv
ld50_zhu,MAE,common_pool_taskwise_selector,404,0.6269526807495331,0.6269526807495331,0.0,1478,method/common_pool_taskwise_selector/ld50_zhu/seed_404/test.csv
ld50_zhu,MAE,common_pool_automl,404,0.6301564146302937,0.6301564146302937,0.0,1478,method/common_pool_automl/ld50_zhu/seed_404/test.csv
ld50_zhu,MAE,global_single,505,0.6190200667794317,0.6190200667794317,0.0,1478,method/global_single/ld50_zhu/seed_505/test.csv
ld50_zhu,MAE,per_task_single,505,0.6190200667794317,0.6190200667794317,0.0,1478,method/per_task_single/ld50_zhu/seed_505/test.csv
ld50_zhu,MAE,validation_top2_average,505,0.6215570406292287,0.6215570406292288,1.1102230246251565e-16,1478,method/validation_top2_average/ld50_zhu/seed_505/test.csv
ld50_zhu,MAE,validation_top3_average,505,0.6296585321154713,0.6296585321154713,0.0,1478,method/validation_top3_average/ld50_zhu/seed_505/test.csv
ld50_zhu,MAE,uniform_candidate_average,505,0.617974084944031,0.617974084944031,0.0,1478,method/uniform_candidate_average/ld50_zhu/seed_505/test.csv
ld50_zhu,MAE,validation_stacking,505,0.6289539615255566,0.6289539615255566,0.0,1478,method/validation_stacking/ld50_zhu/seed_505/test.csv
ld50_zhu,MAE,common_pool_taskwise_selector,505,0.6289539615255566,0.6289539615255566,0.0,1478,method/common_pool_taskwise_selector/ld50_zhu/seed_505/test.csv
ld50_zhu,MAE,common_pool_automl,505,0.6255531906570265,0.6255531906570265,0.0,1478,method/common_pool_automl/ld50_zhu/seed_505/test.csv
lipophilicity_astrazeneca,MAE,global_single,101,0.601103601077381,0.601103601077381,0.0,840,method/global_single/lipophilicity_astrazeneca/seed_101/test.csv
lipophilicity_astrazeneca,MAE,per_task_single,101,0.5572363429341667,0.5572363429341667,0.0,840,method/per_task_single/lipophilicity_astrazeneca/seed_101/test.csv
lipophilicity_astrazeneca,MAE,validation_top2_average,101,0.5563194900861309,0.5563194900861309,0.0,840,method/validation_top2_average/lipophilicity_astrazeneca/seed_101/test.csv
lipophilicity_astrazeneca,MAE,validation_top3_average,101,0.5098823930127778,0.5098823930127778,0.0,840,method/validation_top3_average/lipophilicity_astrazeneca/seed_101/test.csv
lipophilicity_astrazeneca,MAE,uniform_candidate_average,101,0.5320502405580291,0.5320502405580291,0.0,840,method/uniform_candidate_average/lipophilicity_astrazeneca/seed_101/test.csv
lipophilicity_astrazeneca,MAE,validation_stacking,101,0.5197027914422685,0.5197027914422685,0.0,840,method/validation_stacking/lipophilicity_astrazeneca/seed_101/test.csv
lipophilicity_astrazeneca,MAE,common_pool_taskwise_selector,101,0.5197027914422685,0.5197027914422685,0.0,840,method/common_pool_taskwise_selector/lipophilicity_astrazeneca/seed_101/test.csv
lipophilicity_astrazeneca,MAE,common_pool_automl,101,0.5225988838480877,0.5225988838480877,0.0,840,method/common_pool_automl/lipophilicity_astrazeneca/seed_101/test.csv
lipophilicity_astrazeneca,MAE,global_single,202,0.601413699032381,0.601413699032381,0.0,840,method/global_single/lipophilicity_astrazeneca/seed_202/test.csv
lipophilicity_astrazeneca,MAE,per_task_single,202,0.5572363429341667,0.5572363429341667,0.0,840,method/per_task_single/lipophilicity_astrazeneca/seed_202/test.csv
lipophilicity_astrazeneca,MAE,validation_top2_average,202,0.5563194900861309,0.5563194900861309,0.0,840,method/validation_top2_average/lipophilicity_astrazeneca/seed_202/test.csv
lipophilicity_astrazeneca,MAE,validation_top3_average,202,0.5138226213351984,0.5138226213351984,0.0,840,method/validation_top3_average/lipophilicity_astrazeneca/seed_202/test.csv
lipophilicity_astrazeneca,MAE,uniform_candidate_average,202,0.5324352908333863,0.5324352908333863,0.0,840,method/uniform_candidate_average/lipophilicity_astrazeneca/seed_202/test.csv
lipophilicity_astrazeneca,MAE,validation_stacking,202,0.5142977922572655,0.5142977922572655,0.0,840,method/validation_stacking/lipophilicity_astrazeneca/seed_202/test.csv
lipophilicity_astrazeneca,MAE,common_pool_taskwise_selector,202,0.5142977922572655,0.5142977922572655,0.0,840,method/common_pool_taskwise_selector/lipophilicity_astrazeneca/seed_202/test.csv
lipophilicity_astrazeneca,MAE,common_pool_automl,202,0.5169669812345083,0.5169669812345083,0.0,840,method/common_pool_automl/lipophilicity_astrazeneca/seed_202/test.csv
lipophilicity_astrazeneca,MAE,global_single,303,0.6005388515619048,0.6005388515619048,0.0,840,method/global_single/lipophilicity_astrazeneca/seed_303/test.csv
lipophilicity_astrazeneca,MAE,per_task_single,303,0.5572363429341667,0.5572363429341667,0.0,840,method/per_task_single/lipophilicity_astrazeneca/seed_303/test.csv
lipophilicity_astrazeneca,MAE,validation_top2_average,303,0.5563194900861309,0.5563194900861309,0.0,840,method/validation_top2_average/lipophilicity_astrazeneca/seed_303/test.csv
lipophilicity_astrazeneca,MAE,validation_top3_average,303,0.5108706642871825,0.5108706642871825,0.0,840,method/validation_top3_average/lipophilicity_astrazeneca/seed_303/test.csv
lipophilicity_astrazeneca,MAE,uniform_candidate_average,303,0.5311064743169577,0.5311064743169577,0.0,840,method/uniform_candidate_average/lipophilicity_astrazeneca/seed_303/test.csv
lipophilicity_astrazeneca,MAE,validation_stacking,303,0.5095553358663752,0.5095553358663752,0.0,840,method/validation_stacking/lipophilicity_astrazeneca/seed_303/test.csv
lipophilicity_astrazeneca,MAE,common_pool_taskwise_selector,303,0.5095553358663752,0.5095553358663752,0.0,840,method/common_pool_taskwise_selector/lipophilicity_astrazeneca/seed_303/test.csv
lipophilicity_astrazeneca,MAE,common_pool_automl,303,0.512175601762156,0.512175601762156,0.0,840,method/common_pool_automl/lipophilicity_astrazeneca/seed_303/test.csv
lipophilicity_astrazeneca,MAE,global_single,404,0.604914122947619,0.604914122947619,0.0,840,method/global_single/lipophilicity_astrazeneca/seed_404/test.csv
lipophilicity_astrazeneca,MAE,per_task_single,404,0.5572363429341667,0.5572363429341667,0.0,840,method/per_task_single/lipophilicity_astrazeneca/seed_404/test.csv
lipophilicity_astrazeneca,MAE,validation_top2_average,404,0.5563194900861309,0.5563194900861309,0.0,840,method/validation_top2_average/lipophilicity_astrazeneca/seed_404/test.csv
lipophilicity_astrazeneca,MAE,validation_top3_average,404,0.5099083362447222,0.5099083362447223,1.1102230246251565e-16,840,method/validation_top3_average/lipophilicity_astrazeneca/seed_404/test.csv
lipophilicity_astrazeneca,MAE,uniform_candidate_average,404,0.5322288819346825,0.5322288819346825,0.0,840,method/uniform_candidate_average/lipophilicity_astrazeneca/seed_404/test.csv
lipophilicity_astrazeneca,MAE,validation_stacking,404,0.5122228953030201,0.5122228953030201,0.0,840,method/validation_stacking/lipophilicity_astrazeneca/seed_404/test.csv
lipophilicity_astrazeneca,MAE,common_pool_taskwise_selector,404,0.5122228953030201,0.5122228953030201,0.0,840,method/common_pool_taskwise_selector/lipophilicity_astrazeneca/seed_404/test.csv
lipophilicity_astrazeneca,MAE,common_pool_automl,404,0.5150636634256534,0.5150636634256534,0.0,840,method/common_pool_automl/lipophilicity_astrazeneca/seed_404/test.csv
lipophilicity_astrazeneca,MAE,global_single,505,0.5938500736333333,0.5938500736333333,0.0,840,method/global_single/lipophilicity_astrazeneca/seed_505/test.csv
lipophilicity_astrazeneca,MAE,per_task_single,505,0.5572363429341667,0.5572363429341667,0.0,840,method/per_task_single/lipophilicity_astrazeneca/seed_505/test.csv
lipophilicity_astrazeneca,MAE,validation_top2_average,505,0.5563194900861309,0.5563194900861309,0.0,840,method/validation_top2_average/lipophilicity_astrazeneca/seed_505/test.csv
lipophilicity_astrazeneca,MAE,validation_top3_average,505,0.510669458624881,0.510669458624881,0.0,840,method/validation_top3_average/lipophilicity_astrazeneca/seed_505/test.csv
lipophilicity_astrazeneca,MAE,uniform_candidate_average,505,0.5313092276069444,0.5313092276069444,0.0,840,method/uniform_candidate_average/lipophilicity_astrazeneca/seed_505/test.csv
lipophilicity_astrazeneca,MAE,validation_stacking,505,0.5172869006218135,0.5172869006218135,0.0,840,method/validation_stacking/lipophilicity_astrazeneca/seed_505/test.csv
lipophilicity_astrazeneca,MAE,common_pool_taskwise_selector,505,0.5172869006218135,0.5172869006218135,0.0,840,method/common_pool_taskwise_selector/lipophilicity_astrazeneca/seed_505/test.csv
lipophilicity_astrazeneca,MAE,common_pool_automl,505,0.5204778445138017,0.5204778445138017,0.0,840,method/common_pool_automl/lipophilicity_astrazeneca/seed_505/test.csv
pgp_broccatelli,AUROC,global_single,101,0.9273527059450812,0.9273527059450812,0.0,245,method/global_single/pgp_broccatelli/seed_101/test.csv
pgp_broccatelli,AUROC,per_task_single,101,0.9273527059450812,0.9273527059450812,0.0,245,method/per_task_single/pgp_broccatelli/seed_101/test.csv
pgp_broccatelli,AUROC,validation_top2_average,101,0.9326179685417222,0.9326179685417222,0.0,245,method/validation_top2_average/pgp_broccatelli/seed_101/test.csv
pgp_broccatelli,AUROC,validation_top3_average,101,0.935483870967742,0.935483870967742,0.0,245,method/validation_top3_average/pgp_broccatelli/seed_101/test.csv
pgp_broccatelli,AUROC,uniform_candidate_average,101,0.9416155691815516,0.9416155691815515,1.1102230246251565e-16,245,method/uniform_candidate_average/pgp_broccatelli/seed_101/test.csv
pgp_broccatelli,AUROC,validation_stacking,101,0.929685417222074,0.9296854172220741,1.1102230246251565e-16,245,method/validation_stacking/pgp_broccatelli/seed_101/test.csv
pgp_broccatelli,AUROC,common_pool_taskwise_selector,101,0.9273527059450812,0.9273527059450812,0.0,245,method/common_pool_taskwise_selector/pgp_broccatelli/seed_101/test.csv
pgp_broccatelli,AUROC,common_pool_automl,101,0.9099240202612636,0.9099240202612636,0.0,245,method/common_pool_automl/pgp_broccatelli/seed_101/test.csv
pgp_broccatelli,AUROC,global_single,202,0.9286856838176486,0.9286856838176486,0.0,245,method/global_single/pgp_broccatelli/seed_202/test.csv
pgp_broccatelli,AUROC,per_task_single,202,0.9286856838176486,0.9286856838176486,0.0,245,method/per_task_single/pgp_broccatelli/seed_202/test.csv
pgp_broccatelli,AUROC,validation_top2_average,202,0.932418021860837,0.932418021860837,0.0,245,method/validation_top2_average/pgp_broccatelli/seed_202/test.csv
pgp_broccatelli,AUROC,validation_top3_average,202,0.9354172220741136,0.9354172220741136,0.0,245,method/validation_top3_average/pgp_broccatelli/seed_202/test.csv
pgp_broccatelli,AUROC,uniform_candidate_average,202,0.9343508397760596,0.9343508397760597,1.1102230246251565e-16,245,method/uniform_candidate_average/pgp_broccatelli/seed_202/test.csv
pgp_broccatelli,AUROC,validation_stacking,202,0.9308184484137564,0.9308184484137563,1.1102230246251565e-16,245,method/validation_stacking/pgp_broccatelli/seed_202/test.csv
pgp_broccatelli,AUROC,common_pool_taskwise_selector,202,0.9286856838176486,0.9286856838176486,0.0,245,method/common_pool_taskwise_selector/pgp_broccatelli/seed_202/test.csv
pgp_broccatelli,AUROC,common_pool_automl,202,0.927119434817382,0.927119434817382,0.0,245,method/common_pool_automl/pgp_broccatelli/seed_202/test.csv
pgp_broccatelli,AUROC,global_single,303,0.9313516395627832,0.9313516395627832,0.0,245,method/global_single/pgp_broccatelli/seed_303/test.csv
pgp_broccatelli,AUROC,per_task_single,303,0.9313516395627832,0.9313516395627832,0.0,245,method/per_task_single/pgp_broccatelli/seed_303/test.csv
pgp_broccatelli,AUROC,validation_top2_average,303,0.9323513729672088,0.9323513729672087,1.1102230246251565e-16,245,method/validation_top2_average/pgp_broccatelli/seed_303/test.csv
pgp_broccatelli,AUROC,validation_top3_average,303,0.9372833910957078,0.9372833910957078,0.0,245,method/validation_top3_average/pgp_broccatelli/seed_303/test.csv
pgp_broccatelli,AUROC,uniform_candidate_average,303,0.940215942415356,0.9402159424153559,1.1102230246251565e-16,245,method/uniform_candidate_average/pgp_broccatelli/seed_303/test.csv
pgp_broccatelli,AUROC,validation_stacking,303,0.944614769394828,0.9446147693948279,1.1102230246251565e-16,245,method/validation_stacking/pgp_broccatelli/seed_303/test.csv
pgp_broccatelli,AUROC,common_pool_taskwise_selector,303,0.9313516395627832,0.9313516395627832,0.0,245,method/common_pool_taskwise_selector/pgp_broccatelli/seed_303/test.csv
pgp_broccatelli,AUROC,common_pool_automl,303,0.9135230605171952,0.9135230605171953,1.1102230246251565e-16,245,method/common_pool_automl/pgp_broccatelli/seed_303/test.csv
pgp_broccatelli,AUROC,global_single,404,0.9320847773926954,0.9320847773926954,0.0,245,method/global_single/pgp_broccatelli/seed_404/test.csv
pgp_broccatelli,AUROC,per_task_single,404,0.9320847773926954,0.9320847773926954,0.0,245,method/per_task_single/pgp_broccatelli/seed_404/test.csv
pgp_broccatelli,AUROC,validation_top2_average,404,0.9335510530525194,0.9335510530525194,0.0,245,method/validation_top2_average/pgp_broccatelli/seed_404/test.csv
pgp_broccatelli,AUROC,validation_top3_average,404,0.9364836043721674,0.9364836043721674,0.0,245,method/validation_top3_average/pgp_broccatelli/seed_404/test.csv
pgp_broccatelli,AUROC,uniform_candidate_average,404,0.933684350839776,0.933684350839776,0.0,245,method/uniform_candidate_average/pgp_broccatelli/seed_404/test.csv
pgp_broccatelli,AUROC,validation_stacking,404,0.9161556918155158,0.9161556918155158,0.0,245,method/validation_stacking/pgp_broccatelli/seed_404/test.csv
pgp_broccatelli,AUROC,common_pool_taskwise_selector,404,0.9320847773926954,0.9320847773926954,0.0,245,method/common_pool_taskwise_selector/pgp_broccatelli/seed_404/test.csv
pgp_broccatelli,AUROC,common_pool_automl,404,0.923786990135964,0.9237869901359639,1.1102230246251565e-16,245,method/common_pool_automl/pgp_broccatelli/seed_404/test.csv
pgp_broccatelli,AUROC,global_single,505,0.9269528125833112,0.9269528125833112,0.0,245,method/global_single/pgp_broccatelli/seed_505/test.csv
pgp_broccatelli,AUROC,per_task_single,505,0.9269528125833112,0.9269528125833112,0.0,245,method/per_task_single/pgp_broccatelli/seed_505/test.csv
pgp_broccatelli,AUROC,validation_top2_average,505,0.9339509464142894,0.9339509464142894,0.0,245,method/validation_top2_average/pgp_broccatelli/seed_505/test.csv
pgp_broccatelli,AUROC,validation_top3_average,505,0.9360837110103972,0.9360837110103973,1.1102230246251565e-16,245,method/validation_top3_average/pgp_broccatelli/seed_505/test.csv
pgp_broccatelli,AUROC,uniform_candidate_average,505,0.9398160490535856,0.9398160490535857,1.1102230246251565e-16,245,method/uniform_candidate_average/pgp_broccatelli/seed_505/test.csv
pgp_broccatelli,AUROC,validation_stacking,505,0.9322847240735804,0.9322847240735804,0.0,245,method/validation_stacking/pgp_broccatelli/seed_505/test.csv
pgp_broccatelli,AUROC,common_pool_taskwise_selector,505,0.9269528125833112,0.9269528125833112,0.0,245,method/common_pool_taskwise_selector/pgp_broccatelli/seed_505/test.csv
pgp_broccatelli,AUROC,common_pool_automl,505,0.9224540122633964,0.9224540122633964,0.0,245,method/common_pool_automl/pgp_broccatelli/seed_505/test.csv
ppbr_az,MAE,global_single,101,9.118758939177102,9.118758939177102,0.0,559,method/global_single/ppbr_az/seed_101/test.csv
ppbr_az,MAE,per_task_single,101,9.118758939177102,9.118758939177102,0.0,559,method/per_task_single/ppbr_az/seed_101/test.csv
ppbr_az,MAE,validation_top2_average,101,8.403116129695885,8.403116129695885,0.0,559,method/validation_top2_average/ppbr_az/seed_101/test.csv
ppbr_az,MAE,validation_top3_average,101,8.693425339296363,8.693425339296363,0.0,559,method/validation_top3_average/ppbr_az/seed_101/test.csv
ppbr_az,MAE,uniform_candidate_average,101,8.8062271549195,8.806227154919501,1.7763568394002505e-15,559,method/uniform_candidate_average/ppbr_az/seed_101/test.csv
ppbr_az,MAE,validation_stacking,101,10.1078333791229,10.107833379122901,1.7763568394002505e-15,559,method/validation_stacking/ppbr_az/seed_101/test.csv
ppbr_az,MAE,common_pool_taskwise_selector,101,10.1078333791229,10.107833379122901,1.7763568394002505e-15,559,method/common_pool_taskwise_selector/ppbr_az/seed_101/test.csv
ppbr_az,MAE,common_pool_automl,101,9.255365789839267,9.255365789839269,1.7763568394002505e-15,559,method/common_pool_automl/ppbr_az/seed_101/test.csv
ppbr_az,MAE,global_single,202,9.252873676207514,9.252873676207514,0.0,559,method/global_single/ppbr_az/seed_202/test.csv
ppbr_az,MAE,per_task_single,202,9.252873676207514,9.252873676207514,0.0,559,method/per_task_single/ppbr_az/seed_202/test.csv
ppbr_az,MAE,validation_top2_average,202,8.495167762075136,8.495167762075136,0.0,559,method/validation_top2_average/ppbr_az/seed_202/test.csv
ppbr_az,MAE,validation_top3_average,202,8.620225089445439,8.620225089445439,0.0,559,method/validation_top3_average/ppbr_az/seed_202/test.csv
ppbr_az,MAE,uniform_candidate_average,202,8.791006243172331,8.791006243172331,0.0,559,method/uniform_candidate_average/ppbr_az/seed_202/test.csv
ppbr_az,MAE,validation_stacking,202,9.602575683470857,9.602575683470855,1.7763568394002505e-15,559,method/validation_stacking/ppbr_az/seed_202/test.csv
ppbr_az,MAE,common_pool_taskwise_selector,202,9.602575683470857,9.602575683470855,1.7763568394002505e-15,559,method/common_pool_taskwise_selector/ppbr_az/seed_202/test.csv
ppbr_az,MAE,common_pool_automl,202,9.05395807552656,9.053958075526559,1.7763568394002505e-15,559,method/common_pool_automl/ppbr_az/seed_202/test.csv
ppbr_az,MAE,global_single,303,9.100486441860465,9.100486441860465,0.0,559,method/global_single/ppbr_az/seed_303/test.csv
ppbr_az,MAE,per_task_single,303,9.100486441860465,9.100486441860465,0.0,559,method/per_task_single/ppbr_az/seed_303/test.csv
ppbr_az,MAE,validation_top2_average,303,8.57899299373882,8.57899299373882,0.0,559,method/validation_top2_average/ppbr_az/seed_303/test.csv
ppbr_az,MAE,validation_top3_average,303,8.737480257006562,8.737480257006562,0.0,559,method/validation_top3_average/ppbr_az/seed_303/test.csv
ppbr_az,MAE,uniform_candidate_average,303,8.821824478910754,8.821824478910754,0.0,559,method/uniform_candidate_average/ppbr_az/seed_303/test.csv
ppbr_az,MAE,validation_stacking,303,10.025322840861447,10.025322840861449,1.7763568394002505e-15,559,method/validation_stacking/ppbr_az/seed_303/test.csv
ppbr_az,MAE,common_pool_taskwise_selector,303,10.025322840861447,10.025322840861449,1.7763568394002505e-15,559,method/common_pool_taskwise_selector/ppbr_az/seed_303/test.csv
ppbr_az,MAE,common_pool_automl,303,9.179755771317474,9.179755771317474,0.0,559,method/common_pool_automl/ppbr_az/seed_303/test.csv
ppbr_az,MAE,global_single,404,9.36572763685152,9.36572763685152,0.0,559,method/global_single/ppbr_az/seed_404/test.csv
ppbr_az,MAE,per_task_single,404,9.36572763685152,9.36572763685152,0.0,559,method/per_task_single/ppbr_az/seed_404/test.csv
ppbr_az,MAE,validation_top2_average,404,8.582176620751342,8.582176620751342,0.0,559,method/validation_top2_average/ppbr_az/seed_404/test.csv
ppbr_az,MAE,validation_top3_average,404,8.796507968395947,8.796507968395947,0.0,559,method/validation_top3_average/ppbr_az/seed_404/test.csv
ppbr_az,MAE,uniform_candidate_average,404,8.821590769509045,8.821590769509045,0.0,559,method/uniform_candidate_average/ppbr_az/seed_404/test.csv
ppbr_az,MAE,validation_stacking,404,9.980859361254083,9.980859361254085,1.7763568394002505e-15,559,method/validation_stacking/ppbr_az/seed_404/test.csv
ppbr_az,MAE,common_pool_taskwise_selector,404,9.980859361254083,9.980859361254085,1.7763568394002505e-15,559,method/common_pool_taskwise_selector/ppbr_az/seed_404/test.csv
ppbr_az,MAE,common_pool_automl,404,9.26559570985345,9.265595709853448,1.7763568394002505e-15,559,method/common_pool_automl/ppbr_az/seed_404/test.csv
ppbr_az,MAE,global_single,505,9.137209262969588,9.137209262969588,0.0,559,method/global_single/ppbr_az/seed_505/test.csv
ppbr_az,MAE,per_task_single,505,9.137209262969588,9.137209262969588,0.0,559,method/per_task_single/ppbr_az/seed_505/test.csv
ppbr_az,MAE,validation_top2_average,505,8.523905628801433,8.523905628801431,1.7763568394002505e-15,559,method/validation_top2_average/ppbr_az/seed_505/test.csv
ppbr_az,MAE,validation_top3_average,505,8.670655938580797,8.670655938580799,1.7763568394002505e-15,559,method/validation_top3_average/ppbr_az/seed_505/test.csv
ppbr_az,MAE,uniform_candidate_average,505,8.794063343152455,8.794063343152455,0.0,559,method/uniform_candidate_average/ppbr_az/seed_505/test.csv
ppbr_az,MAE,validation_stacking,505,9.69341547846865,9.69341547846865,0.0,559,method/validation_stacking/ppbr_az/seed_505/test.csv
ppbr_az,MAE,common_pool_taskwise_selector,505,9.69341547846865,9.69341547846865,0.0,559,method/common_pool_taskwise_selector/ppbr_az/seed_505/test.csv
ppbr_az,MAE,common_pool_automl,505,9.179466586537146,9.179466586537144,1.7763568394002505e-15,559,method/common_pool_automl/ppbr_az/seed_505/test.csv
solubility_aqsoldb,MAE,global_single,101,0.836095450683218,0.836095450683218,0.0,1995,method/global_single/solubility_aqsoldb/seed_101/test.csv
solubility_aqsoldb,MAE,per_task_single,101,0.836095450683218,0.836095450683218,0.0,1995,method/per_task_single/solubility_aqsoldb/seed_101/test.csv
solubility_aqsoldb,MAE,validation_top2_average,101,0.8199847301735389,0.8199847301735388,1.1102230246251565e-16,1995,method/validation_top2_average/solubility_aqsoldb/seed_101/test.csv
solubility_aqsoldb,MAE,validation_top3_average,101,0.8221456231200868,0.8221456231200868,0.0,1995,method/validation_top3_average/solubility_aqsoldb/seed_101/test.csv
solubility_aqsoldb,MAE,uniform_candidate_average,101,0.7939662779733679,0.7939662779733679,0.0,1995,method/uniform_candidate_average/solubility_aqsoldb/seed_101/test.csv
solubility_aqsoldb,MAE,validation_stacking,101,0.84396057955141,0.84396057955141,0.0,1995,method/validation_stacking/solubility_aqsoldb/seed_101/test.csv
solubility_aqsoldb,MAE,common_pool_taskwise_selector,101,0.8199847301735389,0.8199847301735388,1.1102230246251565e-16,1995,method/common_pool_taskwise_selector/solubility_aqsoldb/seed_101/test.csv
solubility_aqsoldb,MAE,common_pool_automl,101,0.8389037438242803,0.8389037438242803,0.0,1995,method/common_pool_automl/solubility_aqsoldb/seed_101/test.csv
solubility_aqsoldb,MAE,global_single,202,0.8369094141964412,0.8369094141964412,0.0,1995,method/global_single/solubility_aqsoldb/seed_202/test.csv
solubility_aqsoldb,MAE,per_task_single,202,0.8369094141964412,0.8369094141964412,0.0,1995,method/per_task_single/solubility_aqsoldb/seed_202/test.csv
solubility_aqsoldb,MAE,validation_top2_average,202,0.8225376297182706,0.8225376297182706,0.0,1995,method/validation_top2_average/solubility_aqsoldb/seed_202/test.csv
solubility_aqsoldb,MAE,validation_top3_average,202,0.8266506896301086,0.8266506896301086,0.0,1995,method/validation_top3_average/solubility_aqsoldb/seed_202/test.csv
solubility_aqsoldb,MAE,uniform_candidate_average,202,0.7944518789753996,0.7944518789753996,0.0,1995,method/uniform_candidate_average/solubility_aqsoldb/seed_202/test.csv
solubility_aqsoldb,MAE,validation_stacking,202,0.8429581422406808,0.8429581422406808,0.0,1995,method/validation_stacking/solubility_aqsoldb/seed_202/test.csv
solubility_aqsoldb,MAE,common_pool_taskwise_selector,202,0.8225376297182706,0.8225376297182706,0.0,1995,method/common_pool_taskwise_selector/solubility_aqsoldb/seed_202/test.csv
solubility_aqsoldb,MAE,common_pool_automl,202,0.8398884839558537,0.8398884839558537,0.0,1995,method/common_pool_automl/solubility_aqsoldb/seed_202/test.csv
solubility_aqsoldb,MAE,global_single,303,0.8354787681444611,0.8354787681444611,0.0,1995,method/global_single/solubility_aqsoldb/seed_303/test.csv
solubility_aqsoldb,MAE,per_task_single,303,0.8354787681444611,0.8354787681444611,0.0,1995,method/per_task_single/solubility_aqsoldb/seed_303/test.csv
solubility_aqsoldb,MAE,validation_top2_average,303,0.8160434541132331,0.8160434541132331,0.0,1995,method/validation_top2_average/solubility_aqsoldb/seed_303/test.csv
solubility_aqsoldb,MAE,validation_top3_average,303,0.8205273009234586,0.8205273009234586,0.0,1995,method/validation_top3_average/solubility_aqsoldb/seed_303/test.csv
solubility_aqsoldb,MAE,uniform_candidate_average,303,0.7954978946130994,0.7954978946130994,0.0,1995,method/uniform_candidate_average/solubility_aqsoldb/seed_303/test.csv
solubility_aqsoldb,MAE,validation_stacking,303,0.8340400846127256,0.8340400846127256,0.0,1995,method/validation_stacking/solubility_aqsoldb/seed_303/test.csv
solubility_aqsoldb,MAE,common_pool_taskwise_selector,303,0.8160434541132331,0.8160434541132331,0.0,1995,method/common_pool_taskwise_selector/solubility_aqsoldb/seed_303/test.csv
solubility_aqsoldb,MAE,common_pool_automl,303,0.8341475137113197,0.8341475137113197,0.0,1995,method/common_pool_automl/solubility_aqsoldb/seed_303/test.csv
solubility_aqsoldb,MAE,global_single,404,0.842374898065564,0.842374898065564,0.0,1995,method/global_single/solubility_aqsoldb/seed_404/test.csv
solubility_aqsoldb,MAE,per_task_single,404,0.842374898065564,0.842374898065564,0.0,1995,method/per_task_single/solubility_aqsoldb/seed_404/test.csv
solubility_aqsoldb,MAE,validation_top2_average,404,0.8198545329617293,0.8198545329617293,0.0,1995,method/validation_top2_average/solubility_aqsoldb/seed_404/test.csv
solubility_aqsoldb,MAE,validation_top3_average,404,0.8236485770744193,0.8236485770744194,1.1102230246251565e-16,1995,method/validation_top3_average/solubility_aqsoldb/seed_404/test.csv
solubility_aqsoldb,MAE,uniform_candidate_average,404,0.7947008351889112,0.7947008351889111,1.1102230246251565e-16,1995,method/uniform_candidate_average/solubility_aqsoldb/seed_404/test.csv
solubility_aqsoldb,MAE,validation_stacking,404,0.8424241912644355,0.8424241912644355,0.0,1995,method/validation_stacking/solubility_aqsoldb/seed_404/test.csv
solubility_aqsoldb,MAE,common_pool_taskwise_selector,404,0.8198545329617293,0.8198545329617293,0.0,1995,method/common_pool_taskwise_selector/solubility_aqsoldb/seed_404/test.csv
solubility_aqsoldb,MAE,common_pool_automl,404,0.8321760085912036,0.8321760085912036,0.0,1995,method/common_pool_automl/solubility_aqsoldb/seed_404/test.csv
solubility_aqsoldb,MAE,global_single,505,0.8407333950085214,0.8407333950085214,0.0,1995,method/global_single/solubility_aqsoldb/seed_505/test.csv
solubility_aqsoldb,MAE,per_task_single,505,0.8407333950085214,0.8407333950085214,0.0,1995,method/per_task_single/solubility_aqsoldb/seed_505/test.csv
solubility_aqsoldb,MAE,validation_top2_average,505,0.8227978478753885,0.8227978478753885,0.0,1995,method/validation_top2_average/solubility_aqsoldb/seed_505/test.csv
solubility_aqsoldb,MAE,validation_top3_average,505,0.8229657164241437,0.8229657164241437,0.0,1995,method/validation_top3_average/solubility_aqsoldb/seed_505/test.csv
solubility_aqsoldb,MAE,uniform_candidate_average,505,0.7943228654192481,0.7943228654192481,0.0,1995,method/uniform_candidate_average/solubility_aqsoldb/seed_505/test.csv
solubility_aqsoldb,MAE,validation_stacking,505,0.8485242908054654,0.8485242908054654,0.0,1995,method/validation_stacking/solubility_aqsoldb/seed_505/test.csv
solubility_aqsoldb,MAE,common_pool_taskwise_selector,505,0.8227978478753885,0.8227978478753885,0.0,1995,method/common_pool_taskwise_selector/solubility_aqsoldb/seed_505/test.csv
solubility_aqsoldb,MAE,common_pool_automl,505,0.841641615225303,0.841641615225303,0.0,1995,method/common_pool_automl/solubility_aqsoldb/seed_505/test.csv
vdss_lombardo,Spearman,global_single,101,0.4126633784170538,0.4126633784170538,0.0,226,method/global_single/vdss_lombardo/seed_101/test.csv
vdss_lombardo,Spearman,per_task_single,101,0.4798305110695061,0.47983051106950614,5.551115123125783e-17,226,method/per_task_single/vdss_lombardo/seed_101/test.csv
vdss_lombardo,Spearman,validation_top2_average,101,0.4287556402213582,0.4287556402213582,0.0,226,method/validation_top2_average/vdss_lombardo/seed_101/test.csv
vdss_lombardo,Spearman,validation_top3_average,101,0.2902285992225894,0.2902285992225894,0.0,226,method/validation_top3_average/vdss_lombardo/seed_101/test.csv
vdss_lombardo,Spearman,uniform_candidate_average,101,0.1176762315980418,0.11767623159804183,2.7755575615628914e-17,226,method/uniform_candidate_average/vdss_lombardo/seed_101/test.csv
vdss_lombardo,Spearman,validation_stacking,101,0.2147427866152092,0.21474278661520924,2.7755575615628914e-17,226,method/validation_stacking/vdss_lombardo/seed_101/test.csv
vdss_lombardo,Spearman,common_pool_taskwise_selector,101,0.2902285992225894,0.2902285992225894,0.0,226,method/common_pool_taskwise_selector/vdss_lombardo/seed_101/test.csv
vdss_lombardo,Spearman,common_pool_automl,101,0.2147427866152092,0.21474278661520924,2.7755575615628914e-17,226,method/common_pool_automl/vdss_lombardo/seed_101/test.csv
vdss_lombardo,Spearman,global_single,202,0.4392395751592801,0.4392395751592801,0.0,226,method/global_single/vdss_lombardo/seed_202/test.csv
vdss_lombardo,Spearman,per_task_single,202,0.4531440892826052,0.45314408928260524,5.551115123125783e-17,226,method/per_task_single/vdss_lombardo/seed_202/test.csv
vdss_lombardo,Spearman,validation_top2_average,202,0.4576633330933268,0.45766333309332685,5.551115123125783e-17,226,method/validation_top2_average/vdss_lombardo/seed_202/test.csv
vdss_lombardo,Spearman,validation_top3_average,202,0.2950142694693616,0.29501426946936166,5.551115123125783e-17,226,method/validation_top3_average/vdss_lombardo/seed_202/test.csv
vdss_lombardo,Spearman,uniform_candidate_average,202,0.1083346614987048,0.10833466149870485,5.551115123125783e-17,226,method/uniform_candidate_average/vdss_lombardo/seed_202/test.csv
vdss_lombardo,Spearman,validation_stacking,202,0.2138512566919837,0.2138512566919837,0.0,226,method/validation_stacking/vdss_lombardo/seed_202/test.csv
vdss_lombardo,Spearman,common_pool_taskwise_selector,202,0.2950142694693616,0.29501426946936166,5.551115123125783e-17,226,method/common_pool_taskwise_selector/vdss_lombardo/seed_202/test.csv
vdss_lombardo,Spearman,common_pool_automl,202,0.2138512566919837,0.2138512566919837,0.0,226,method/common_pool_automl/vdss_lombardo/seed_202/test.csv
vdss_lombardo,Spearman,global_single,303,0.4134727740634326,0.41347277406343264,5.551115123125783e-17,226,method/global_single/vdss_lombardo/seed_303/test.csv
vdss_lombardo,Spearman,per_task_single,303,0.4459033374540768,0.44590333745407684,5.551115123125783e-17,226,method/per_task_single/vdss_lombardo/seed_303/test.csv
vdss_lombardo,Spearman,validation_top2_average,303,0.4324340497228202,0.43243404972282024,5.551115123125783e-17,226,method/validation_top2_average/vdss_lombardo/seed_303/test.csv
vdss_lombardo,Spearman,validation_top3_average,303,0.3233072185081214,0.32330721850812144,5.551115123125783e-17,226,method/validation_top3_average/vdss_lombardo/seed_303/test.csv
vdss_lombardo,Spearman,uniform_candidate_average,303,0.1252446188588235,0.12524461885882351,2.7755575615628914e-17,226,method/uniform_candidate_average/vdss_lombardo/seed_303/test.csv
vdss_lombardo,Spearman,validation_stacking,303,0.2181586718195911,0.21815867181959114,5.551115123125783e-17,226,method/validation_stacking/vdss_lombardo/seed_303/test.csv
vdss_lombardo,Spearman,common_pool_taskwise_selector,303,0.3233072185081214,0.32330721850812144,5.551115123125783e-17,226,method/common_pool_taskwise_selector/vdss_lombardo/seed_303/test.csv
vdss_lombardo,Spearman,common_pool_automl,303,0.2181586718195911,0.21815867181959114,5.551115123125783e-17,226,method/common_pool_automl/vdss_lombardo/seed_303/test.csv
vdss_lombardo,Spearman,global_single,404,0.4468399406364035,0.44683994063640353,5.551115123125783e-17,226,method/global_single/vdss_lombardo/seed_404/test.csv
vdss_lombardo,Spearman,per_task_single,404,0.4542343242711819,0.45423432427118193,5.551115123125783e-17,226,method/per_task_single/vdss_lombardo/seed_404/test.csv
vdss_lombardo,Spearman,validation_top2_average,404,0.4606303373654571,0.46063033736545717,5.551115123125783e-17,226,method/validation_top2_average/vdss_lombardo/seed_404/test.csv
vdss_lombardo,Spearman,validation_top3_average,404,0.3149055236864473,0.3149055236864473,0.0,226,method/validation_top3_average/vdss_lombardo/seed_404/test.csv
vdss_lombardo,Spearman,uniform_candidate_average,404,0.1299850628062833,0.12998506280628339,8.326672684688674e-17,226,method/uniform_candidate_average/vdss_lombardo/seed_404/test.csv
vdss_lombardo,Spearman,validation_stacking,404,0.2410826873032061,0.24108268730320614,5.551115123125783e-17,226,method/validation_stacking/vdss_lombardo/seed_404/test.csv
vdss_lombardo,Spearman,common_pool_taskwise_selector,404,0.3149055236864473,0.3149055236864473,0.0,226,method/common_pool_taskwise_selector/vdss_lombardo/seed_404/test.csv
vdss_lombardo,Spearman,common_pool_automl,404,0.2410826873032061,0.24108268730320614,5.551115123125783e-17,226,method/common_pool_automl/vdss_lombardo/seed_404/test.csv
vdss_lombardo,Spearman,global_single,505,0.3859762544728072,0.3859762544728072,0.0,226,method/global_single/vdss_lombardo/seed_505/test.csv
vdss_lombardo,Spearman,per_task_single,505,0.4523194078977613,0.45231940789776137,5.551115123125783e-17,226,method/per_task_single/vdss_lombardo/seed_505/test.csv
vdss_lombardo,Spearman,validation_top2_average,505,0.3905409940209683,0.3905409940209683,0.0,226,method/validation_top2_average/vdss_lombardo/seed_505/test.csv
vdss_lombardo,Spearman,validation_top3_average,505,0.283583452278804,0.283583452278804,0.0,226,method/validation_top3_average/vdss_lombardo/seed_505/test.csv
vdss_lombardo,Spearman,uniform_candidate_average,505,0.1160605610432984,0.1160605610432984,0.0,226,method/uniform_candidate_average/vdss_lombardo/seed_505/test.csv
vdss_lombardo,Spearman,validation_stacking,505,0.2360251394180392,0.23602513941803926,5.551115123125783e-17,226,method/validation_stacking/vdss_lombardo/seed_505/test.csv
vdss_lombardo,Spearman,common_pool_taskwise_selector,505,0.283583452278804,0.283583452278804,0.0,226,method/common_pool_taskwise_selector/vdss_lombardo/seed_505/test.csv
vdss_lombardo,Spearman,common_pool_automl,505,0.2360251394180392,0.23602513941803926,5.551115123125783e-17,226,method/common_pool_automl/vdss_lombardo/seed_505/test.csv
