task,metric,method,seed,candidate_count,selected_candidates,test_score,prediction_file
ames,AUROC,global_single,101,9,chem_fp_chemberta_kpgt_ept_xgb,0.8458986860913666,/mnt/data/projects/trimole_hybrid_revision_20260915/results_strict/revision_20260918_expanded_candidate_pool_controls_v4_threshold_aligned/score/predictions/ames/global_single_seed_101.csv
ames,AUROC,per_task_single,101,9,chem_fp_chemberta_kpgt_xgb,0.8551077953357222,/mnt/data/projects/trimole_hybrid_revision_20260915/results_strict/revision_20260918_expanded_candidate_pool_controls_v4_threshold_aligned/score/predictions/ames/per_task_single_seed_101.csv
ames,AUROC,validation_top2_average,101,9,chem_fp_chemberta_kpgt_xgb;chem_fp_xgb,0.8494370361667548,/mnt/data/projects/trimole_hybrid_revision_20260915/results_strict/revision_20260918_expanded_candidate_pool_controls_v4_threshold_aligned/score/predictions/ames/validation_top2_average_seed_101.csv
ames,AUROC,validation_top3_average,101,9,chem_fp_chemberta_kpgt_xgb;chem_fp_xgb;chem_fp_chemberta_kpgt_ept_xgb,0.85859131762909,/mnt/data/projects/trimole_hybrid_revision_20260915/results_strict/revision_20260918_expanded_candidate_pool_controls_v4_threshold_aligned/score/predictions/ames/validation_top3_average_seed_101.csv
ames,AUROC,uniform_candidate_average,101,9,chem_fp_chemberta_kpgt_ept_xgb;chem_fp_chemberta_kpgt_xgb;chem_fp_xgb;deep_chemberta_kpgt_ept_ridge_linear;deep_chemberta_kpgt_ridge_linear;deep_chemberta_ridge_linear;deep_ept_ridge_linear;deep_kpgt_ept_ridge_linear;deep_kpgt_ridge_linear,0.8347373161800702,/mnt/data/projects/trimole_hybrid_revision_20260915/results_strict/revision_20260918_expanded_candidate_pool_controls_v4_threshold_aligned/score/predictions/ames/uniform_candidate_average_seed_101.csv
ames,AUROC,validation_stacking,101,9,chem_fp_chemberta_kpgt_ept_xgb;chem_fp_chemberta_kpgt_xgb;chem_fp_xgb;deep_chemberta_kpgt_ept_ridge_linear;deep_chemberta_kpgt_ridge_linear;deep_chemberta_ridge_linear;deep_ept_ridge_linear;deep_kpgt_ept_ridge_linear;deep_kpgt_ridge_linear,0.8464234662907048,/mnt/data/projects/trimole_hybrid_revision_20260915/results_strict/revision_20260918_expanded_candidate_pool_controls_v4_threshold_aligned/score/predictions/ames/validation_stacking_seed_101.csv
ames,AUROC,global_single,202,9,chem_fp_chemberta_kpgt_ept_xgb,0.8441246157159921,/mnt/data/projects/trimole_hybrid_revision_20260915/results_strict/revision_20260918_expanded_candidate_pool_controls_v4_threshold_aligned/score/predictions/ames/global_single_seed_202.csv
ames,AUROC,per_task_single,202,9,chem_fp_chemberta_kpgt_xgb,0.8582975973682665,/mnt/data/projects/trimole_hybrid_revision_20260915/results_strict/revision_20260918_expanded_candidate_pool_controls_v4_threshold_aligned/score/predictions/ames/per_task_single_seed_202.csv
ames,AUROC,validation_top2_average,202,9,chem_fp_chemberta_kpgt_xgb;chem_fp_xgb,0.8518964538173843,/mnt/data/projects/trimole_hybrid_revision_20260915/results_strict/revision_20260918_expanded_candidate_pool_controls_v4_threshold_aligned/score/predictions/ames/validation_top2_average_seed_202.csv
ames,AUROC,validation_top3_average,202,9,chem_fp_chemberta_kpgt_xgb;chem_fp_xgb;chem_fp_chemberta_kpgt_ept_xgb,0.8590025259942432,/mnt/data/projects/trimole_hybrid_revision_20260915/results_strict/revision_20260918_expanded_candidate_pool_controls_v4_threshold_aligned/score/predictions/ames/validation_top3_average_seed_202.csv
ames,AUROC,uniform_candidate_average,202,9,chem_fp_chemberta_kpgt_ept_xgb;chem_fp_chemberta_kpgt_xgb;chem_fp_xgb;deep_chemberta_kpgt_ept_ridge_linear;deep_chemberta_kpgt_ridge_linear;deep_chemberta_ridge_linear;deep_ept_ridge_linear;deep_kpgt_ept_ridge_linear;deep_kpgt_ridge_linear,0.8334410307623019,/mnt/data/projects/trimole_hybrid_revision_20260915/results_strict/revision_20260918_expanded_candidate_pool_controls_v4_threshold_aligned/score/predictions/ames/uniform_candidate_average_seed_202.csv
ames,AUROC,validation_stacking,202,9,chem_fp_chemberta_kpgt_ept_xgb;chem_fp_chemberta_kpgt_xgb;chem_fp_xgb;deep_chemberta_kpgt_ept_ridge_linear;deep_chemberta_kpgt_ridge_linear;deep_chemberta_ridge_linear;deep_ept_ridge_linear;deep_kpgt_ept_ridge_linear;deep_kpgt_ridge_linear,0.8421527736983297,/mnt/data/projects/trimole_hybrid_revision_20260915/results_strict/revision_20260918_expanded_candidate_pool_controls_v4_threshold_aligned/score/predictions/ames/validation_stacking_seed_202.csv
ames,AUROC,global_single,303,9,chem_fp_chemberta_kpgt_ept_xgb,0.8468072607648476,/mnt/data/projects/trimole_hybrid_revision_20260915/results_strict/revision_20260918_expanded_candidate_pool_controls_v4_threshold_aligned/score/predictions/ames/global_single_seed_303.csv
ames,AUROC,per_task_single,303,9,chem_fp_chemberta_kpgt_xgb,0.8534766688206152,/mnt/data/projects/trimole_hybrid_revision_20260915/results_strict/revision_20260918_expanded_candidate_pool_controls_v4_threshold_aligned/score/predictions/ames/per_task_single_seed_303.csv
ames,AUROC,validation_top2_average,303,9,chem_fp_chemberta_kpgt_xgb;chem_fp_xgb,0.8499579000959485,/mnt/data/projects/trimole_hybrid_revision_20260915/results_strict/revision_20260918_expanded_candidate_pool_controls_v4_threshold_aligned/score/predictions/ames/validation_top2_average_seed_303.csv
ames,AUROC,validation_top3_average,303,9,chem_fp_chemberta_kpgt_xgb;chem_fp_xgb;chem_fp_chemberta_kpgt_ept_xgb,0.8583328437995652,/mnt/data/projects/trimole_hybrid_revision_20260915/results_strict/revision_20260918_expanded_candidate_pool_controls_v4_threshold_aligned/score/predictions/ames/validation_top3_average_seed_303.csv
ames,AUROC,uniform_candidate_average,303,9,chem_fp_chemberta_kpgt_ept_xgb;chem_fp_chemberta_kpgt_xgb;chem_fp_xgb;deep_chemberta_kpgt_ept_ridge_linear;deep_chemberta_kpgt_ridge_linear;deep_chemberta_ridge_linear;deep_ept_ridge_linear;deep_kpgt_ept_ridge_linear;deep_kpgt_ridge_linear,0.8366308327948462,/mnt/data/projects/trimole_hybrid_revision_20260915/results_strict/revision_20260918_expanded_candidate_pool_controls_v4_threshold_aligned/score/predictions/ames/uniform_candidate_average_seed_303.csv
ames,AUROC,validation_stacking,303,9,chem_fp_chemberta_kpgt_ept_xgb;chem_fp_chemberta_kpgt_xgb;chem_fp_xgb;deep_chemberta_kpgt_ept_ridge_linear;deep_chemberta_kpgt_ridge_linear;deep_chemberta_ridge_linear;deep_ept_ridge_linear;deep_kpgt_ept_ridge_linear;deep_kpgt_ridge_linear,0.8376353560868628,/mnt/data/projects/trimole_hybrid_revision_20260915/results_strict/revision_20260918_expanded_candidate_pool_controls_v4_threshold_aligned/score/predictions/ames/validation_stacking_seed_303.csv
ames,AUROC,global_single,404,9,chem_fp_chemberta_kpgt_ept_xgb,0.8437134073508392,/mnt/data/projects/trimole_hybrid_revision_20260915/results_strict/revision_20260918_expanded_candidate_pool_controls_v4_threshold_aligned/score/predictions/ames/global_single_seed_404.csv
ames,AUROC,per_task_single,404,9,chem_fp_chemberta_kpgt_xgb,0.8540778162877676,/mnt/data/projects/trimole_hybrid_revision_20260915/results_strict/revision_20260918_expanded_candidate_pool_controls_v4_threshold_aligned/score/predictions/ames/per_task_single_seed_404.csv
ames,AUROC,validation_top2_average,404,9,chem_fp_chemberta_kpgt_xgb;chem_fp_xgb,0.8505492568877402,/mnt/data/projects/trimole_hybrid_revision_20260915/results_strict/revision_20260918_expanded_candidate_pool_controls_v4_threshold_aligned/score/predictions/ames/validation_top2_average_seed_404.csv
ames,AUROC,validation_top3_average,404,9,chem_fp_chemberta_kpgt_xgb;chem_fp_xgb;chem_fp_chemberta_kpgt_ept_xgb,0.8580273747283087,/mnt/data/projects/trimole_hybrid_revision_20260915/results_strict/revision_20260918_expanded_candidate_pool_controls_v4_threshold_aligned/score/predictions/ames/validation_top3_average_seed_404.csv
ames,AUROC,uniform_candidate_average,404,9,chem_fp_chemberta_kpgt_ept_xgb;chem_fp_chemberta_kpgt_xgb;chem_fp_xgb;deep_chemberta_kpgt_ept_ridge_linear;deep_chemberta_kpgt_ridge_linear;deep_chemberta_ridge_linear;deep_ept_ridge_linear;deep_kpgt_ept_ridge_linear;deep_kpgt_ridge_linear,0.8331982220133545,/mnt/data/projects/trimole_hybrid_revision_20260915/results_strict/revision_20260918_expanded_candidate_pool_controls_v4_threshold_aligned/score/predictions/ames/uniform_candidate_average_seed_404.csv
ames,AUROC,validation_stacking,404,9,chem_fp_chemberta_kpgt_ept_xgb;chem_fp_chemberta_kpgt_xgb;chem_fp_xgb;deep_chemberta_kpgt_ept_ridge_linear;deep_chemberta_kpgt_ridge_linear;deep_chemberta_ridge_linear;deep_ept_ridge_linear;deep_kpgt_ept_ridge_linear;deep_kpgt_ridge_linear,0.8451134739274314,/mnt/data/projects/trimole_hybrid_revision_20260915/results_strict/revision_20260918_expanded_candidate_pool_controls_v4_threshold_aligned/score/predictions/ames/validation_stacking_seed_404.csv
ames,AUROC,global_single,505,9,chem_fp_chemberta_kpgt_ept_xgb,0.8456500029372025,/mnt/data/projects/trimole_hybrid_revision_20260915/results_strict/revision_20260918_expanded_candidate_pool_controls_v4_threshold_aligned/score/predictions/ames/global_single_seed_505.csv
ames,AUROC,per_task_single,505,9,chem_fp_chemberta_kpgt_xgb,0.8552448647907732,/mnt/data/projects/trimole_hybrid_revision_20260915/results_strict/revision_20260918_expanded_candidate_pool_controls_v4_threshold_aligned/score/predictions/ames/per_task_single_seed_505.csv
ames,AUROC,validation_top2_average,505,9,chem_fp_chemberta_kpgt_xgb;chem_fp_xgb,0.8502477040866279,/mnt/data/projects/trimole_hybrid_revision_20260915/results_strict/revision_20260918_expanded_candidate_pool_controls_v4_threshold_aligned/score/predictions/ames/validation_top2_average_seed_505.csv
ames,AUROC,validation_top3_average,505,9,chem_fp_chemberta_kpgt_xgb;chem_fp_xgb;chem_fp_chemberta_kpgt_ept_xgb,0.8587479684348627,/mnt/data/projects/trimole_hybrid_revision_20260915/results_strict/revision_20260918_expanded_candidate_pool_controls_v4_threshold_aligned/score/predictions/ames/validation_top3_average_seed_505.csv
ames,AUROC,uniform_candidate_average,505,9,chem_fp_chemberta_kpgt_ept_xgb;chem_fp_chemberta_kpgt_xgb;chem_fp_xgb;deep_chemberta_kpgt_ept_ridge_linear;deep_chemberta_kpgt_ridge_linear;deep_chemberta_ridge_linear;deep_ept_ridge_linear;deep_kpgt_ept_ridge_linear;deep_kpgt_ridge_linear,0.837474789010946,/mnt/data/projects/trimole_hybrid_revision_20260915/results_strict/revision_20260918_expanded_candidate_pool_controls_v4_threshold_aligned/score/predictions/ames/uniform_candidate_average_seed_505.csv
ames,AUROC,validation_stacking,505,9,chem_fp_chemberta_kpgt_ept_xgb;chem_fp_chemberta_kpgt_xgb;chem_fp_xgb;deep_chemberta_kpgt_ept_ridge_linear;deep_chemberta_kpgt_ridge_linear;deep_chemberta_ridge_linear;deep_ept_ridge_linear;deep_kpgt_ept_ridge_linear;deep_kpgt_ridge_linear,0.8424974054710292,/mnt/data/projects/trimole_hybrid_revision_20260915/results_strict/revision_20260918_expanded_candidate_pool_controls_v4_threshold_aligned/score/predictions/ames/validation_stacking_seed_505.csv
bbb_martins,AUROC,global_single,101,9,chem_fp_chemberta_kpgt_ept_xgb,0.9024390243902439,/mnt/data/projects/trimole_hybrid_revision_20260915/results_strict/revision_20260918_expanded_candidate_pool_controls_v4_threshold_aligned/score/predictions/bbb_martins/global_single_seed_101.csv
bbb_martins,AUROC,per_task_single,101,9,chem_fp_chemberta_kpgt_ept_xgb,0.9024390243902439,/mnt/data/projects/trimole_hybrid_revision_20260915/results_strict/revision_20260918_expanded_candidate_pool_controls_v4_threshold_aligned/score/predictions/bbb_martins/per_task_single_seed_101.csv
bbb_martins,AUROC,validation_top2_average,101,9,chem_fp_chemberta_kpgt_ept_xgb;chem_fp_chemberta_kpgt_xgb,0.9177220137585991,/mnt/data/projects/trimole_hybrid_revision_20260915/results_strict/revision_20260918_expanded_candidate_pool_controls_v4_threshold_aligned/score/predictions/bbb_martins/validation_top2_average_seed_101.csv
bbb_martins,AUROC,validation_top3_average,101,9,chem_fp_chemberta_kpgt_ept_xgb;chem_fp_chemberta_kpgt_xgb;chem_fp_xgb,0.9063086303939965,/mnt/data/projects/trimole_hybrid_revision_20260915/results_strict/revision_20260918_expanded_candidate_pool_controls_v4_threshold_aligned/score/predictions/bbb_martins/validation_top3_average_seed_101.csv
bbb_martins,AUROC,uniform_candidate_average,101,9,chem_fp_chemberta_kpgt_ept_xgb;chem_fp_chemberta_kpgt_xgb;chem_fp_xgb;deep_chemberta_kpgt_ept_ridge_linear;deep_chemberta_kpgt_ridge_linear;deep_chemberta_ridge_linear;deep_ept_ridge_linear;deep_kpgt_ept_ridge_linear;deep_kpgt_ridge_linear,0.8950515947467167,/mnt/data/projects/trimole_hybrid_revision_20260915/results_strict/revision_20260918_expanded_candidate_pool_controls_v4_threshold_aligned/score/predictions/bbb_martins/uniform_candidate_average_seed_101.csv
bbb_martins,AUROC,validation_stacking,101,9,chem_fp_chemberta_kpgt_ept_xgb;chem_fp_chemberta_kpgt_xgb;chem_fp_xgb;deep_chemberta_kpgt_ept_ridge_linear;deep_chemberta_kpgt_ridge_linear;deep_chemberta_ridge_linear;deep_ept_ridge_linear;deep_kpgt_ept_ridge_linear;deep_kpgt_ridge_linear,0.8718730456535334,/mnt/data/projects/trimole_hybrid_revision_20260915/results_strict/revision_20260918_expanded_candidate_pool_controls_v4_threshold_aligned/score/predictions/bbb_martins/validation_stacking_seed_101.csv
bbb_martins,AUROC,global_single,202,9,chem_fp_chemberta_kpgt_ept_xgb,0.9051751094434022,/mnt/data/projects/trimole_hybrid_revision_20260915/results_strict/revision_20260918_expanded_candidate_pool_controls_v4_threshold_aligned/score/predictions/bbb_martins/global_single_seed_202.csv
bbb_martins,AUROC,per_task_single,202,9,chem_fp_chemberta_kpgt_ept_xgb,0.9051751094434022,/mnt/data/projects/trimole_hybrid_revision_20260915/results_strict/revision_20260918_expanded_candidate_pool_controls_v4_threshold_aligned/score/predictions/bbb_martins/per_task_single_seed_202.csv
bbb_martins,AUROC,validation_top2_average,202,9,chem_fp_chemberta_kpgt_ept_xgb;chem_fp_chemberta_kpgt_xgb,0.9194418386491557,/mnt/data/projects/trimole_hybrid_revision_20260915/results_strict/revision_20260918_expanded_candidate_pool_controls_v4_threshold_aligned/score/predictions/bbb_martins/validation_top2_average_seed_202.csv
bbb_martins,AUROC,validation_top3_average,202,9,chem_fp_chemberta_kpgt_ept_xgb;chem_fp_chemberta_kpgt_xgb;chem_fp_xgb,0.909631019387117,/mnt/data/projects/trimole_hybrid_revision_20260915/results_strict/revision_20260918_expanded_candidate_pool_controls_v4_threshold_aligned/score/predictions/bbb_martins/validation_top3_average_seed_202.csv
bbb_martins,AUROC,uniform_candidate_average,202,9,chem_fp_chemberta_kpgt_ept_xgb;chem_fp_chemberta_kpgt_xgb;chem_fp_xgb;deep_chemberta_kpgt_ept_ridge_linear;deep_chemberta_kpgt_ridge_linear;deep_chemberta_ridge_linear;deep_ept_ridge_linear;deep_kpgt_ept_ridge_linear;deep_kpgt_ridge_linear,0.8899702939337086,/mnt/data/projects/trimole_hybrid_revision_20260915/results_strict/revision_20260918_expanded_candidate_pool_controls_v4_threshold_aligned/score/predictions/bbb_martins/uniform_candidate_average_seed_202.csv
bbb_martins,AUROC,validation_stacking,202,9,chem_fp_chemberta_kpgt_ept_xgb;chem_fp_chemberta_kpgt_xgb;chem_fp_xgb;deep_chemberta_kpgt_ept_ridge_linear;deep_chemberta_kpgt_ridge_linear;deep_chemberta_ridge_linear;deep_ept_ridge_linear;deep_kpgt_ept_ridge_linear;deep_kpgt_ridge_linear,0.8356003752345216,/mnt/data/projects/trimole_hybrid_revision_20260915/results_strict/revision_20260918_expanded_candidate_pool_controls_v4_threshold_aligned/score/predictions/bbb_martins/validation_stacking_seed_202.csv
bbb_martins,AUROC,global_single,303,9,chem_fp_chemberta_kpgt_ept_xgb,0.9075203252032521,/mnt/data/projects/trimole_hybrid_revision_20260915/results_strict/revision_20260918_expanded_candidate_pool_controls_v4_threshold_aligned/score/predictions/bbb_martins/global_single_seed_303.csv
bbb_martins,AUROC,per_task_single,303,9,chem_fp_chemberta_kpgt_ept_xgb,0.9075203252032521,/mnt/data/projects/trimole_hybrid_revision_20260915/results_strict/revision_20260918_expanded_candidate_pool_controls_v4_threshold_aligned/score/predictions/bbb_martins/per_task_single_seed_303.csv
bbb_martins,AUROC,validation_top2_average,303,9,chem_fp_chemberta_kpgt_ept_xgb;chem_fp_chemberta_kpgt_xgb,0.9235850531582238,/mnt/data/projects/trimole_hybrid_revision_20260915/results_strict/revision_20260918_expanded_candidate_pool_controls_v4_threshold_aligned/score/predictions/bbb_martins/validation_top2_average_seed_303.csv
bbb_martins,AUROC,validation_top3_average,303,9,chem_fp_chemberta_kpgt_ept_xgb;chem_fp_chemberta_kpgt_xgb;chem_fp_xgb,0.9109208880550344,/mnt/data/projects/trimole_hybrid_revision_20260915/results_strict/revision_20260918_expanded_candidate_pool_controls_v4_threshold_aligned/score/predictions/bbb_martins/validation_top3_average_seed_303.csv
bbb_martins,AUROC,uniform_candidate_average,303,9,chem_fp_chemberta_kpgt_ept_xgb;chem_fp_chemberta_kpgt_xgb;chem_fp_xgb;deep_chemberta_kpgt_ept_ridge_linear;deep_chemberta_kpgt_ridge_linear;deep_chemberta_ridge_linear;deep_ept_ridge_linear;deep_kpgt_ept_ridge_linear;deep_kpgt_ridge_linear,0.906816760475297,/mnt/data/projects/trimole_hybrid_revision_20260915/results_strict/revision_20260918_expanded_candidate_pool_controls_v4_threshold_aligned/score/predictions/bbb_martins/uniform_candidate_average_seed_303.csv
bbb_martins,AUROC,validation_stacking,303,9,chem_fp_chemberta_kpgt_ept_xgb;chem_fp_chemberta_kpgt_xgb;chem_fp_xgb;deep_chemberta_kpgt_ept_ridge_linear;deep_chemberta_kpgt_ridge_linear;deep_chemberta_ridge_linear;deep_ept_ridge_linear;deep_kpgt_ept_ridge_linear;deep_kpgt_ridge_linear,0.816447779862414,/mnt/data/projects/trimole_hybrid_revision_20260915/results_strict/revision_20260918_expanded_candidate_pool_controls_v4_threshold_aligned/score/predictions/bbb_martins/validation_stacking_seed_303.csv
bbb_martins,AUROC,global_single,404,9,chem_fp_chemberta_kpgt_ept_xgb,0.9058786741713571,/mnt/data/projects/trimole_hybrid_revision_20260915/results_strict/revision_20260918_expanded_candidate_pool_controls_v4_threshold_aligned/score/predictions/bbb_martins/global_single_seed_404.csv
bbb_martins,AUROC,per_task_single,404,9,chem_fp_chemberta_kpgt_ept_xgb,0.9058786741713571,/mnt/data/projects/trimole_hybrid_revision_20260915/results_strict/revision_20260918_expanded_candidate_pool_controls_v4_threshold_aligned/score/predictions/bbb_martins/per_task_single_seed_404.csv
bbb_martins,AUROC,validation_top2_average,404,9,chem_fp_chemberta_kpgt_ept_xgb;chem_fp_chemberta_kpgt_xgb,0.9219043151969981,/mnt/data/projects/trimole_hybrid_revision_20260915/results_strict/revision_20260918_expanded_candidate_pool_controls_v4_threshold_aligned/score/predictions/bbb_martins/validation_top2_average_seed_404.csv
bbb_martins,AUROC,validation_top3_average,404,9,chem_fp_chemberta_kpgt_ept_xgb;chem_fp_chemberta_kpgt_xgb;chem_fp_xgb,0.9106081926203877,/mnt/data/projects/trimole_hybrid_revision_20260915/results_strict/revision_20260918_expanded_candidate_pool_controls_v4_threshold_aligned/score/predictions/bbb_martins/validation_top3_average_seed_404.csv
bbb_martins,AUROC,uniform_candidate_average,404,9,chem_fp_chemberta_kpgt_ept_xgb;chem_fp_chemberta_kpgt_xgb;chem_fp_xgb;deep_chemberta_kpgt_ept_ridge_linear;deep_chemberta_kpgt_ridge_linear;deep_chemberta_ridge_linear;deep_ept_ridge_linear;deep_kpgt_ept_ridge_linear;deep_kpgt_ridge_linear,0.9056050656660413,/mnt/data/projects/trimole_hybrid_revision_20260915/results_strict/revision_20260918_expanded_candidate_pool_controls_v4_threshold_aligned/score/predictions/bbb_martins/uniform_candidate_average_seed_404.csv
bbb_martins,AUROC,validation_stacking,404,9,chem_fp_chemberta_kpgt_ept_xgb;chem_fp_chemberta_kpgt_xgb;chem_fp_xgb;deep_chemberta_kpgt_ept_ridge_linear;deep_chemberta_kpgt_ridge_linear;deep_chemberta_ridge_linear;deep_ept_ridge_linear;deep_kpgt_ept_ridge_linear;deep_kpgt_ridge_linear,0.8262585991244528,/mnt/data/projects/trimole_hybrid_revision_20260915/results_strict/revision_20260918_expanded_candidate_pool_controls_v4_threshold_aligned/score/predictions/bbb_martins/validation_stacking_seed_404.csv
bbb_martins,AUROC,global_single,505,9,chem_fp_chemberta_kpgt_ept_xgb,0.9030253283302063,/mnt/data/projects/trimole_hybrid_revision_20260915/results_strict/revision_20260918_expanded_candidate_pool_controls_v4_threshold_aligned/score/predictions/bbb_martins/global_single_seed_505.csv
bbb_martins,AUROC,per_task_single,505,9,chem_fp_chemberta_kpgt_ept_xgb,0.9030253283302063,/mnt/data/projects/trimole_hybrid_revision_20260915/results_strict/revision_20260918_expanded_candidate_pool_controls_v4_threshold_aligned/score/predictions/bbb_martins/per_task_single_seed_505.csv
bbb_martins,AUROC,validation_top2_average,505,9,chem_fp_chemberta_kpgt_ept_xgb;chem_fp_chemberta_kpgt_xgb,0.9153767979987492,/mnt/data/projects/trimole_hybrid_revision_20260915/results_strict/revision_20260918_expanded_candidate_pool_controls_v4_threshold_aligned/score/predictions/bbb_martins/validation_top2_average_seed_505.csv
bbb_martins,AUROC,validation_top3_average,505,9,chem_fp_chemberta_kpgt_ept_xgb;chem_fp_chemberta_kpgt_xgb;chem_fp_xgb,0.9044324577861164,/mnt/data/projects/trimole_hybrid_revision_20260915/results_strict/revision_20260918_expanded_candidate_pool_controls_v4_threshold_aligned/score/predictions/bbb_martins/validation_top3_average_seed_505.csv
bbb_martins,AUROC,uniform_candidate_average,505,9,chem_fp_chemberta_kpgt_ept_xgb;chem_fp_chemberta_kpgt_xgb;chem_fp_xgb;deep_chemberta_kpgt_ept_ridge_linear;deep_chemberta_kpgt_ridge_linear;deep_chemberta_ridge_linear;deep_ept_ridge_linear;deep_kpgt_ept_ridge_linear;deep_kpgt_ridge_linear,0.8984912445278298,/mnt/data/projects/trimole_hybrid_revision_20260915/results_strict/revision_20260918_expanded_candidate_pool_controls_v4_threshold_aligned/score/predictions/bbb_martins/uniform_candidate_average_seed_505.csv
bbb_martins,AUROC,validation_stacking,505,9,chem_fp_chemberta_kpgt_ept_xgb;chem_fp_chemberta_kpgt_xgb;chem_fp_xgb;deep_chemberta_kpgt_ept_ridge_linear;deep_chemberta_kpgt_ridge_linear;deep_chemberta_ridge_linear;deep_ept_ridge_linear;deep_kpgt_ept_ridge_linear;deep_kpgt_ridge_linear,0.8504924953095685,/mnt/data/projects/trimole_hybrid_revision_20260915/results_strict/revision_20260918_expanded_candidate_pool_controls_v4_threshold_aligned/score/predictions/bbb_martins/validation_stacking_seed_505.csv
bioavailability_ma,AUROC,global_single,101,9,chem_fp_chemberta_kpgt_ept_xgb,0.6484868639840372,/mnt/data/projects/trimole_hybrid_revision_20260915/results_strict/revision_20260918_expanded_candidate_pool_controls_v4_threshold_aligned/score/predictions/bioavailability_ma/global_single_seed_101.csv
bioavailability_ma,AUROC,per_task_single,101,9,chem_fp_chemberta_kpgt_xgb,0.6458264050548721,/mnt/data/projects/trimole_hybrid_revision_20260915/results_strict/revision_20260918_expanded_candidate_pool_controls_v4_threshold_aligned/score/predictions/bioavailability_ma/per_task_single_seed_101.csv
bioavailability_ma,AUROC,validation_top2_average,101,9,chem_fp_chemberta_kpgt_xgb;chem_fp_chemberta_kpgt_ept_xgb,0.6471566345194546,/mnt/data/projects/trimole_hybrid_revision_20260915/results_strict/revision_20260918_expanded_candidate_pool_controls_v4_threshold_aligned/score/predictions/bioavailability_ma/validation_top2_average_seed_101.csv
bioavailability_ma,AUROC,validation_top3_average,101,9,chem_fp_chemberta_kpgt_xgb;chem_fp_chemberta_kpgt_ept_xgb;chem_fp_xgb,0.6664449617559028,/mnt/data/projects/trimole_hybrid_revision_20260915/results_strict/revision_20260918_expanded_candidate_pool_controls_v4_threshold_aligned/score/predictions/bioavailability_ma/validation_top3_average_seed_101.csv
bioavailability_ma,AUROC,uniform_candidate_average,101,9,chem_fp_chemberta_kpgt_ept_xgb;chem_fp_chemberta_kpgt_xgb;chem_fp_xgb;deep_chemberta_kpgt_ept_ridge_linear;deep_chemberta_kpgt_ridge_linear;deep_chemberta_ridge_linear;deep_ept_ridge_linear;deep_kpgt_ept_ridge_linear;deep_kpgt_ridge_linear,0.695710009976721,/mnt/data/projects/trimole_hybrid_revision_20260915/results_strict/revision_20260918_expanded_candidate_pool_controls_v4_threshold_aligned/score/predictions/bioavailability_ma/uniform_candidate_average_seed_101.csv
bioavailability_ma,AUROC,validation_stacking,101,9,chem_fp_chemberta_kpgt_ept_xgb;chem_fp_chemberta_kpgt_xgb;chem_fp_xgb;deep_chemberta_kpgt_ept_ridge_linear;deep_chemberta_kpgt_ridge_linear;deep_chemberta_ridge_linear;deep_ept_ridge_linear;deep_kpgt_ept_ridge_linear;deep_kpgt_ridge_linear,0.6740937811772529,/mnt/data/projects/trimole_hybrid_revision_20260915/results_strict/revision_20260918_expanded_candidate_pool_controls_v4_threshold_aligned/score/predictions/bioavailability_ma/validation_stacking_seed_101.csv
bioavailability_ma,AUROC,global_single,202,9,chem_fp_chemberta_kpgt_ept_xgb,0.6494845360824743,/mnt/data/projects/trimole_hybrid_revision_20260915/results_strict/revision_20260918_expanded_candidate_pool_controls_v4_threshold_aligned/score/predictions/bioavailability_ma/global_single_seed_202.csv
bioavailability_ma,AUROC,per_task_single,202,9,chem_fp_chemberta_kpgt_xgb,0.6571333555038243,/mnt/data/projects/trimole_hybrid_revision_20260915/results_strict/revision_20260918_expanded_candidate_pool_controls_v4_threshold_aligned/score/predictions/bioavailability_ma/per_task_single_seed_202.csv
bioavailability_ma,AUROC,validation_top2_average,202,9,chem_fp_chemberta_kpgt_xgb;chem_fp_chemberta_kpgt_ept_xgb,0.6528101097439308,/mnt/data/projects/trimole_hybrid_revision_20260915/results_strict/revision_20260918_expanded_candidate_pool_controls_v4_threshold_aligned/score/predictions/bioavailability_ma/validation_top2_average_seed_202.csv
bioavailability_ma,AUROC,validation_top3_average,202,9,chem_fp_chemberta_kpgt_xgb;chem_fp_chemberta_kpgt_ept_xgb;chem_fp_xgb,0.6631193880944464,/mnt/data/projects/trimole_hybrid_revision_20260915/results_strict/revision_20260918_expanded_candidate_pool_controls_v4_threshold_aligned/score/predictions/bioavailability_ma/validation_top3_average_seed_202.csv
bioavailability_ma,AUROC,uniform_candidate_average,202,9,chem_fp_chemberta_kpgt_ept_xgb;chem_fp_chemberta_kpgt_xgb;chem_fp_xgb;deep_chemberta_kpgt_ept_ridge_linear;deep_chemberta_kpgt_ridge_linear;deep_chemberta_ridge_linear;deep_ept_ridge_linear;deep_kpgt_ept_ridge_linear;deep_kpgt_ridge_linear,0.6431659461257067,/mnt/data/projects/trimole_hybrid_revision_20260915/results_strict/revision_20260918_expanded_candidate_pool_controls_v4_threshold_aligned/score/predictions/bioavailability_ma/uniform_candidate_average_seed_202.csv
bioavailability_ma,AUROC,validation_stacking,202,9,chem_fp_chemberta_kpgt_ept_xgb;chem_fp_chemberta_kpgt_xgb;chem_fp_xgb;deep_chemberta_kpgt_ept_ridge_linear;deep_chemberta_kpgt_ridge_linear;deep_chemberta_ridge_linear;deep_ept_ridge_linear;deep_kpgt_ept_ridge_linear;deep_kpgt_ridge_linear,0.559694047223146,/mnt/data/projects/trimole_hybrid_revision_20260915/results_strict/revision_20260918_expanded_candidate_pool_controls_v4_threshold_aligned/score/predictions/bioavailability_ma/validation_stacking_seed_202.csv
bioavailability_ma,AUROC,global_single,303,9,chem_fp_chemberta_kpgt_ept_xgb,0.6448287329564351,/mnt/data/projects/trimole_hybrid_revision_20260915/results_strict/revision_20260918_expanded_candidate_pool_controls_v4_threshold_aligned/score/predictions/bioavailability_ma/global_single_seed_303.csv
bioavailability_ma,AUROC,per_task_single,303,9,chem_fp_chemberta_kpgt_xgb,0.6418357166611239,/mnt/data/projects/trimole_hybrid_revision_20260915/results_strict/revision_20260918_expanded_candidate_pool_controls_v4_threshold_aligned/score/predictions/bioavailability_ma/per_task_single_seed_303.csv
bioavailability_ma,AUROC,validation_top2_average,303,9,chem_fp_chemberta_kpgt_xgb;chem_fp_chemberta_kpgt_ept_xgb,0.643831060857998,/mnt/data/projects/trimole_hybrid_revision_20260915/results_strict/revision_20260918_expanded_candidate_pool_controls_v4_threshold_aligned/score/predictions/bioavailability_ma/validation_top2_average_seed_303.csv
bioavailability_ma,AUROC,validation_top3_average,303,9,chem_fp_chemberta_kpgt_xgb;chem_fp_chemberta_kpgt_ept_xgb;chem_fp_xgb,0.6717658796142334,/mnt/data/projects/trimole_hybrid_revision_20260915/results_strict/revision_20260918_expanded_candidate_pool_controls_v4_threshold_aligned/score/predictions/bioavailability_ma/validation_top3_average_seed_303.csv
bioavailability_ma,AUROC,uniform_candidate_average,303,9,chem_fp_chemberta_kpgt_ept_xgb;chem_fp_chemberta_kpgt_xgb;chem_fp_xgb;deep_chemberta_kpgt_ept_ridge_linear;deep_chemberta_kpgt_ridge_linear;deep_chemberta_ridge_linear;deep_ept_ridge_linear;deep_kpgt_ept_ridge_linear;deep_kpgt_ridge_linear,0.7080146325241103,/mnt/data/projects/trimole_hybrid_revision_20260915/results_strict/revision_20260918_expanded_candidate_pool_controls_v4_threshold_aligned/score/predictions/bioavailability_ma/uniform_candidate_average_seed_303.csv
bioavailability_ma,AUROC,validation_stacking,303,9,chem_fp_chemberta_kpgt_ept_xgb;chem_fp_chemberta_kpgt_xgb;chem_fp_xgb;deep_chemberta_kpgt_ept_ridge_linear;deep_chemberta_kpgt_ridge_linear;deep_chemberta_ridge_linear;deep_ept_ridge_linear;deep_kpgt_ept_ridge_linear;deep_kpgt_ridge_linear,0.615563684735617,/mnt/data/projects/trimole_hybrid_revision_20260915/results_strict/revision_20260918_expanded_candidate_pool_controls_v4_threshold_aligned/score/predictions/bioavailability_ma/validation_stacking_seed_303.csv
bioavailability_ma,AUROC,global_single,404,9,chem_fp_chemberta_kpgt_ept_xgb,0.644828732956435,/mnt/data/projects/trimole_hybrid_revision_20260915/results_strict/revision_20260918_expanded_candidate_pool_controls_v4_threshold_aligned/score/predictions/bioavailability_ma/global_single_seed_404.csv
bioavailability_ma,AUROC,per_task_single,404,9,chem_fp_chemberta_kpgt_xgb,0.6321915530428999,/mnt/data/projects/trimole_hybrid_revision_20260915/results_strict/revision_20260918_expanded_candidate_pool_controls_v4_threshold_aligned/score/predictions/bioavailability_ma/per_task_single_seed_404.csv
bioavailability_ma,AUROC,validation_top2_average,404,9,chem_fp_chemberta_kpgt_xgb;chem_fp_chemberta_kpgt_ept_xgb,0.6405054871965414,/mnt/data/projects/trimole_hybrid_revision_20260915/results_strict/revision_20260918_expanded_candidate_pool_controls_v4_threshold_aligned/score/predictions/bioavailability_ma/validation_top2_average_seed_404.csv
bioavailability_ma,AUROC,validation_top3_average,404,9,chem_fp_chemberta_kpgt_xgb;chem_fp_chemberta_kpgt_ept_xgb;chem_fp_xgb,0.6591286997006983,/mnt/data/projects/trimole_hybrid_revision_20260915/results_strict/revision_20260918_expanded_candidate_pool_controls_v4_threshold_aligned/score/predictions/bioavailability_ma/validation_top3_average_seed_404.csv
bioavailability_ma,AUROC,uniform_candidate_average,404,9,chem_fp_chemberta_kpgt_ept_xgb;chem_fp_chemberta_kpgt_xgb;chem_fp_xgb;deep_chemberta_kpgt_ept_ridge_linear;deep_chemberta_kpgt_ridge_linear;deep_chemberta_ridge_linear;deep_ept_ridge_linear;deep_kpgt_ept_ridge_linear;deep_kpgt_ridge_linear,0.7020285999334885,/mnt/data/projects/trimole_hybrid_revision_20260915/results_strict/revision_20260918_expanded_candidate_pool_controls_v4_threshold_aligned/score/predictions/bioavailability_ma/uniform_candidate_average_seed_404.csv
bioavailability_ma,AUROC,validation_stacking,404,9,chem_fp_chemberta_kpgt_ept_xgb;chem_fp_chemberta_kpgt_xgb;chem_fp_xgb;deep_chemberta_kpgt_ept_ridge_linear;deep_chemberta_kpgt_ridge_linear;deep_chemberta_ridge_linear;deep_ept_ridge_linear;deep_kpgt_ept_ridge_linear;deep_kpgt_ridge_linear,0.6345194546059195,/mnt/data/projects/trimole_hybrid_revision_20260915/results_strict/revision_20260918_expanded_candidate_pool_controls_v4_threshold_aligned/score/predictions/bioavailability_ma/validation_stacking_seed_404.csv
bioavailability_ma,AUROC,global_single,505,9,chem_fp_chemberta_kpgt_ept_xgb,0.646824077153309,/mnt/data/projects/trimole_hybrid_revision_20260915/results_strict/revision_20260918_expanded_candidate_pool_controls_v4_threshold_aligned/score/predictions/bioavailability_ma/global_single_seed_505.csv
bioavailability_ma,AUROC,per_task_single,505,9,chem_fp_chemberta_kpgt_xgb,0.6444961755902894,/mnt/data/projects/trimole_hybrid_revision_20260915/results_strict/revision_20260918_expanded_candidate_pool_controls_v4_threshold_aligned/score/predictions/bioavailability_ma/per_task_single_seed_505.csv
bioavailability_ma,AUROC,validation_top2_average,505,9,chem_fp_chemberta_kpgt_xgb;chem_fp_chemberta_kpgt_ept_xgb,0.6478217492517458,/mnt/data/projects/trimole_hybrid_revision_20260915/results_strict/revision_20260918_expanded_candidate_pool_controls_v4_threshold_aligned/score/predictions/bioavailability_ma/validation_top2_average_seed_505.csv
bioavailability_ma,AUROC,validation_top3_average,505,9,chem_fp_chemberta_kpgt_xgb;chem_fp_chemberta_kpgt_ept_xgb;chem_fp_xgb,0.6787495843032922,/mnt/data/projects/trimole_hybrid_revision_20260915/results_strict/revision_20260918_expanded_candidate_pool_controls_v4_threshold_aligned/score/predictions/bioavailability_ma/validation_top3_average_seed_505.csv
bioavailability_ma,AUROC,uniform_candidate_average,505,9,chem_fp_chemberta_kpgt_ept_xgb;chem_fp_chemberta_kpgt_xgb;chem_fp_xgb;deep_chemberta_kpgt_ept_ridge_linear;deep_chemberta_kpgt_ridge_linear;deep_chemberta_ridge_linear;deep_ept_ridge_linear;deep_kpgt_ept_ridge_linear;deep_kpgt_ridge_linear,0.6677751912204856,/mnt/data/projects/trimole_hybrid_revision_20260915/results_strict/revision_20260918_expanded_candidate_pool_controls_v4_threshold_aligned/score/predictions/bioavailability_ma/uniform_candidate_average_seed_505.csv
bioavailability_ma,AUROC,validation_stacking,505,9,chem_fp_chemberta_kpgt_ept_xgb;chem_fp_chemberta_kpgt_xgb;chem_fp_xgb;deep_chemberta_kpgt_ept_ridge_linear;deep_chemberta_kpgt_ridge_linear;deep_chemberta_ridge_linear;deep_ept_ridge_linear;deep_kpgt_ept_ridge_linear;deep_kpgt_ridge_linear,0.6248752909876953,/mnt/data/projects/trimole_hybrid_revision_20260915/results_strict/revision_20260918_expanded_candidate_pool_controls_v4_threshold_aligned/score/predictions/bioavailability_ma/validation_stacking_seed_505.csv
caco2_wang,MAE,global_single,101,9,chem_fp_chemberta_kpgt_ept_xgb,0.3520695016483517,/mnt/data/projects/trimole_hybrid_revision_20260915/results_strict/revision_20260918_expanded_candidate_pool_controls_v4_threshold_aligned/score/predictions/caco2_wang/global_single_seed_101.csv
caco2_wang,MAE,per_task_single,101,9,chem_fp_chemberta_kpgt_ept_xgb,0.3520695016483517,/mnt/data/projects/trimole_hybrid_revision_20260915/results_strict/revision_20260918_expanded_candidate_pool_controls_v4_threshold_aligned/score/predictions/caco2_wang/per_task_single_seed_101.csv
caco2_wang,MAE,validation_top2_average,101,9,chem_fp_chemberta_kpgt_ept_xgb;chem_fp_chemberta_kpgt_xgb,0.32008326813186816,/mnt/data/projects/trimole_hybrid_revision_20260915/results_strict/revision_20260918_expanded_candidate_pool_controls_v4_threshold_aligned/score/predictions/caco2_wang/validation_top2_average_seed_101.csv
caco2_wang,MAE,validation_top3_average,101,9,chem_fp_chemberta_kpgt_ept_xgb;chem_fp_chemberta_kpgt_xgb;chem_fp_xgb,0.2951871467032967,/mnt/data/projects/trimole_hybrid_revision_20260915/results_strict/revision_20260918_expanded_candidate_pool_controls_v4_threshold_aligned/score/predictions/caco2_wang/validation_top3_average_seed_101.csv
caco2_wang,MAE,uniform_candidate_average,101,9,chem_fp_chemberta_kpgt_ept_xgb;chem_fp_chemberta_kpgt_xgb;chem_fp_xgb;deep_chemberta_kpgt_ept_ridge_linear;deep_chemberta_kpgt_ridge_linear;deep_chemberta_ridge_linear;deep_ept_ridge_linear;deep_kpgt_ept_ridge_linear;deep_kpgt_ridge_linear,0.34913313217338215,/mnt/data/projects/trimole_hybrid_revision_20260915/results_strict/revision_20260918_expanded_candidate_pool_controls_v4_threshold_aligned/score/predictions/caco2_wang/uniform_candidate_average_seed_101.csv
caco2_wang,MAE,validation_stacking,101,9,chem_fp_chemberta_kpgt_ept_xgb;chem_fp_chemberta_kpgt_xgb;chem_fp_xgb;deep_chemberta_kpgt_ept_ridge_linear;deep_chemberta_kpgt_ridge_linear;deep_chemberta_ridge_linear;deep_ept_ridge_linear;deep_kpgt_ept_ridge_linear;deep_kpgt_ridge_linear,0.3071636093482605,/mnt/data/projects/trimole_hybrid_revision_20260915/results_strict/revision_20260918_expanded_candidate_pool_controls_v4_threshold_aligned/score/predictions/caco2_wang/validation_stacking_seed_101.csv
caco2_wang,MAE,global_single,202,9,chem_fp_chemberta_kpgt_ept_xgb,0.38414932967032966,/mnt/data/projects/trimole_hybrid_revision_20260915/results_strict/revision_20260918_expanded_candidate_pool_controls_v4_threshold_aligned/score/predictions/caco2_wang/global_single_seed_202.csv
caco2_wang,MAE,per_task_single,202,9,chem_fp_chemberta_kpgt_ept_xgb,0.38414932967032966,/mnt/data/projects/trimole_hybrid_revision_20260915/results_strict/revision_20260918_expanded_candidate_pool_controls_v4_threshold_aligned/score/predictions/caco2_wang/per_task_single_seed_202.csv
caco2_wang,MAE,validation_top2_average,202,9,chem_fp_chemberta_kpgt_ept_xgb;chem_fp_chemberta_kpgt_xgb,0.32525987912087917,/mnt/data/projects/trimole_hybrid_revision_20260915/results_strict/revision_20260918_expanded_candidate_pool_controls_v4_threshold_aligned/score/predictions/caco2_wang/validation_top2_average_seed_202.csv
caco2_wang,MAE,validation_top3_average,202,9,chem_fp_chemberta_kpgt_ept_xgb;chem_fp_chemberta_kpgt_xgb;chem_fp_xgb,0.29936365000000004,/mnt/data/projects/trimole_hybrid_revision_20260915/results_strict/revision_20260918_expanded_candidate_pool_controls_v4_threshold_aligned/score/predictions/caco2_wang/validation_top3_average_seed_202.csv
caco2_wang,MAE,uniform_candidate_average,202,9,chem_fp_chemberta_kpgt_ept_xgb;chem_fp_chemberta_kpgt_xgb;chem_fp_xgb;deep_chemberta_kpgt_ept_ridge_linear;deep_chemberta_kpgt_ridge_linear;deep_chemberta_ridge_linear;deep_ept_ridge_linear;deep_kpgt_ept_ridge_linear;deep_kpgt_ridge_linear,0.3503795962759463,/mnt/data/projects/trimole_hybrid_revision_20260915/results_strict/revision_20260918_expanded_candidate_pool_controls_v4_threshold_aligned/score/predictions/caco2_wang/uniform_candidate_average_seed_202.csv
caco2_wang,MAE,validation_stacking,202,9,chem_fp_chemberta_kpgt_ept_xgb;chem_fp_chemberta_kpgt_xgb;chem_fp_xgb;deep_chemberta_kpgt_ept_ridge_linear;deep_chemberta_kpgt_ridge_linear;deep_chemberta_ridge_linear;deep_ept_ridge_linear;deep_kpgt_ept_ridge_linear;deep_kpgt_ridge_linear,0.3370044564453113,/mnt/data/projects/trimole_hybrid_revision_20260915/results_strict/revision_20260918_expanded_candidate_pool_controls_v4_threshold_aligned/score/predictions/caco2_wang/validation_stacking_seed_202.csv
caco2_wang,MAE,global_single,303,9,chem_fp_chemberta_kpgt_ept_xgb,0.3409152763736264,/mnt/data/projects/trimole_hybrid_revision_20260915/results_strict/revision_20260918_expanded_candidate_pool_controls_v4_threshold_aligned/score/predictions/caco2_wang/global_single_seed_303.csv
caco2_wang,MAE,per_task_single,303,9,chem_fp_chemberta_kpgt_ept_xgb,0.3409152763736264,/mnt/data/projects/trimole_hybrid_revision_20260915/results_strict/revision_20260918_expanded_candidate_pool_controls_v4_threshold_aligned/score/predictions/caco2_wang/per_task_single_seed_303.csv
caco2_wang,MAE,validation_top2_average,303,9,chem_fp_chemberta_kpgt_ept_xgb;chem_fp_chemberta_kpgt_xgb,0.32814153324175827,/mnt/data/projects/trimole_hybrid_revision_20260915/results_strict/revision_20260918_expanded_candidate_pool_controls_v4_threshold_aligned/score/predictions/caco2_wang/validation_top2_average_seed_303.csv
caco2_wang,MAE,validation_top3_average,303,9,chem_fp_chemberta_kpgt_ept_xgb;chem_fp_chemberta_kpgt_xgb;chem_fp_xgb,0.29820978406593407,/mnt/data/projects/trimole_hybrid_revision_20260915/results_strict/revision_20260918_expanded_candidate_pool_controls_v4_threshold_aligned/score/predictions/caco2_wang/validation_top3_average_seed_303.csv
caco2_wang,MAE,uniform_candidate_average,303,9,chem_fp_chemberta_kpgt_ept_xgb;chem_fp_chemberta_kpgt_xgb;chem_fp_xgb;deep_chemberta_kpgt_ept_ridge_linear;deep_chemberta_kpgt_ridge_linear;deep_chemberta_ridge_linear;deep_ept_ridge_linear;deep_kpgt_ept_ridge_linear;deep_kpgt_ridge_linear,0.35147375891330895,/mnt/data/projects/trimole_hybrid_revision_20260915/results_strict/revision_20260918_expanded_candidate_pool_controls_v4_threshold_aligned/score/predictions/caco2_wang/uniform_candidate_average_seed_303.csv
caco2_wang,MAE,validation_stacking,303,9,chem_fp_chemberta_kpgt_ept_xgb;chem_fp_chemberta_kpgt_xgb;chem_fp_xgb;deep_chemberta_kpgt_ept_ridge_linear;deep_chemberta_kpgt_ridge_linear;deep_chemberta_ridge_linear;deep_ept_ridge_linear;deep_kpgt_ept_ridge_linear;deep_kpgt_ridge_linear,0.3166191414892034,/mnt/data/projects/trimole_hybrid_revision_20260915/results_strict/revision_20260918_expanded_candidate_pool_controls_v4_threshold_aligned/score/predictions/caco2_wang/validation_stacking_seed_303.csv
caco2_wang,MAE,global_single,404,9,chem_fp_chemberta_kpgt_ept_xgb,0.39342909945054955,/mnt/data/projects/trimole_hybrid_revision_20260915/results_strict/revision_20260918_expanded_candidate_pool_controls_v4_threshold_aligned/score/predictions/caco2_wang/global_single_seed_404.csv
caco2_wang,MAE,per_task_single,404,9,chem_fp_chemberta_kpgt_ept_xgb,0.39342909945054955,/mnt/data/projects/trimole_hybrid_revision_20260915/results_strict/revision_20260918_expanded_candidate_pool_controls_v4_threshold_aligned/score/predictions/caco2_wang/per_task_single_seed_404.csv
caco2_wang,MAE,validation_top2_average,404,9,chem_fp_chemberta_kpgt_ept_xgb;chem_fp_chemberta_kpgt_xgb,0.3258368653846155,/mnt/data/projects/trimole_hybrid_revision_20260915/results_strict/revision_20260918_expanded_candidate_pool_controls_v4_threshold_aligned/score/predictions/caco2_wang/validation_top2_average_seed_404.csv
caco2_wang,MAE,validation_top3_average,404,9,chem_fp_chemberta_kpgt_ept_xgb;chem_fp_chemberta_kpgt_xgb;chem_fp_xgb,0.30117169212454215,/mnt/data/projects/trimole_hybrid_revision_20260915/results_strict/revision_20260918_expanded_candidate_pool_controls_v4_threshold_aligned/score/predictions/caco2_wang/validation_top3_average_seed_404.csv
caco2_wang,MAE,uniform_candidate_average,404,9,chem_fp_chemberta_kpgt_ept_xgb;chem_fp_chemberta_kpgt_xgb;chem_fp_xgb;deep_chemberta_kpgt_ept_ridge_linear;deep_chemberta_kpgt_ridge_linear;deep_chemberta_ridge_linear;deep_ept_ridge_linear;deep_kpgt_ept_ridge_linear;deep_kpgt_ridge_linear,0.35023113083028085,/mnt/data/projects/trimole_hybrid_revision_20260915/results_strict/revision_20260918_expanded_candidate_pool_controls_v4_threshold_aligned/score/predictions/caco2_wang/uniform_candidate_average_seed_404.csv
caco2_wang,MAE,validation_stacking,404,9,chem_fp_chemberta_kpgt_ept_xgb;chem_fp_chemberta_kpgt_xgb;chem_fp_xgb;deep_chemberta_kpgt_ept_ridge_linear;deep_chemberta_kpgt_ridge_linear;deep_chemberta_ridge_linear;deep_ept_ridge_linear;deep_kpgt_ept_ridge_linear;deep_kpgt_ridge_linear,0.3589419298575783,/mnt/data/projects/trimole_hybrid_revision_20260915/results_strict/revision_20260918_expanded_candidate_pool_controls_v4_threshold_aligned/score/predictions/caco2_wang/validation_stacking_seed_404.csv
caco2_wang,MAE,global_single,505,9,chem_fp_chemberta_kpgt_ept_xgb,0.35597777582417583,/mnt/data/projects/trimole_hybrid_revision_20260915/results_strict/revision_20260918_expanded_candidate_pool_controls_v4_threshold_aligned/score/predictions/caco2_wang/global_single_seed_505.csv
caco2_wang,MAE,per_task_single,505,9,chem_fp_chemberta_kpgt_ept_xgb,0.35597777582417583,/mnt/data/projects/trimole_hybrid_revision_20260915/results_strict/revision_20260918_expanded_candidate_pool_controls_v4_threshold_aligned/score/predictions/caco2_wang/per_task_single_seed_505.csv
caco2_wang,MAE,validation_top2_average,505,9,chem_fp_chemberta_kpgt_ept_xgb;chem_fp_chemberta_kpgt_xgb,0.32247390329670333,/mnt/data/projects/trimole_hybrid_revision_20260915/results_strict/revision_20260918_expanded_candidate_pool_controls_v4_threshold_aligned/score/predictions/caco2_wang/validation_top2_average_seed_505.csv
caco2_wang,MAE,validation_top3_average,505,9,chem_fp_chemberta_kpgt_ept_xgb;chem_fp_chemberta_kpgt_xgb;chem_fp_xgb,0.30559027912087927,/mnt/data/projects/trimole_hybrid_revision_20260915/results_strict/revision_20260918_expanded_candidate_pool_controls_v4_threshold_aligned/score/predictions/caco2_wang/validation_top3_average_seed_505.csv
caco2_wang,MAE,uniform_candidate_average,505,9,chem_fp_chemberta_kpgt_ept_xgb;chem_fp_chemberta_kpgt_xgb;chem_fp_xgb;deep_chemberta_kpgt_ept_ridge_linear;deep_chemberta_kpgt_ridge_linear;deep_chemberta_ridge_linear;deep_ept_ridge_linear;deep_kpgt_ept_ridge_linear;deep_kpgt_ridge_linear,0.34848071733821745,/mnt/data/projects/trimole_hybrid_revision_20260915/results_strict/revision_20260918_expanded_candidate_pool_controls_v4_threshold_aligned/score/predictions/caco2_wang/uniform_candidate_average_seed_505.csv
caco2_wang,MAE,validation_stacking,505,9,chem_fp_chemberta_kpgt_ept_xgb;chem_fp_chemberta_kpgt_xgb;chem_fp_xgb;deep_chemberta_kpgt_ept_ridge_linear;deep_chemberta_kpgt_ridge_linear;deep_chemberta_ridge_linear;deep_ept_ridge_linear;deep_kpgt_ept_ridge_linear;deep_kpgt_ridge_linear,0.36541554425670786,/mnt/data/projects/trimole_hybrid_revision_20260915/results_strict/revision_20260918_expanded_candidate_pool_controls_v4_threshold_aligned/score/predictions/caco2_wang/validation_stacking_seed_505.csv
clearance_hepatocyte_az,Spearman,global_single,101,9,chem_fp_chemberta_kpgt_ept_xgb,0.1788322549824511,/mnt/data/projects/trimole_hybrid_revision_20260915/results_strict/revision_20260918_expanded_candidate_pool_controls_v4_threshold_aligned/score/predictions/clearance_hepatocyte_az/global_single_seed_101.csv
clearance_hepatocyte_az,Spearman,per_task_single,101,9,chem_fp_chemberta_kpgt_ept_xgb,0.1788322549824511,/mnt/data/projects/trimole_hybrid_revision_20260915/results_strict/revision_20260918_expanded_candidate_pool_controls_v4_threshold_aligned/score/predictions/clearance_hepatocyte_az/per_task_single_seed_101.csv
clearance_hepatocyte_az,Spearman,validation_top2_average,101,9,chem_fp_chemberta_kpgt_ept_xgb;deep_ept_ridge_linear,0.23667996406266295,/mnt/data/projects/trimole_hybrid_revision_20260915/results_strict/revision_20260918_expanded_candidate_pool_controls_v4_threshold_aligned/score/predictions/clearance_hepatocyte_az/validation_top2_average_seed_101.csv
clearance_hepatocyte_az,Spearman,validation_top3_average,101,9,chem_fp_chemberta_kpgt_ept_xgb;deep_ept_ridge_linear;chem_fp_chemberta_kpgt_xgb,0.34834080727606664,/mnt/data/projects/trimole_hybrid_revision_20260915/results_strict/revision_20260918_expanded_candidate_pool_controls_v4_threshold_aligned/score/predictions/clearance_hepatocyte_az/validation_top3_average_seed_101.csv
clearance_hepatocyte_az,Spearman,uniform_candidate_average,101,9,chem_fp_chemberta_kpgt_ept_xgb;chem_fp_chemberta_kpgt_xgb;chem_fp_xgb;deep_chemberta_kpgt_ept_ridge_linear;deep_chemberta_kpgt_ridge_linear;deep_chemberta_ridge_linear;deep_ept_ridge_linear;deep_kpgt_ept_ridge_linear;deep_kpgt_ridge_linear,0.49541355452546226,/mnt/data/projects/trimole_hybrid_revision_20260915/results_strict/revision_20260918_expanded_candidate_pool_controls_v4_threshold_aligned/score/predictions/clearance_hepatocyte_az/uniform_candidate_average_seed_101.csv
clearance_hepatocyte_az,Spearman,validation_stacking,101,9,chem_fp_chemberta_kpgt_ept_xgb;chem_fp_chemberta_kpgt_xgb;chem_fp_xgb;deep_chemberta_kpgt_ept_ridge_linear;deep_chemberta_kpgt_ridge_linear;deep_chemberta_ridge_linear;deep_ept_ridge_linear;deep_kpgt_ept_ridge_linear;deep_kpgt_ridge_linear,0.3856821158292439,/mnt/data/projects/trimole_hybrid_revision_20260915/results_strict/revision_20260918_expanded_candidate_pool_controls_v4_threshold_aligned/score/predictions/clearance_hepatocyte_az/validation_stacking_seed_101.csv
clearance_hepatocyte_az,Spearman,global_single,202,9,chem_fp_chemberta_kpgt_ept_xgb,0.2237859050616826,/mnt/data/projects/trimole_hybrid_revision_20260915/results_strict/revision_20260918_expanded_candidate_pool_controls_v4_threshold_aligned/score/predictions/clearance_hepatocyte_az/global_single_seed_202.csv
clearance_hepatocyte_az,Spearman,per_task_single,202,9,chem_fp_chemberta_kpgt_ept_xgb,0.2237859050616826,/mnt/data/projects/trimole_hybrid_revision_20260915/results_strict/revision_20260918_expanded_candidate_pool_controls_v4_threshold_aligned/score/predictions/clearance_hepatocyte_az/per_task_single_seed_202.csv
clearance_hepatocyte_az,Spearman,validation_top2_average,202,9,chem_fp_chemberta_kpgt_ept_xgb;deep_ept_ridge_linear,0.25233111384748386,/mnt/data/projects/trimole_hybrid_revision_20260915/results_strict/revision_20260918_expanded_candidate_pool_controls_v4_threshold_aligned/score/predictions/clearance_hepatocyte_az/validation_top2_average_seed_202.csv
clearance_hepatocyte_az,Spearman,validation_top3_average,202,9,chem_fp_chemberta_kpgt_ept_xgb;deep_ept_ridge_linear;chem_fp_chemberta_kpgt_xgb,0.346519752968866,/mnt/data/projects/trimole_hybrid_revision_20260915/results_strict/revision_20260918_expanded_candidate_pool_controls_v4_threshold_aligned/score/predictions/clearance_hepatocyte_az/validation_top3_average_seed_202.csv
clearance_hepatocyte_az,Spearman,uniform_candidate_average,202,9,chem_fp_chemberta_kpgt_ept_xgb;chem_fp_chemberta_kpgt_xgb;chem_fp_xgb;deep_chemberta_kpgt_ept_ridge_linear;deep_chemberta_kpgt_ridge_linear;deep_chemberta_ridge_linear;deep_ept_ridge_linear;deep_kpgt_ept_ridge_linear;deep_kpgt_ridge_linear,0.4937837029333814,/mnt/data/projects/trimole_hybrid_revision_20260915/results_strict/revision_20260918_expanded_candidate_pool_controls_v4_threshold_aligned/score/predictions/clearance_hepatocyte_az/uniform_candidate_average_seed_202.csv
clearance_hepatocyte_az,Spearman,validation_stacking,202,9,chem_fp_chemberta_kpgt_ept_xgb;chem_fp_chemberta_kpgt_xgb;chem_fp_xgb;deep_chemberta_kpgt_ept_ridge_linear;deep_chemberta_kpgt_ridge_linear;deep_chemberta_ridge_linear;deep_ept_ridge_linear;deep_kpgt_ept_ridge_linear;deep_kpgt_ridge_linear,0.37562954406375737,/mnt/data/projects/trimole_hybrid_revision_20260915/results_strict/revision_20260918_expanded_candidate_pool_controls_v4_threshold_aligned/score/predictions/clearance_hepatocyte_az/validation_stacking_seed_202.csv
clearance_hepatocyte_az,Spearman,global_single,303,9,chem_fp_chemberta_kpgt_ept_xgb,0.18954521727095366,/mnt/data/projects/trimole_hybrid_revision_20260915/results_strict/revision_20260918_expanded_candidate_pool_controls_v4_threshold_aligned/score/predictions/clearance_hepatocyte_az/global_single_seed_303.csv
clearance_hepatocyte_az,Spearman,per_task_single,303,9,chem_fp_chemberta_kpgt_ept_xgb,0.18954521727095366,/mnt/data/projects/trimole_hybrid_revision_20260915/results_strict/revision_20260918_expanded_candidate_pool_controls_v4_threshold_aligned/score/predictions/clearance_hepatocyte_az/per_task_single_seed_303.csv
clearance_hepatocyte_az,Spearman,validation_top2_average,303,9,chem_fp_chemberta_kpgt_ept_xgb;deep_ept_ridge_linear,0.2410002823947394,/mnt/data/projects/trimole_hybrid_revision_20260915/results_strict/revision_20260918_expanded_candidate_pool_controls_v4_threshold_aligned/score/predictions/clearance_hepatocyte_az/validation_top2_average_seed_303.csv
clearance_hepatocyte_az,Spearman,validation_top3_average,303,9,chem_fp_chemberta_kpgt_ept_xgb;deep_ept_ridge_linear;chem_fp_chemberta_kpgt_xgb,0.3503549457902331,/mnt/data/projects/trimole_hybrid_revision_20260915/results_strict/revision_20260918_expanded_candidate_pool_controls_v4_threshold_aligned/score/predictions/clearance_hepatocyte_az/validation_top3_average_seed_303.csv
clearance_hepatocyte_az,Spearman,uniform_candidate_average,303,9,chem_fp_chemberta_kpgt_ept_xgb;chem_fp_chemberta_kpgt_xgb;chem_fp_xgb;deep_chemberta_kpgt_ept_ridge_linear;deep_chemberta_kpgt_ridge_linear;deep_chemberta_ridge_linear;deep_ept_ridge_linear;deep_kpgt_ept_ridge_linear;deep_kpgt_ridge_linear,0.4965893160219144,/mnt/data/projects/trimole_hybrid_revision_20260915/results_strict/revision_20260918_expanded_candidate_pool_controls_v4_threshold_aligned/score/predictions/clearance_hepatocyte_az/uniform_candidate_average_seed_303.csv
clearance_hepatocyte_az,Spearman,validation_stacking,303,9,chem_fp_chemberta_kpgt_ept_xgb;chem_fp_chemberta_kpgt_xgb;chem_fp_xgb;deep_chemberta_kpgt_ept_ridge_linear;deep_chemberta_kpgt_ridge_linear;deep_chemberta_ridge_linear;deep_ept_ridge_linear;deep_kpgt_ept_ridge_linear;deep_kpgt_ridge_linear,0.4165535212945036,/mnt/data/projects/trimole_hybrid_revision_20260915/results_strict/revision_20260918_expanded_candidate_pool_controls_v4_threshold_aligned/score/predictions/clearance_hepatocyte_az/validation_stacking_seed_303.csv
clearance_hepatocyte_az,Spearman,global_single,404,9,chem_fp_chemberta_kpgt_ept_xgb,0.2136018912720922,/mnt/data/projects/trimole_hybrid_revision_20260915/results_strict/revision_20260918_expanded_candidate_pool_controls_v4_threshold_aligned/score/predictions/clearance_hepatocyte_az/global_single_seed_404.csv
clearance_hepatocyte_az,Spearman,per_task_single,404,9,chem_fp_chemberta_kpgt_ept_xgb,0.2136018912720922,/mnt/data/projects/trimole_hybrid_revision_20260915/results_strict/revision_20260918_expanded_candidate_pool_controls_v4_threshold_aligned/score/predictions/clearance_hepatocyte_az/per_task_single_seed_404.csv
clearance_hepatocyte_az,Spearman,validation_top2_average,404,9,chem_fp_chemberta_kpgt_ept_xgb;deep_ept_ridge_linear,0.24132751297610253,/mnt/data/projects/trimole_hybrid_revision_20260915/results_strict/revision_20260918_expanded_candidate_pool_controls_v4_threshold_aligned/score/predictions/clearance_hepatocyte_az/validation_top2_average_seed_404.csv
clearance_hepatocyte_az,Spearman,validation_top3_average,404,9,chem_fp_chemberta_kpgt_ept_xgb;deep_ept_ridge_linear;chem_fp_chemberta_kpgt_xgb,0.35746328455509335,/mnt/data/projects/trimole_hybrid_revision_20260915/results_strict/revision_20260918_expanded_candidate_pool_controls_v4_threshold_aligned/score/predictions/clearance_hepatocyte_az/validation_top3_average_seed_404.csv
clearance_hepatocyte_az,Spearman,uniform_candidate_average,404,9,chem_fp_chemberta_kpgt_ept_xgb;chem_fp_chemberta_kpgt_xgb;chem_fp_xgb;deep_chemberta_kpgt_ept_ridge_linear;deep_chemberta_kpgt_ridge_linear;deep_chemberta_ridge_linear;deep_ept_ridge_linear;deep_kpgt_ept_ridge_linear;deep_kpgt_ridge_linear,0.5002724445681426,/mnt/data/projects/trimole_hybrid_revision_20260915/results_strict/revision_20260918_expanded_candidate_pool_controls_v4_threshold_aligned/score/predictions/clearance_hepatocyte_az/uniform_candidate_average_seed_404.csv
clearance_hepatocyte_az,Spearman,validation_stacking,404,9,chem_fp_chemberta_kpgt_ept_xgb;chem_fp_chemberta_kpgt_xgb;chem_fp_xgb;deep_chemberta_kpgt_ept_ridge_linear;deep_chemberta_kpgt_ridge_linear;deep_chemberta_ridge_linear;deep_ept_ridge_linear;deep_kpgt_ept_ridge_linear;deep_kpgt_ridge_linear,0.4111426660477011,/mnt/data/projects/trimole_hybrid_revision_20260915/results_strict/revision_20260918_expanded_candidate_pool_controls_v4_threshold_aligned/score/predictions/clearance_hepatocyte_az/validation_stacking_seed_404.csv
clearance_hepatocyte_az,Spearman,global_single,505,9,chem_fp_chemberta_kpgt_ept_xgb,0.19583237529790412,/mnt/data/projects/trimole_hybrid_revision_20260915/results_strict/revision_20260918_expanded_candidate_pool_controls_v4_threshold_aligned/score/predictions/clearance_hepatocyte_az/global_single_seed_505.csv
clearance_hepatocyte_az,Spearman,per_task_single,505,9,chem_fp_chemberta_kpgt_ept_xgb,0.19583237529790412,/mnt/data/projects/trimole_hybrid_revision_20260915/results_strict/revision_20260918_expanded_candidate_pool_controls_v4_threshold_aligned/score/predictions/clearance_hepatocyte_az/per_task_single_seed_505.csv
clearance_hepatocyte_az,Spearman,validation_top2_average,505,9,chem_fp_chemberta_kpgt_ept_xgb;deep_ept_ridge_linear,0.23720667600155582,/mnt/data/projects/trimole_hybrid_revision_20260915/results_strict/revision_20260918_expanded_candidate_pool_controls_v4_threshold_aligned/score/predictions/clearance_hepatocyte_az/validation_top2_average_seed_505.csv
clearance_hepatocyte_az,Spearman,validation_top3_average,505,9,chem_fp_chemberta_kpgt_ept_xgb;deep_ept_ridge_linear;chem_fp_chemberta_kpgt_xgb,0.34837559983467103,/mnt/data/projects/trimole_hybrid_revision_20260915/results_strict/revision_20260918_expanded_candidate_pool_controls_v4_threshold_aligned/score/predictions/clearance_hepatocyte_az/validation_top3_average_seed_505.csv
clearance_hepatocyte_az,Spearman,uniform_candidate_average,505,9,chem_fp_chemberta_kpgt_ept_xgb;chem_fp_chemberta_kpgt_xgb;chem_fp_xgb;deep_chemberta_kpgt_ept_ridge_linear;deep_chemberta_kpgt_ridge_linear;deep_chemberta_ridge_linear;deep_ept_ridge_linear;deep_kpgt_ept_ridge_linear;deep_kpgt_ridge_linear,0.491183921618075,/mnt/data/projects/trimole_hybrid_revision_20260915/results_strict/revision_20260918_expanded_candidate_pool_controls_v4_threshold_aligned/score/predictions/clearance_hepatocyte_az/uniform_candidate_average_seed_505.csv
clearance_hepatocyte_az,Spearman,validation_stacking,505,9,chem_fp_chemberta_kpgt_ept_xgb;chem_fp_chemberta_kpgt_xgb;chem_fp_xgb;deep_chemberta_kpgt_ept_ridge_linear;deep_chemberta_kpgt_ridge_linear;deep_chemberta_ridge_linear;deep_ept_ridge_linear;deep_kpgt_ept_ridge_linear;deep_kpgt_ridge_linear,0.3716880756388876,/mnt/data/projects/trimole_hybrid_revision_20260915/results_strict/revision_20260918_expanded_candidate_pool_controls_v4_threshold_aligned/score/predictions/clearance_hepatocyte_az/validation_stacking_seed_505.csv
clearance_microsome_az,Spearman,global_single,101,9,chem_fp_chemberta_kpgt_ept_xgb,0.6119803547480969,/mnt/data/projects/trimole_hybrid_revision_20260915/results_strict/revision_20260918_expanded_candidate_pool_controls_v4_threshold_aligned/score/predictions/clearance_microsome_az/global_single_seed_101.csv
clearance_microsome_az,Spearman,per_task_single,101,9,deep_kpgt_ridge_linear,0.43820580696755745,/mnt/data/projects/trimole_hybrid_revision_20260915/results_strict/revision_20260918_expanded_candidate_pool_controls_v4_threshold_aligned/score/predictions/clearance_microsome_az/per_task_single_seed_101.csv
clearance_microsome_az,Spearman,validation_top2_average,101,9,deep_kpgt_ridge_linear;deep_kpgt_ept_ridge_linear,0.45846662328379,/mnt/data/projects/trimole_hybrid_revision_20260915/results_strict/revision_20260918_expanded_candidate_pool_controls_v4_threshold_aligned/score/predictions/clearance_microsome_az/validation_top2_average_seed_101.csv
clearance_microsome_az,Spearman,validation_top3_average,101,9,deep_kpgt_ridge_linear;deep_kpgt_ept_ridge_linear;chem_fp_chemberta_kpgt_ept_xgb,0.5662328314414817,/mnt/data/projects/trimole_hybrid_revision_20260915/results_strict/revision_20260918_expanded_candidate_pool_controls_v4_threshold_aligned/score/predictions/clearance_microsome_az/validation_top3_average_seed_101.csv
clearance_microsome_az,Spearman,uniform_candidate_average,101,9,chem_fp_chemberta_kpgt_ept_xgb;chem_fp_chemberta_kpgt_xgb;chem_fp_xgb;deep_chemberta_kpgt_ept_ridge_linear;deep_chemberta_kpgt_ridge_linear;deep_chemberta_ridge_linear;deep_ept_ridge_linear;deep_kpgt_ept_ridge_linear;deep_kpgt_ridge_linear,0.6285907176922245,/mnt/data/projects/trimole_hybrid_revision_20260915/results_strict/revision_20260918_expanded_candidate_pool_controls_v4_threshold_aligned/score/predictions/clearance_microsome_az/uniform_candidate_average_seed_101.csv
clearance_microsome_az,Spearman,validation_stacking,101,9,chem_fp_chemberta_kpgt_ept_xgb;chem_fp_chemberta_kpgt_xgb;chem_fp_xgb;deep_chemberta_kpgt_ept_ridge_linear;deep_chemberta_kpgt_ridge_linear;deep_chemberta_ridge_linear;deep_ept_ridge_linear;deep_kpgt_ept_ridge_linear;deep_kpgt_ridge_linear,0.45837511728885866,/mnt/data/projects/trimole_hybrid_revision_20260915/results_strict/revision_20260918_expanded_candidate_pool_controls_v4_threshold_aligned/score/predictions/clearance_microsome_az/validation_stacking_seed_101.csv
clearance_microsome_az,Spearman,global_single,202,9,chem_fp_chemberta_kpgt_ept_xgb,0.5993569788462393,/mnt/data/projects/trimole_hybrid_revision_20260915/results_strict/revision_20260918_expanded_candidate_pool_controls_v4_threshold_aligned/score/predictions/clearance_microsome_az/global_single_seed_202.csv
clearance_microsome_az,Spearman,per_task_single,202,9,deep_kpgt_ridge_linear,0.43820580696755745,/mnt/data/projects/trimole_hybrid_revision_20260915/results_strict/revision_20260918_expanded_candidate_pool_controls_v4_threshold_aligned/score/predictions/clearance_microsome_az/per_task_single_seed_202.csv
clearance_microsome_az,Spearman,validation_top2_average,202,9,deep_kpgt_ridge_linear;deep_kpgt_ept_ridge_linear,0.45846662328379,/mnt/data/projects/trimole_hybrid_revision_20260915/results_strict/revision_20260918_expanded_candidate_pool_controls_v4_threshold_aligned/score/predictions/clearance_microsome_az/validation_top2_average_seed_202.csv
clearance_microsome_az,Spearman,validation_top3_average,202,9,deep_kpgt_ridge_linear;deep_kpgt_ept_ridge_linear;chem_fp_chemberta_kpgt_ept_xgb,0.5609090845658603,/mnt/data/projects/trimole_hybrid_revision_20260915/results_strict/revision_20260918_expanded_candidate_pool_controls_v4_threshold_aligned/score/predictions/clearance_microsome_az/validation_top3_average_seed_202.csv
clearance_microsome_az,Spearman,uniform_candidate_average,202,9,chem_fp_chemberta_kpgt_ept_xgb;chem_fp_chemberta_kpgt_xgb;chem_fp_xgb;deep_chemberta_kpgt_ept_ridge_linear;deep_chemberta_kpgt_ridge_linear;deep_chemberta_ridge_linear;deep_ept_ridge_linear;deep_kpgt_ept_ridge_linear;deep_kpgt_ridge_linear,0.6296104728562134,/mnt/data/projects/trimole_hybrid_revision_20260915/results_strict/revision_20260918_expanded_candidate_pool_controls_v4_threshold_aligned/score/predictions/clearance_microsome_az/uniform_candidate_average_seed_202.csv
clearance_microsome_az,Spearman,validation_stacking,202,9,chem_fp_chemberta_kpgt_ept_xgb;chem_fp_chemberta_kpgt_xgb;chem_fp_xgb;deep_chemberta_kpgt_ept_ridge_linear;deep_chemberta_kpgt_ridge_linear;deep_chemberta_ridge_linear;deep_ept_ridge_linear;deep_kpgt_ept_ridge_linear;deep_kpgt_ridge_linear,0.45899776445305474,/mnt/data/projects/trimole_hybrid_revision_20260915/results_strict/revision_20260918_expanded_candidate_pool_controls_v4_threshold_aligned/score/predictions/clearance_microsome_az/validation_stacking_seed_202.csv
clearance_microsome_az,Spearman,global_single,303,9,chem_fp_chemberta_kpgt_ept_xgb,0.5867921181432065,/mnt/data/projects/trimole_hybrid_revision_20260915/results_strict/revision_20260918_expanded_candidate_pool_controls_v4_threshold_aligned/score/predictions/clearance_microsome_az/global_single_seed_303.csv
clearance_microsome_az,Spearman,per_task_single,303,9,deep_kpgt_ridge_linear,0.43820580696755745,/mnt/data/projects/trimole_hybrid_revision_20260915/results_strict/revision_20260918_expanded_candidate_pool_controls_v4_threshold_aligned/score/predictions/clearance_microsome_az/per_task_single_seed_303.csv
clearance_microsome_az,Spearman,validation_top2_average,303,9,deep_kpgt_ridge_linear;deep_kpgt_ept_ridge_linear,0.45846662328379,/mnt/data/projects/trimole_hybrid_revision_20260915/results_strict/revision_20260918_expanded_candidate_pool_controls_v4_threshold_aligned/score/predictions/clearance_microsome_az/validation_top2_average_seed_303.csv
clearance_microsome_az,Spearman,validation_top3_average,303,9,deep_kpgt_ridge_linear;deep_kpgt_ept_ridge_linear;chem_fp_chemberta_kpgt_ept_xgb,0.5547024967293258,/mnt/data/projects/trimole_hybrid_revision_20260915/results_strict/revision_20260918_expanded_candidate_pool_controls_v4_threshold_aligned/score/predictions/clearance_microsome_az/validation_top3_average_seed_303.csv
clearance_microsome_az,Spearman,uniform_candidate_average,303,9,chem_fp_chemberta_kpgt_ept_xgb;chem_fp_chemberta_kpgt_xgb;chem_fp_xgb;deep_chemberta_kpgt_ept_ridge_linear;deep_chemberta_kpgt_ridge_linear;deep_chemberta_ridge_linear;deep_ept_ridge_linear;deep_kpgt_ept_ridge_linear;deep_kpgt_ridge_linear,0.6302507313909296,/mnt/data/projects/trimole_hybrid_revision_20260915/results_strict/revision_20260918_expanded_candidate_pool_controls_v4_threshold_aligned/score/predictions/clearance_microsome_az/uniform_candidate_average_seed_303.csv
clearance_microsome_az,Spearman,validation_stacking,303,9,chem_fp_chemberta_kpgt_ept_xgb;chem_fp_chemberta_kpgt_xgb;chem_fp_xgb;deep_chemberta_kpgt_ept_ridge_linear;deep_chemberta_kpgt_ridge_linear;deep_chemberta_ridge_linear;deep_ept_ridge_linear;deep_kpgt_ept_ridge_linear;deep_kpgt_ridge_linear,0.4469010253406219,/mnt/data/projects/trimole_hybrid_revision_20260915/results_strict/revision_20260918_expanded_candidate_pool_controls_v4_threshold_aligned/score/predictions/clearance_microsome_az/validation_stacking_seed_303.csv
clearance_microsome_az,Spearman,global_single,404,9,chem_fp_chemberta_kpgt_ept_xgb,0.5940968601479808,/mnt/data/projects/trimole_hybrid_revision_20260915/results_strict/revision_20260918_expanded_candidate_pool_controls_v4_threshold_aligned/score/predictions/clearance_microsome_az/global_single_seed_404.csv
clearance_microsome_az,Spearman,per_task_single,404,9,deep_kpgt_ridge_linear,0.4383013944035399,/mnt/data/projects/trimole_hybrid_revision_20260915/results_strict/revision_20260918_expanded_candidate_pool_controls_v4_threshold_aligned/score/predictions/clearance_microsome_az/per_task_single_seed_404.csv
clearance_microsome_az,Spearman,validation_top2_average,404,9,deep_kpgt_ridge_linear;deep_kpgt_ept_ridge_linear,0.45887953689115796,/mnt/data/projects/trimole_hybrid_revision_20260915/results_strict/revision_20260918_expanded_candidate_pool_controls_v4_threshold_aligned/score/predictions/clearance_microsome_az/validation_top2_average_seed_404.csv
clearance_microsome_az,Spearman,validation_top3_average,404,9,deep_kpgt_ridge_linear;deep_kpgt_ept_ridge_linear;chem_fp_chemberta_kpgt_ept_xgb,0.5611579161880481,/mnt/data/projects/trimole_hybrid_revision_20260915/results_strict/revision_20260918_expanded_candidate_pool_controls_v4_threshold_aligned/score/predictions/clearance_microsome_az/validation_top3_average_seed_404.csv
clearance_microsome_az,Spearman,uniform_candidate_average,404,9,chem_fp_chemberta_kpgt_ept_xgb;chem_fp_chemberta_kpgt_xgb;chem_fp_xgb;deep_chemberta_kpgt_ept_ridge_linear;deep_chemberta_kpgt_ridge_linear;deep_chemberta_ridge_linear;deep_ept_ridge_linear;deep_kpgt_ept_ridge_linear;deep_kpgt_ridge_linear,0.6256547317938986,/mnt/data/projects/trimole_hybrid_revision_20260915/results_strict/revision_20260918_expanded_candidate_pool_controls_v4_threshold_aligned/score/predictions/clearance_microsome_az/uniform_candidate_average_seed_404.csv
clearance_microsome_az,Spearman,validation_stacking,404,9,chem_fp_chemberta_kpgt_ept_xgb;chem_fp_chemberta_kpgt_xgb;chem_fp_xgb;deep_chemberta_kpgt_ept_ridge_linear;deep_chemberta_kpgt_ridge_linear;deep_chemberta_ridge_linear;deep_ept_ridge_linear;deep_kpgt_ept_ridge_linear;deep_kpgt_ridge_linear,0.4629620271462664,/mnt/data/projects/trimole_hybrid_revision_20260915/results_strict/revision_20260918_expanded_candidate_pool_controls_v4_threshold_aligned/score/predictions/clearance_microsome_az/validation_stacking_seed_404.csv
clearance_microsome_az,Spearman,global_single,505,9,chem_fp_chemberta_kpgt_ept_xgb,0.5850622270711473,/mnt/data/projects/trimole_hybrid_revision_20260915/results_strict/revision_20260918_expanded_candidate_pool_controls_v4_threshold_aligned/score/predictions/clearance_microsome_az/global_single_seed_505.csv
clearance_microsome_az,Spearman,per_task_single,505,9,deep_kpgt_ridge_linear,0.4383013944035399,/mnt/data/projects/trimole_hybrid_revision_20260915/results_strict/revision_20260918_expanded_candidate_pool_controls_v4_threshold_aligned/score/predictions/clearance_microsome_az/per_task_single_seed_505.csv
clearance_microsome_az,Spearman,validation_top2_average,505,9,deep_kpgt_ridge_linear;deep_kpgt_ept_ridge_linear,0.45887953689115796,/mnt/data/projects/trimole_hybrid_revision_20260915/results_strict/revision_20260918_expanded_candidate_pool_controls_v4_threshold_aligned/score/predictions/clearance_microsome_az/validation_top2_average_seed_505.csv
clearance_microsome_az,Spearman,validation_top3_average,505,9,deep_kpgt_ridge_linear;deep_kpgt_ept_ridge_linear;chem_fp_chemberta_kpgt_ept_xgb,0.5569397088941105,/mnt/data/projects/trimole_hybrid_revision_20260915/results_strict/revision_20260918_expanded_candidate_pool_controls_v4_threshold_aligned/score/predictions/clearance_microsome_az/validation_top3_average_seed_505.csv
clearance_microsome_az,Spearman,uniform_candidate_average,505,9,chem_fp_chemberta_kpgt_ept_xgb;chem_fp_chemberta_kpgt_xgb;chem_fp_xgb;deep_chemberta_kpgt_ept_ridge_linear;deep_chemberta_kpgt_ridge_linear;deep_chemberta_ridge_linear;deep_ept_ridge_linear;deep_kpgt_ept_ridge_linear;deep_kpgt_ridge_linear,0.6262523821741305,/mnt/data/projects/trimole_hybrid_revision_20260915/results_strict/revision_20260918_expanded_candidate_pool_controls_v4_threshold_aligned/score/predictions/clearance_microsome_az/uniform_candidate_average_seed_505.csv
clearance_microsome_az,Spearman,validation_stacking,505,9,chem_fp_chemberta_kpgt_ept_xgb;chem_fp_chemberta_kpgt_xgb;chem_fp_xgb;deep_chemberta_kpgt_ept_ridge_linear;deep_chemberta_kpgt_ridge_linear;deep_chemberta_ridge_linear;deep_ept_ridge_linear;deep_kpgt_ept_ridge_linear;deep_kpgt_ridge_linear,0.43927587001412627,/mnt/data/projects/trimole_hybrid_revision_20260915/results_strict/revision_20260918_expanded_candidate_pool_controls_v4_threshold_aligned/score/predictions/clearance_microsome_az/validation_stacking_seed_505.csv
cyp2c9_substrate_carbonmangels,AUPRC,global_single,101,9,chem_fp_chemberta_kpgt_ept_xgb,0.4517016156517738,/mnt/data/projects/trimole_hybrid_revision_20260915/results_strict/revision_20260918_expanded_candidate_pool_controls_v4_threshold_aligned/score/predictions/cyp2c9_substrate_carbonmangels/global_single_seed_101.csv
cyp2c9_substrate_carbonmangels,AUPRC,per_task_single,101,9,chem_fp_chemberta_kpgt_ept_xgb,0.4517016156517738,/mnt/data/projects/trimole_hybrid_revision_20260915/results_strict/revision_20260918_expanded_candidate_pool_controls_v4_threshold_aligned/score/predictions/cyp2c9_substrate_carbonmangels/per_task_single_seed_101.csv
cyp2c9_substrate_carbonmangels,AUPRC,validation_top2_average,101,9,chem_fp_chemberta_kpgt_ept_xgb;chem_fp_chemberta_kpgt_xgb,0.4676290373788434,/mnt/data/projects/trimole_hybrid_revision_20260915/results_strict/revision_20260918_expanded_candidate_pool_controls_v4_threshold_aligned/score/predictions/cyp2c9_substrate_carbonmangels/validation_top2_average_seed_101.csv
cyp2c9_substrate_carbonmangels,AUPRC,validation_top3_average,101,9,chem_fp_chemberta_kpgt_ept_xgb;chem_fp_chemberta_kpgt_xgb;chem_fp_xgb,0.4544161681981766,/mnt/data/projects/trimole_hybrid_revision_20260915/results_strict/revision_20260918_expanded_candidate_pool_controls_v4_threshold_aligned/score/predictions/cyp2c9_substrate_carbonmangels/validation_top3_average_seed_101.csv
cyp2c9_substrate_carbonmangels,AUPRC,uniform_candidate_average,101,9,chem_fp_chemberta_kpgt_ept_xgb;chem_fp_chemberta_kpgt_xgb;chem_fp_xgb;deep_chemberta_kpgt_ept_ridge_linear;deep_chemberta_kpgt_ridge_linear;deep_chemberta_ridge_linear;deep_ept_ridge_linear;deep_kpgt_ept_ridge_linear;deep_kpgt_ridge_linear,0.39159235856284563,/mnt/data/projects/trimole_hybrid_revision_20260915/results_strict/revision_20260918_expanded_candidate_pool_controls_v4_threshold_aligned/score/predictions/cyp2c9_substrate_carbonmangels/uniform_candidate_average_seed_101.csv
cyp2c9_substrate_carbonmangels,AUPRC,validation_stacking,101,9,chem_fp_chemberta_kpgt_ept_xgb;chem_fp_chemberta_kpgt_xgb;chem_fp_xgb;deep_chemberta_kpgt_ept_ridge_linear;deep_chemberta_kpgt_ridge_linear;deep_chemberta_ridge_linear;deep_ept_ridge_linear;deep_kpgt_ept_ridge_linear;deep_kpgt_ridge_linear,0.4226263763192079,/mnt/data/projects/trimole_hybrid_revision_20260915/results_strict/revision_20260918_expanded_candidate_pool_controls_v4_threshold_aligned/score/predictions/cyp2c9_substrate_carbonmangels/validation_stacking_seed_101.csv
cyp2c9_substrate_carbonmangels,AUPRC,global_single,202,9,chem_fp_chemberta_kpgt_ept_xgb,0.4378186450202014,/mnt/data/projects/trimole_hybrid_revision_20260915/results_strict/revision_20260918_expanded_candidate_pool_controls_v4_threshold_aligned/score/predictions/cyp2c9_substrate_carbonmangels/global_single_seed_202.csv
cyp2c9_substrate_carbonmangels,AUPRC,per_task_single,202,9,chem_fp_chemberta_kpgt_ept_xgb,0.4378186450202014,/mnt/data/projects/trimole_hybrid_revision_20260915/results_strict/revision_20260918_expanded_candidate_pool_controls_v4_threshold_aligned/score/predictions/cyp2c9_substrate_carbonmangels/per_task_single_seed_202.csv
cyp2c9_substrate_carbonmangels,AUPRC,validation_top2_average,202,9,chem_fp_chemberta_kpgt_ept_xgb;chem_fp_chemberta_kpgt_xgb,0.45101563932153255,/mnt/data/projects/trimole_hybrid_revision_20260915/results_strict/revision_20260918_expanded_candidate_pool_controls_v4_threshold_aligned/score/predictions/cyp2c9_substrate_carbonmangels/validation_top2_average_seed_202.csv
cyp2c9_substrate_carbonmangels,AUPRC,validation_top3_average,202,9,chem_fp_chemberta_kpgt_ept_xgb;chem_fp_chemberta_kpgt_xgb;chem_fp_xgb,0.44113130013740554,/mnt/data/projects/trimole_hybrid_revision_20260915/results_strict/revision_20260918_expanded_candidate_pool_controls_v4_threshold_aligned/score/predictions/cyp2c9_substrate_carbonmangels/validation_top3_average_seed_202.csv
cyp2c9_substrate_carbonmangels,AUPRC,uniform_candidate_average,202,9,chem_fp_chemberta_kpgt_ept_xgb;chem_fp_chemberta_kpgt_xgb;chem_fp_xgb;deep_chemberta_kpgt_ept_ridge_linear;deep_chemberta_kpgt_ridge_linear;deep_chemberta_ridge_linear;deep_ept_ridge_linear;deep_kpgt_ept_ridge_linear;deep_kpgt_ridge_linear,0.38955787244129825,/mnt/data/projects/trimole_hybrid_revision_20260915/results_strict/revision_20260918_expanded_candidate_pool_controls_v4_threshold_aligned/score/predictions/cyp2c9_substrate_carbonmangels/uniform_candidate_average_seed_202.csv
cyp2c9_substrate_carbonmangels,AUPRC,validation_stacking,202,9,chem_fp_chemberta_kpgt_ept_xgb;chem_fp_chemberta_kpgt_xgb;chem_fp_xgb;deep_chemberta_kpgt_ept_ridge_linear;deep_chemberta_kpgt_ridge_linear;deep_chemberta_ridge_linear;deep_ept_ridge_linear;deep_kpgt_ept_ridge_linear;deep_kpgt_ridge_linear,0.35539528370783163,/mnt/data/projects/trimole_hybrid_revision_20260915/results_strict/revision_20260918_expanded_candidate_pool_controls_v4_threshold_aligned/score/predictions/cyp2c9_substrate_carbonmangels/validation_stacking_seed_202.csv
cyp2c9_substrate_carbonmangels,AUPRC,global_single,303,9,chem_fp_chemberta_kpgt_ept_xgb,0.4081241384841745,/mnt/data/projects/trimole_hybrid_revision_20260915/results_strict/revision_20260918_expanded_candidate_pool_controls_v4_threshold_aligned/score/predictions/cyp2c9_substrate_carbonmangels/global_single_seed_303.csv
cyp2c9_substrate_carbonmangels,AUPRC,per_task_single,303,9,chem_fp_chemberta_kpgt_ept_xgb,0.4081241384841745,/mnt/data/projects/trimole_hybrid_revision_20260915/results_strict/revision_20260918_expanded_candidate_pool_controls_v4_threshold_aligned/score/predictions/cyp2c9_substrate_carbonmangels/per_task_single_seed_303.csv
cyp2c9_substrate_carbonmangels,AUPRC,validation_top2_average,303,9,chem_fp_chemberta_kpgt_ept_xgb;chem_fp_chemberta_kpgt_xgb,0.4161643692237293,/mnt/data/projects/trimole_hybrid_revision_20260915/results_strict/revision_20260918_expanded_candidate_pool_controls_v4_threshold_aligned/score/predictions/cyp2c9_substrate_carbonmangels/validation_top2_average_seed_303.csv
cyp2c9_substrate_carbonmangels,AUPRC,validation_top3_average,303,9,chem_fp_chemberta_kpgt_ept_xgb;chem_fp_chemberta_kpgt_xgb;chem_fp_xgb,0.42149339177435596,/mnt/data/projects/trimole_hybrid_revision_20260915/results_strict/revision_20260918_expanded_candidate_pool_controls_v4_threshold_aligned/score/predictions/cyp2c9_substrate_carbonmangels/validation_top3_average_seed_303.csv
cyp2c9_substrate_carbonmangels,AUPRC,uniform_candidate_average,303,9,chem_fp_chemberta_kpgt_ept_xgb;chem_fp_chemberta_kpgt_xgb;chem_fp_xgb;deep_chemberta_kpgt_ept_ridge_linear;deep_chemberta_kpgt_ridge_linear;deep_chemberta_ridge_linear;deep_ept_ridge_linear;deep_kpgt_ept_ridge_linear;deep_kpgt_ridge_linear,0.3867854563443205,/mnt/data/projects/trimole_hybrid_revision_20260915/results_strict/revision_20260918_expanded_candidate_pool_controls_v4_threshold_aligned/score/predictions/cyp2c9_substrate_carbonmangels/uniform_candidate_average_seed_303.csv
cyp2c9_substrate_carbonmangels,AUPRC,validation_stacking,303,9,chem_fp_chemberta_kpgt_ept_xgb;chem_fp_chemberta_kpgt_xgb;chem_fp_xgb;deep_chemberta_kpgt_ept_ridge_linear;deep_chemberta_kpgt_ridge_linear;deep_chemberta_ridge_linear;deep_ept_ridge_linear;deep_kpgt_ept_ridge_linear;deep_kpgt_ridge_linear,0.3988787963145029,/mnt/data/projects/trimole_hybrid_revision_20260915/results_strict/revision_20260918_expanded_candidate_pool_controls_v4_threshold_aligned/score/predictions/cyp2c9_substrate_carbonmangels/validation_stacking_seed_303.csv
cyp2c9_substrate_carbonmangels,AUPRC,global_single,404,9,chem_fp_chemberta_kpgt_ept_xgb,0.44536218528400817,/mnt/data/projects/trimole_hybrid_revision_20260915/results_strict/revision_20260918_expanded_candidate_pool_controls_v4_threshold_aligned/score/predictions/cyp2c9_substrate_carbonmangels/global_single_seed_404.csv
cyp2c9_substrate_carbonmangels,AUPRC,per_task_single,404,9,chem_fp_chemberta_kpgt_ept_xgb,0.44536218528400817,/mnt/data/projects/trimole_hybrid_revision_20260915/results_strict/revision_20260918_expanded_candidate_pool_controls_v4_threshold_aligned/score/predictions/cyp2c9_substrate_carbonmangels/per_task_single_seed_404.csv
cyp2c9_substrate_carbonmangels,AUPRC,validation_top2_average,404,9,chem_fp_chemberta_kpgt_ept_xgb;chem_fp_chemberta_kpgt_xgb,0.4234808072941075,/mnt/data/projects/trimole_hybrid_revision_20260915/results_strict/revision_20260918_expanded_candidate_pool_controls_v4_threshold_aligned/score/predictions/cyp2c9_substrate_carbonmangels/validation_top2_average_seed_404.csv
cyp2c9_substrate_carbonmangels,AUPRC,validation_top3_average,404,9,chem_fp_chemberta_kpgt_ept_xgb;chem_fp_chemberta_kpgt_xgb;chem_fp_xgb,0.42257139324535875,/mnt/data/projects/trimole_hybrid_revision_20260915/results_strict/revision_20260918_expanded_candidate_pool_controls_v4_threshold_aligned/score/predictions/cyp2c9_substrate_carbonmangels/validation_top3_average_seed_404.csv
cyp2c9_substrate_carbonmangels,AUPRC,uniform_candidate_average,404,9,chem_fp_chemberta_kpgt_ept_xgb;chem_fp_chemberta_kpgt_xgb;chem_fp_xgb;deep_chemberta_kpgt_ept_ridge_linear;deep_chemberta_kpgt_ridge_linear;deep_chemberta_ridge_linear;deep_ept_ridge_linear;deep_kpgt_ept_ridge_linear;deep_kpgt_ridge_linear,0.39815378127281476,/mnt/data/projects/trimole_hybrid_revision_20260915/results_strict/revision_20260918_expanded_candidate_pool_controls_v4_threshold_aligned/score/predictions/cyp2c9_substrate_carbonmangels/uniform_candidate_average_seed_404.csv
cyp2c9_substrate_carbonmangels,AUPRC,validation_stacking,404,9,chem_fp_chemberta_kpgt_ept_xgb;chem_fp_chemberta_kpgt_xgb;chem_fp_xgb;deep_chemberta_kpgt_ept_ridge_linear;deep_chemberta_kpgt_ridge_linear;deep_chemberta_ridge_linear;deep_ept_ridge_linear;deep_kpgt_ept_ridge_linear;deep_kpgt_ridge_linear,0.3828487925836125,/mnt/data/projects/trimole_hybrid_revision_20260915/results_strict/revision_20260918_expanded_candidate_pool_controls_v4_threshold_aligned/score/predictions/cyp2c9_substrate_carbonmangels/validation_stacking_seed_404.csv
cyp2c9_substrate_carbonmangels,AUPRC,global_single,505,9,chem_fp_chemberta_kpgt_ept_xgb,0.4157570643560989,/mnt/data/projects/trimole_hybrid_revision_20260915/results_strict/revision_20260918_expanded_candidate_pool_controls_v4_threshold_aligned/score/predictions/cyp2c9_substrate_carbonmangels/global_single_seed_505.csv
cyp2c9_substrate_carbonmangels,AUPRC,per_task_single,505,9,chem_fp_chemberta_kpgt_ept_xgb,0.4157570643560989,/mnt/data/projects/trimole_hybrid_revision_20260915/results_strict/revision_20260918_expanded_candidate_pool_controls_v4_threshold_aligned/score/predictions/cyp2c9_substrate_carbonmangels/per_task_single_seed_505.csv
cyp2c9_substrate_carbonmangels,AUPRC,validation_top2_average,505,9,chem_fp_chemberta_kpgt_ept_xgb;chem_fp_chemberta_kpgt_xgb,0.4297962540762434,/mnt/data/projects/trimole_hybrid_revision_20260915/results_strict/revision_20260918_expanded_candidate_pool_controls_v4_threshold_aligned/score/predictions/cyp2c9_substrate_carbonmangels/validation_top2_average_seed_505.csv
cyp2c9_substrate_carbonmangels,AUPRC,validation_top3_average,505,9,chem_fp_chemberta_kpgt_ept_xgb;chem_fp_chemberta_kpgt_xgb;chem_fp_xgb,0.43433381144558736,/mnt/data/projects/trimole_hybrid_revision_20260915/results_strict/revision_20260918_expanded_candidate_pool_controls_v4_threshold_aligned/score/predictions/cyp2c9_substrate_carbonmangels/validation_top3_average_seed_505.csv
cyp2c9_substrate_carbonmangels,AUPRC,uniform_candidate_average,505,9,chem_fp_chemberta_kpgt_ept_xgb;chem_fp_chemberta_kpgt_xgb;chem_fp_xgb;deep_chemberta_kpgt_ept_ridge_linear;deep_chemberta_kpgt_ridge_linear;deep_chemberta_ridge_linear;deep_ept_ridge_linear;deep_kpgt_ept_ridge_linear;deep_kpgt_ridge_linear,0.4070087344200731,/mnt/data/projects/trimole_hybrid_revision_20260915/results_strict/revision_20260918_expanded_candidate_pool_controls_v4_threshold_aligned/score/predictions/cyp2c9_substrate_carbonmangels/uniform_candidate_average_seed_505.csv
cyp2c9_substrate_carbonmangels,AUPRC,validation_stacking,505,9,chem_fp_chemberta_kpgt_ept_xgb;chem_fp_chemberta_kpgt_xgb;chem_fp_xgb;deep_chemberta_kpgt_ept_ridge_linear;deep_chemberta_kpgt_ridge_linear;deep_chemberta_ridge_linear;deep_ept_ridge_linear;deep_kpgt_ept_ridge_linear;deep_kpgt_ridge_linear,0.3408382515251239,/mnt/data/projects/trimole_hybrid_revision_20260915/results_strict/revision_20260918_expanded_candidate_pool_controls_v4_threshold_aligned/score/predictions/cyp2c9_substrate_carbonmangels/validation_stacking_seed_505.csv
cyp2c9_veith,AUPRC,global_single,101,9,chem_fp_chemberta_kpgt_ept_xgb,0.7501061660664152,/mnt/data/projects/trimole_hybrid_revision_20260915/results_strict/revision_20260918_expanded_candidate_pool_controls_v4_threshold_aligned/score/predictions/cyp2c9_veith/global_single_seed_101.csv
cyp2c9_veith,AUPRC,per_task_single,101,9,chem_fp_chemberta_kpgt_xgb,0.7700697697202045,/mnt/data/projects/trimole_hybrid_revision_20260915/results_strict/revision_20260918_expanded_candidate_pool_controls_v4_threshold_aligned/score/predictions/cyp2c9_veith/per_task_single_seed_101.csv
cyp2c9_veith,AUPRC,validation_top2_average,101,9,chem_fp_chemberta_kpgt_xgb;chem_fp_chemberta_kpgt_ept_xgb,0.7739620686475837,/mnt/data/projects/trimole_hybrid_revision_20260915/results_strict/revision_20260918_expanded_candidate_pool_controls_v4_threshold_aligned/score/predictions/cyp2c9_veith/validation_top2_average_seed_101.csv
cyp2c9_veith,AUPRC,validation_top3_average,101,9,chem_fp_chemberta_kpgt_xgb;chem_fp_chemberta_kpgt_ept_xgb;chem_fp_xgb,0.7753329118081808,/mnt/data/projects/trimole_hybrid_revision_20260915/results_strict/revision_20260918_expanded_candidate_pool_controls_v4_threshold_aligned/score/predictions/cyp2c9_veith/validation_top3_average_seed_101.csv
cyp2c9_veith,AUPRC,uniform_candidate_average,101,9,chem_fp_chemberta_kpgt_ept_xgb;chem_fp_chemberta_kpgt_xgb;chem_fp_xgb;deep_chemberta_kpgt_ept_ridge_linear;deep_chemberta_kpgt_ridge_linear;deep_chemberta_ridge_linear;deep_ept_ridge_linear;deep_kpgt_ept_ridge_linear;deep_kpgt_ridge_linear,0.7722883479836139,/mnt/data/projects/trimole_hybrid_revision_20260915/results_strict/revision_20260918_expanded_candidate_pool_controls_v4_threshold_aligned/score/predictions/cyp2c9_veith/uniform_candidate_average_seed_101.csv
cyp2c9_veith,AUPRC,validation_stacking,101,9,chem_fp_chemberta_kpgt_ept_xgb;chem_fp_chemberta_kpgt_xgb;chem_fp_xgb;deep_chemberta_kpgt_ept_ridge_linear;deep_chemberta_kpgt_ridge_linear;deep_chemberta_ridge_linear;deep_ept_ridge_linear;deep_kpgt_ept_ridge_linear;deep_kpgt_ridge_linear,0.7825800360921689,/mnt/data/projects/trimole_hybrid_revision_20260915/results_strict/revision_20260918_expanded_candidate_pool_controls_v4_threshold_aligned/score/predictions/cyp2c9_veith/validation_stacking_seed_101.csv
cyp2c9_veith,AUPRC,global_single,202,9,chem_fp_chemberta_kpgt_ept_xgb,0.750863391812554,/mnt/data/projects/trimole_hybrid_revision_20260915/results_strict/revision_20260918_expanded_candidate_pool_controls_v4_threshold_aligned/score/predictions/cyp2c9_veith/global_single_seed_202.csv
cyp2c9_veith,AUPRC,per_task_single,202,9,chem_fp_chemberta_kpgt_xgb,0.7718044291481836,/mnt/data/projects/trimole_hybrid_revision_20260915/results_strict/revision_20260918_expanded_candidate_pool_controls_v4_threshold_aligned/score/predictions/cyp2c9_veith/per_task_single_seed_202.csv
cyp2c9_veith,AUPRC,validation_top2_average,202,9,chem_fp_chemberta_kpgt_xgb;chem_fp_chemberta_kpgt_ept_xgb,0.7754297296756144,/mnt/data/projects/trimole_hybrid_revision_20260915/results_strict/revision_20260918_expanded_candidate_pool_controls_v4_threshold_aligned/score/predictions/cyp2c9_veith/validation_top2_average_seed_202.csv
cyp2c9_veith,AUPRC,validation_top3_average,202,9,chem_fp_chemberta_kpgt_xgb;chem_fp_chemberta_kpgt_ept_xgb;chem_fp_xgb,0.7757567839487428,/mnt/data/projects/trimole_hybrid_revision_20260915/results_strict/revision_20260918_expanded_candidate_pool_controls_v4_threshold_aligned/score/predictions/cyp2c9_veith/validation_top3_average_seed_202.csv
cyp2c9_veith,AUPRC,uniform_candidate_average,202,9,chem_fp_chemberta_kpgt_ept_xgb;chem_fp_chemberta_kpgt_xgb;chem_fp_xgb;deep_chemberta_kpgt_ept_ridge_linear;deep_chemberta_kpgt_ridge_linear;deep_chemberta_ridge_linear;deep_ept_ridge_linear;deep_kpgt_ept_ridge_linear;deep_kpgt_ridge_linear,0.7598180648893018,/mnt/data/projects/trimole_hybrid_revision_20260915/results_strict/revision_20260918_expanded_candidate_pool_controls_v4_threshold_aligned/score/predictions/cyp2c9_veith/uniform_candidate_average_seed_202.csv
cyp2c9_veith,AUPRC,validation_stacking,202,9,chem_fp_chemberta_kpgt_ept_xgb;chem_fp_chemberta_kpgt_xgb;chem_fp_xgb;deep_chemberta_kpgt_ept_ridge_linear;deep_chemberta_kpgt_ridge_linear;deep_chemberta_ridge_linear;deep_ept_ridge_linear;deep_kpgt_ept_ridge_linear;deep_kpgt_ridge_linear,0.7854983302707575,/mnt/data/projects/trimole_hybrid_revision_20260915/results_strict/revision_20260918_expanded_candidate_pool_controls_v4_threshold_aligned/score/predictions/cyp2c9_veith/validation_stacking_seed_202.csv
cyp2c9_veith,AUPRC,global_single,303,9,chem_fp_chemberta_kpgt_ept_xgb,0.7514315458581263,/mnt/data/projects/trimole_hybrid_revision_20260915/results_strict/revision_20260918_expanded_candidate_pool_controls_v4_threshold_aligned/score/predictions/cyp2c9_veith/global_single_seed_303.csv
cyp2c9_veith,AUPRC,per_task_single,303,9,chem_fp_chemberta_kpgt_xgb,0.7699182298671369,/mnt/data/projects/trimole_hybrid_revision_20260915/results_strict/revision_20260918_expanded_candidate_pool_controls_v4_threshold_aligned/score/predictions/cyp2c9_veith/per_task_single_seed_303.csv
cyp2c9_veith,AUPRC,validation_top2_average,303,9,chem_fp_chemberta_kpgt_xgb;chem_fp_chemberta_kpgt_ept_xgb,0.7743028512827348,/mnt/data/projects/trimole_hybrid_revision_20260915/results_strict/revision_20260918_expanded_candidate_pool_controls_v4_threshold_aligned/score/predictions/cyp2c9_veith/validation_top2_average_seed_303.csv
cyp2c9_veith,AUPRC,validation_top3_average,303,9,chem_fp_chemberta_kpgt_xgb;chem_fp_chemberta_kpgt_ept_xgb;chem_fp_xgb,0.7737496081611003,/mnt/data/projects/trimole_hybrid_revision_20260915/results_strict/revision_20260918_expanded_candidate_pool_controls_v4_threshold_aligned/score/predictions/cyp2c9_veith/validation_top3_average_seed_303.csv
cyp2c9_veith,AUPRC,uniform_candidate_average,303,9,chem_fp_chemberta_kpgt_ept_xgb;chem_fp_chemberta_kpgt_xgb;chem_fp_xgb;deep_chemberta_kpgt_ept_ridge_linear;deep_chemberta_kpgt_ridge_linear;deep_chemberta_ridge_linear;deep_ept_ridge_linear;deep_kpgt_ept_ridge_linear;deep_kpgt_ridge_linear,0.7588296303456943,/mnt/data/projects/trimole_hybrid_revision_20260915/results_strict/revision_20260918_expanded_candidate_pool_controls_v4_threshold_aligned/score/predictions/cyp2c9_veith/uniform_candidate_average_seed_303.csv
cyp2c9_veith,AUPRC,validation_stacking,303,9,chem_fp_chemberta_kpgt_ept_xgb;chem_fp_chemberta_kpgt_xgb;chem_fp_xgb;deep_chemberta_kpgt_ept_ridge_linear;deep_chemberta_kpgt_ridge_linear;deep_chemberta_ridge_linear;deep_ept_ridge_linear;deep_kpgt_ept_ridge_linear;deep_kpgt_ridge_linear,0.782836682157297,/mnt/data/projects/trimole_hybrid_revision_20260915/results_strict/revision_20260918_expanded_candidate_pool_controls_v4_threshold_aligned/score/predictions/cyp2c9_veith/validation_stacking_seed_303.csv
cyp2c9_veith,AUPRC,global_single,404,9,chem_fp_chemberta_kpgt_ept_xgb,0.7559351659667752,/mnt/data/projects/trimole_hybrid_revision_20260915/results_strict/revision_20260918_expanded_candidate_pool_controls_v4_threshold_aligned/score/predictions/cyp2c9_veith/global_single_seed_404.csv
cyp2c9_veith,AUPRC,per_task_single,404,9,chem_fp_chemberta_kpgt_xgb,0.7686000542390355,/mnt/data/projects/trimole_hybrid_revision_20260915/results_strict/revision_20260918_expanded_candidate_pool_controls_v4_threshold_aligned/score/predictions/cyp2c9_veith/per_task_single_seed_404.csv
cyp2c9_veith,AUPRC,validation_top2_average,404,9,chem_fp_chemberta_kpgt_xgb;chem_fp_chemberta_kpgt_ept_xgb,0.7761114803591506,/mnt/data/projects/trimole_hybrid_revision_20260915/results_strict/revision_20260918_expanded_candidate_pool_controls_v4_threshold_aligned/score/predictions/cyp2c9_veith/validation_top2_average_seed_404.csv
cyp2c9_veith,AUPRC,validation_top3_average,404,9,chem_fp_chemberta_kpgt_xgb;chem_fp_chemberta_kpgt_ept_xgb;chem_fp_xgb,0.7766850994793939,/mnt/data/projects/trimole_hybrid_revision_20260915/results_strict/revision_20260918_expanded_candidate_pool_controls_v4_threshold_aligned/score/predictions/cyp2c9_veith/validation_top3_average_seed_404.csv
cyp2c9_veith,AUPRC,uniform_candidate_average,404,9,chem_fp_chemberta_kpgt_ept_xgb;chem_fp_chemberta_kpgt_xgb;chem_fp_xgb;deep_chemberta_kpgt_ept_ridge_linear;deep_chemberta_kpgt_ridge_linear;deep_chemberta_ridge_linear;deep_ept_ridge_linear;deep_kpgt_ept_ridge_linear;deep_kpgt_ridge_linear,0.7631219167345731,/mnt/data/projects/trimole_hybrid_revision_20260915/results_strict/revision_20260918_expanded_candidate_pool_controls_v4_threshold_aligned/score/predictions/cyp2c9_veith/uniform_candidate_average_seed_404.csv
cyp2c9_veith,AUPRC,validation_stacking,404,9,chem_fp_chemberta_kpgt_ept_xgb;chem_fp_chemberta_kpgt_xgb;chem_fp_xgb;deep_chemberta_kpgt_ept_ridge_linear;deep_chemberta_kpgt_ridge_linear;deep_chemberta_ridge_linear;deep_ept_ridge_linear;deep_kpgt_ept_ridge_linear;deep_kpgt_ridge_linear,0.7779586993552476,/mnt/data/projects/trimole_hybrid_revision_20260915/results_strict/revision_20260918_expanded_candidate_pool_controls_v4_threshold_aligned/score/predictions/cyp2c9_veith/validation_stacking_seed_404.csv
cyp2c9_veith,AUPRC,global_single,505,9,chem_fp_chemberta_kpgt_ept_xgb,0.748923021010134,/mnt/data/projects/trimole_hybrid_revision_20260915/results_strict/revision_20260918_expanded_candidate_pool_controls_v4_threshold_aligned/score/predictions/cyp2c9_veith/global_single_seed_505.csv
cyp2c9_veith,AUPRC,per_task_single,505,9,chem_fp_chemberta_kpgt_xgb,0.7747174884083374,/mnt/data/projects/trimole_hybrid_revision_20260915/results_strict/revision_20260918_expanded_candidate_pool_controls_v4_threshold_aligned/score/predictions/cyp2c9_veith/per_task_single_seed_505.csv
cyp2c9_veith,AUPRC,validation_top2_average,505,9,chem_fp_chemberta_kpgt_xgb;chem_fp_chemberta_kpgt_ept_xgb,0.7785051726551171,/mnt/data/projects/trimole_hybrid_revision_20260915/results_strict/revision_20260918_expanded_candidate_pool_controls_v4_threshold_aligned/score/predictions/cyp2c9_veith/validation_top2_average_seed_505.csv
cyp2c9_veith,AUPRC,validation_top3_average,505,9,chem_fp_chemberta_kpgt_xgb;chem_fp_chemberta_kpgt_ept_xgb;chem_fp_xgb,0.7780660074270366,/mnt/data/projects/trimole_hybrid_revision_20260915/results_strict/revision_20260918_expanded_candidate_pool_controls_v4_threshold_aligned/score/predictions/cyp2c9_veith/validation_top3_average_seed_505.csv
cyp2c9_veith,AUPRC,uniform_candidate_average,505,9,chem_fp_chemberta_kpgt_ept_xgb;chem_fp_chemberta_kpgt_xgb;chem_fp_xgb;deep_chemberta_kpgt_ept_ridge_linear;deep_chemberta_kpgt_ridge_linear;deep_chemberta_ridge_linear;deep_ept_ridge_linear;deep_kpgt_ept_ridge_linear;deep_kpgt_ridge_linear,0.7608473218791691,/mnt/data/projects/trimole_hybrid_revision_20260915/results_strict/revision_20260918_expanded_candidate_pool_controls_v4_threshold_aligned/score/predictions/cyp2c9_veith/uniform_candidate_average_seed_505.csv
cyp2c9_veith,AUPRC,validation_stacking,505,9,chem_fp_chemberta_kpgt_ept_xgb;chem_fp_chemberta_kpgt_xgb;chem_fp_xgb;deep_chemberta_kpgt_ept_ridge_linear;deep_chemberta_kpgt_ridge_linear;deep_chemberta_ridge_linear;deep_ept_ridge_linear;deep_kpgt_ept_ridge_linear;deep_kpgt_ridge_linear,0.7816507749229886,/mnt/data/projects/trimole_hybrid_revision_20260915/results_strict/revision_20260918_expanded_candidate_pool_controls_v4_threshold_aligned/score/predictions/cyp2c9_veith/validation_stacking_seed_505.csv
cyp2d6_substrate_carbonmangels,AUPRC,global_single,101,9,chem_fp_chemberta_kpgt_ept_xgb,0.6858693209565192,/mnt/data/projects/trimole_hybrid_revision_20260915/results_strict/revision_20260918_expanded_candidate_pool_controls_v4_threshold_aligned/score/predictions/cyp2d6_substrate_carbonmangels/global_single_seed_101.csv
cyp2d6_substrate_carbonmangels,AUPRC,per_task_single,101,9,chem_fp_chemberta_kpgt_xgb,0.6985240233492779,/mnt/data/projects/trimole_hybrid_revision_20260915/results_strict/revision_20260918_expanded_candidate_pool_controls_v4_threshold_aligned/score/predictions/cyp2d6_substrate_carbonmangels/per_task_single_seed_101.csv
cyp2d6_substrate_carbonmangels,AUPRC,validation_top2_average,101,9,chem_fp_chemberta_kpgt_xgb;chem_fp_chemberta_kpgt_ept_xgb,0.6858774302564834,/mnt/data/projects/trimole_hybrid_revision_20260915/results_strict/revision_20260918_expanded_candidate_pool_controls_v4_threshold_aligned/score/predictions/cyp2d6_substrate_carbonmangels/validation_top2_average_seed_101.csv
cyp2d6_substrate_carbonmangels,AUPRC,validation_top3_average,101,9,chem_fp_chemberta_kpgt_xgb;chem_fp_chemberta_kpgt_ept_xgb;chem_fp_xgb,0.6834793272988418,/mnt/data/projects/trimole_hybrid_revision_20260915/results_strict/revision_20260918_expanded_candidate_pool_controls_v4_threshold_aligned/score/predictions/cyp2d6_substrate_carbonmangels/validation_top3_average_seed_101.csv
cyp2d6_substrate_carbonmangels,AUPRC,uniform_candidate_average,101,9,chem_fp_chemberta_kpgt_ept_xgb;chem_fp_chemberta_kpgt_xgb;chem_fp_xgb;deep_chemberta_kpgt_ept_ridge_linear;deep_chemberta_kpgt_ridge_linear;deep_chemberta_ridge_linear;deep_ept_ridge_linear;deep_kpgt_ept_ridge_linear;deep_kpgt_ridge_linear,0.6810824936868267,/mnt/data/projects/trimole_hybrid_revision_20260915/results_strict/revision_20260918_expanded_candidate_pool_controls_v4_threshold_aligned/score/predictions/cyp2d6_substrate_carbonmangels/uniform_candidate_average_seed_101.csv
cyp2d6_substrate_carbonmangels,AUPRC,validation_stacking,101,9,chem_fp_chemberta_kpgt_ept_xgb;chem_fp_chemberta_kpgt_xgb;chem_fp_xgb;deep_chemberta_kpgt_ept_ridge_linear;deep_chemberta_kpgt_ridge_linear;deep_chemberta_ridge_linear;deep_ept_ridge_linear;deep_kpgt_ept_ridge_linear;deep_kpgt_ridge_linear,0.5567485385198179,/mnt/data/projects/trimole_hybrid_revision_20260915/results_strict/revision_20260918_expanded_candidate_pool_controls_v4_threshold_aligned/score/predictions/cyp2d6_substrate_carbonmangels/validation_stacking_seed_101.csv
cyp2d6_substrate_carbonmangels,AUPRC,global_single,202,9,chem_fp_chemberta_kpgt_ept_xgb,0.6954693574581686,/mnt/data/projects/trimole_hybrid_revision_20260915/results_strict/revision_20260918_expanded_candidate_pool_controls_v4_threshold_aligned/score/predictions/cyp2d6_substrate_carbonmangels/global_single_seed_202.csv
cyp2d6_substrate_carbonmangels,AUPRC,per_task_single,202,9,chem_fp_chemberta_kpgt_xgb,0.7131217725673227,/mnt/data/projects/trimole_hybrid_revision_20260915/results_strict/revision_20260918_expanded_candidate_pool_controls_v4_threshold_aligned/score/predictions/cyp2d6_substrate_carbonmangels/per_task_single_seed_202.csv
cyp2d6_substrate_carbonmangels,AUPRC,validation_top2_average,202,9,chem_fp_chemberta_kpgt_xgb;chem_fp_chemberta_kpgt_ept_xgb,0.7084742620373095,/mnt/data/projects/trimole_hybrid_revision_20260915/results_strict/revision_20260918_expanded_candidate_pool_controls_v4_threshold_aligned/score/predictions/cyp2d6_substrate_carbonmangels/validation_top2_average_seed_202.csv
cyp2d6_substrate_carbonmangels,AUPRC,validation_top3_average,202,9,chem_fp_chemberta_kpgt_xgb;chem_fp_chemberta_kpgt_ept_xgb;chem_fp_xgb,0.6906311675337583,/mnt/data/projects/trimole_hybrid_revision_20260915/results_strict/revision_20260918_expanded_candidate_pool_controls_v4_threshold_aligned/score/predictions/cyp2d6_substrate_carbonmangels/validation_top3_average_seed_202.csv
cyp2d6_substrate_carbonmangels,AUPRC,uniform_candidate_average,202,9,chem_fp_chemberta_kpgt_ept_xgb;chem_fp_chemberta_kpgt_xgb;chem_fp_xgb;deep_chemberta_kpgt_ept_ridge_linear;deep_chemberta_kpgt_ridge_linear;deep_chemberta_ridge_linear;deep_ept_ridge_linear;deep_kpgt_ept_ridge_linear;deep_kpgt_ridge_linear,0.7027124737602315,/mnt/data/projects/trimole_hybrid_revision_20260915/results_strict/revision_20260918_expanded_candidate_pool_controls_v4_threshold_aligned/score/predictions/cyp2d6_substrate_carbonmangels/uniform_candidate_average_seed_202.csv
cyp2d6_substrate_carbonmangels,AUPRC,validation_stacking,202,9,chem_fp_chemberta_kpgt_ept_xgb;chem_fp_chemberta_kpgt_xgb;chem_fp_xgb;deep_chemberta_kpgt_ept_ridge_linear;deep_chemberta_kpgt_ridge_linear;deep_chemberta_ridge_linear;deep_ept_ridge_linear;deep_kpgt_ept_ridge_linear;deep_kpgt_ridge_linear,0.6501910464587565,/mnt/data/projects/trimole_hybrid_revision_20260915/results_strict/revision_20260918_expanded_candidate_pool_controls_v4_threshold_aligned/score/predictions/cyp2d6_substrate_carbonmangels/validation_stacking_seed_202.csv
cyp2d6_substrate_carbonmangels,AUPRC,global_single,303,9,chem_fp_chemberta_kpgt_ept_xgb,0.6792377627299502,/mnt/data/projects/trimole_hybrid_revision_20260915/results_strict/revision_20260918_expanded_candidate_pool_controls_v4_threshold_aligned/score/predictions/cyp2d6_substrate_carbonmangels/global_single_seed_303.csv
cyp2d6_substrate_carbonmangels,AUPRC,per_task_single,303,9,chem_fp_chemberta_kpgt_xgb,0.7043328060505554,/mnt/data/projects/trimole_hybrid_revision_20260915/results_strict/revision_20260918_expanded_candidate_pool_controls_v4_threshold_aligned/score/predictions/cyp2d6_substrate_carbonmangels/per_task_single_seed_303.csv
cyp2d6_substrate_carbonmangels,AUPRC,validation_top2_average,303,9,chem_fp_chemberta_kpgt_xgb;chem_fp_chemberta_kpgt_ept_xgb,0.6862594730355811,/mnt/data/projects/trimole_hybrid_revision_20260915/results_strict/revision_20260918_expanded_candidate_pool_controls_v4_threshold_aligned/score/predictions/cyp2d6_substrate_carbonmangels/validation_top2_average_seed_303.csv
cyp2d6_substrate_carbonmangels,AUPRC,validation_top3_average,303,9,chem_fp_chemberta_kpgt_xgb;chem_fp_chemberta_kpgt_ept_xgb;chem_fp_xgb,0.6621342886844211,/mnt/data/projects/trimole_hybrid_revision_20260915/results_strict/revision_20260918_expanded_candidate_pool_controls_v4_threshold_aligned/score/predictions/cyp2d6_substrate_carbonmangels/validation_top3_average_seed_303.csv
cyp2d6_substrate_carbonmangels,AUPRC,uniform_candidate_average,303,9,chem_fp_chemberta_kpgt_ept_xgb;chem_fp_chemberta_kpgt_xgb;chem_fp_xgb;deep_chemberta_kpgt_ept_ridge_linear;deep_chemberta_kpgt_ridge_linear;deep_chemberta_ridge_linear;deep_ept_ridge_linear;deep_kpgt_ept_ridge_linear;deep_kpgt_ridge_linear,0.6402178662020324,/mnt/data/projects/trimole_hybrid_revision_20260915/results_strict/revision_20260918_expanded_candidate_pool_controls_v4_threshold_aligned/score/predictions/cyp2d6_substrate_carbonmangels/uniform_candidate_average_seed_303.csv
cyp2d6_substrate_carbonmangels,AUPRC,validation_stacking,303,9,chem_fp_chemberta_kpgt_ept_xgb;chem_fp_chemberta_kpgt_xgb;chem_fp_xgb;deep_chemberta_kpgt_ept_ridge_linear;deep_chemberta_kpgt_ridge_linear;deep_chemberta_ridge_linear;deep_ept_ridge_linear;deep_kpgt_ept_ridge_linear;deep_kpgt_ridge_linear,0.6079070844419265,/mnt/data/projects/trimole_hybrid_revision_20260915/results_strict/revision_20260918_expanded_candidate_pool_controls_v4_threshold_aligned/score/predictions/cyp2d6_substrate_carbonmangels/validation_stacking_seed_303.csv
cyp2d6_substrate_carbonmangels,AUPRC,global_single,404,9,chem_fp_chemberta_kpgt_ept_xgb,0.6834375832188034,/mnt/data/projects/trimole_hybrid_revision_20260915/results_strict/revision_20260918_expanded_candidate_pool_controls_v4_threshold_aligned/score/predictions/cyp2d6_substrate_carbonmangels/global_single_seed_404.csv
cyp2d6_substrate_carbonmangels,AUPRC,per_task_single,404,9,chem_fp_chemberta_kpgt_xgb,0.7134740188762583,/mnt/data/projects/trimole_hybrid_revision_20260915/results_strict/revision_20260918_expanded_candidate_pool_controls_v4_threshold_aligned/score/predictions/cyp2d6_substrate_carbonmangels/per_task_single_seed_404.csv
cyp2d6_substrate_carbonmangels,AUPRC,validation_top2_average,404,9,chem_fp_chemberta_kpgt_xgb;chem_fp_chemberta_kpgt_ept_xgb,0.6885927603083939,/mnt/data/projects/trimole_hybrid_revision_20260915/results_strict/revision_20260918_expanded_candidate_pool_controls_v4_threshold_aligned/score/predictions/cyp2d6_substrate_carbonmangels/validation_top2_average_seed_404.csv
cyp2d6_substrate_carbonmangels,AUPRC,validation_top3_average,404,9,chem_fp_chemberta_kpgt_xgb;chem_fp_chemberta_kpgt_ept_xgb;chem_fp_xgb,0.6806725647863661,/mnt/data/projects/trimole_hybrid_revision_20260915/results_strict/revision_20260918_expanded_candidate_pool_controls_v4_threshold_aligned/score/predictions/cyp2d6_substrate_carbonmangels/validation_top3_average_seed_404.csv
cyp2d6_substrate_carbonmangels,AUPRC,uniform_candidate_average,404,9,chem_fp_chemberta_kpgt_ept_xgb;chem_fp_chemberta_kpgt_xgb;chem_fp_xgb;deep_chemberta_kpgt_ept_ridge_linear;deep_chemberta_kpgt_ridge_linear;deep_chemberta_ridge_linear;deep_ept_ridge_linear;deep_kpgt_ept_ridge_linear;deep_kpgt_ridge_linear,0.6756214468680136,/mnt/data/projects/trimole_hybrid_revision_20260915/results_strict/revision_20260918_expanded_candidate_pool_controls_v4_threshold_aligned/score/predictions/cyp2d6_substrate_carbonmangels/uniform_candidate_average_seed_404.csv
cyp2d6_substrate_carbonmangels,AUPRC,validation_stacking,404,9,chem_fp_chemberta_kpgt_ept_xgb;chem_fp_chemberta_kpgt_xgb;chem_fp_xgb;deep_chemberta_kpgt_ept_ridge_linear;deep_chemberta_kpgt_ridge_linear;deep_chemberta_ridge_linear;deep_ept_ridge_linear;deep_kpgt_ept_ridge_linear;deep_kpgt_ridge_linear,0.4949595280021579,/mnt/data/projects/trimole_hybrid_revision_20260915/results_strict/revision_20260918_expanded_candidate_pool_controls_v4_threshold_aligned/score/predictions/cyp2d6_substrate_carbonmangels/validation_stacking_seed_404.csv
cyp2d6_substrate_carbonmangels,AUPRC,global_single,505,9,chem_fp_chemberta_kpgt_ept_xgb,0.7036718905600814,/mnt/data/projects/trimole_hybrid_revision_20260915/results_strict/revision_20260918_expanded_candidate_pool_controls_v4_threshold_aligned/score/predictions/cyp2d6_substrate_carbonmangels/global_single_seed_505.csv
cyp2d6_substrate_carbonmangels,AUPRC,per_task_single,505,9,chem_fp_chemberta_kpgt_xgb,0.6810771352927186,/mnt/data/projects/trimole_hybrid_revision_20260915/results_strict/revision_20260918_expanded_candidate_pool_controls_v4_threshold_aligned/score/predictions/cyp2d6_substrate_carbonmangels/per_task_single_seed_505.csv
cyp2d6_substrate_carbonmangels,AUPRC,validation_top2_average,505,9,chem_fp_chemberta_kpgt_xgb;chem_fp_chemberta_kpgt_ept_xgb,0.6942704762778668,/mnt/data/projects/trimole_hybrid_revision_20260915/results_strict/revision_20260918_expanded_candidate_pool_controls_v4_threshold_aligned/score/predictions/cyp2d6_substrate_carbonmangels/validation_top2_average_seed_505.csv
cyp2d6_substrate_carbonmangels,AUPRC,validation_top3_average,505,9,chem_fp_chemberta_kpgt_xgb;chem_fp_chemberta_kpgt_ept_xgb;chem_fp_xgb,0.6836440197620771,/mnt/data/projects/trimole_hybrid_revision_20260915/results_strict/revision_20260918_expanded_candidate_pool_controls_v4_threshold_aligned/score/predictions/cyp2d6_substrate_carbonmangels/validation_top3_average_seed_505.csv
cyp2d6_substrate_carbonmangels,AUPRC,uniform_candidate_average,505,9,chem_fp_chemberta_kpgt_ept_xgb;chem_fp_chemberta_kpgt_xgb;chem_fp_xgb;deep_chemberta_kpgt_ept_ridge_linear;deep_chemberta_kpgt_ridge_linear;deep_chemberta_ridge_linear;deep_ept_ridge_linear;deep_kpgt_ept_ridge_linear;deep_kpgt_ridge_linear,0.7084022845474783,/mnt/data/projects/trimole_hybrid_revision_20260915/results_strict/revision_20260918_expanded_candidate_pool_controls_v4_threshold_aligned/score/predictions/cyp2d6_substrate_carbonmangels/uniform_candidate_average_seed_505.csv
cyp2d6_substrate_carbonmangels,AUPRC,validation_stacking,505,9,chem_fp_chemberta_kpgt_ept_xgb;chem_fp_chemberta_kpgt_xgb;chem_fp_xgb;deep_chemberta_kpgt_ept_ridge_linear;deep_chemberta_kpgt_ridge_linear;deep_chemberta_ridge_linear;deep_ept_ridge_linear;deep_kpgt_ept_ridge_linear;deep_kpgt_ridge_linear,0.6423409004450874,/mnt/data/projects/trimole_hybrid_revision_20260915/results_strict/revision_20260918_expanded_candidate_pool_controls_v4_threshold_aligned/score/predictions/cyp2d6_substrate_carbonmangels/validation_stacking_seed_505.csv
cyp2d6_veith,AUPRC,global_single,101,9,chem_fp_chemberta_kpgt_ept_xgb,0.6852589144483274,/mnt/data/projects/trimole_hybrid_revision_20260915/results_strict/revision_20260918_expanded_candidate_pool_controls_v4_threshold_aligned/score/predictions/cyp2d6_veith/global_single_seed_101.csv
cyp2d6_veith,AUPRC,per_task_single,101,9,chem_fp_chemberta_kpgt_xgb,0.7008360219135269,/mnt/data/projects/trimole_hybrid_revision_20260915/results_strict/revision_20260918_expanded_candidate_pool_controls_v4_threshold_aligned/score/predictions/cyp2d6_veith/per_task_single_seed_101.csv
cyp2d6_veith,AUPRC,validation_top2_average,101,9,chem_fp_chemberta_kpgt_xgb;chem_fp_chemberta_kpgt_ept_xgb,0.7121838580740046,/mnt/data/projects/trimole_hybrid_revision_20260915/results_strict/revision_20260918_expanded_candidate_pool_controls_v4_threshold_aligned/score/predictions/cyp2d6_veith/validation_top2_average_seed_101.csv
cyp2d6_veith,AUPRC,validation_top3_average,101,9,chem_fp_chemberta_kpgt_xgb;chem_fp_chemberta_kpgt_ept_xgb;chem_fp_xgb,0.7105101604983421,/mnt/data/projects/trimole_hybrid_revision_20260915/results_strict/revision_20260918_expanded_candidate_pool_controls_v4_threshold_aligned/score/predictions/cyp2d6_veith/validation_top3_average_seed_101.csv
cyp2d6_veith,AUPRC,uniform_candidate_average,101,9,chem_fp_chemberta_kpgt_ept_xgb;chem_fp_chemberta_kpgt_xgb;chem_fp_xgb;deep_chemberta_kpgt_ept_ridge_linear;deep_chemberta_kpgt_ridge_linear;deep_chemberta_ridge_linear;deep_ept_ridge_linear;deep_kpgt_ept_ridge_linear;deep_kpgt_ridge_linear,0.6515682806316059,/mnt/data/projects/trimole_hybrid_revision_20260915/results_strict/revision_20260918_expanded_candidate_pool_controls_v4_threshold_aligned/score/predictions/cyp2d6_veith/uniform_candidate_average_seed_101.csv
cyp2d6_veith,AUPRC,validation_stacking,101,9,chem_fp_chemberta_kpgt_ept_xgb;chem_fp_chemberta_kpgt_xgb;chem_fp_xgb;deep_chemberta_kpgt_ept_ridge_linear;deep_chemberta_kpgt_ridge_linear;deep_chemberta_ridge_linear;deep_ept_ridge_linear;deep_kpgt_ept_ridge_linear;deep_kpgt_ridge_linear,0.7058917085849974,/mnt/data/projects/trimole_hybrid_revision_20260915/results_strict/revision_20260918_expanded_candidate_pool_controls_v4_threshold_aligned/score/predictions/cyp2d6_veith/validation_stacking_seed_101.csv
cyp2d6_veith,AUPRC,global_single,202,9,chem_fp_chemberta_kpgt_ept_xgb,0.6900467764809026,/mnt/data/projects/trimole_hybrid_revision_20260915/results_strict/revision_20260918_expanded_candidate_pool_controls_v4_threshold_aligned/score/predictions/cyp2d6_veith/global_single_seed_202.csv
cyp2d6_veith,AUPRC,per_task_single,202,9,chem_fp_chemberta_kpgt_xgb,0.6990102961842386,/mnt/data/projects/trimole_hybrid_revision_20260915/results_strict/revision_20260918_expanded_candidate_pool_controls_v4_threshold_aligned/score/predictions/cyp2d6_veith/per_task_single_seed_202.csv
cyp2d6_veith,AUPRC,validation_top2_average,202,9,chem_fp_chemberta_kpgt_xgb;chem_fp_chemberta_kpgt_ept_xgb,0.7140278668912623,/mnt/data/projects/trimole_hybrid_revision_20260915/results_strict/revision_20260918_expanded_candidate_pool_controls_v4_threshold_aligned/score/predictions/cyp2d6_veith/validation_top2_average_seed_202.csv
cyp2d6_veith,AUPRC,validation_top3_average,202,9,chem_fp_chemberta_kpgt_xgb;chem_fp_chemberta_kpgt_ept_xgb;chem_fp_xgb,0.70922832769753,/mnt/data/projects/trimole_hybrid_revision_20260915/results_strict/revision_20260918_expanded_candidate_pool_controls_v4_threshold_aligned/score/predictions/cyp2d6_veith/validation_top3_average_seed_202.csv
cyp2d6_veith,AUPRC,uniform_candidate_average,202,9,chem_fp_chemberta_kpgt_ept_xgb;chem_fp_chemberta_kpgt_xgb;chem_fp_xgb;deep_chemberta_kpgt_ept_ridge_linear;deep_chemberta_kpgt_ridge_linear;deep_chemberta_ridge_linear;deep_ept_ridge_linear;deep_kpgt_ept_ridge_linear;deep_kpgt_ridge_linear,0.6466202646558527,/mnt/data/projects/trimole_hybrid_revision_20260915/results_strict/revision_20260918_expanded_candidate_pool_controls_v4_threshold_aligned/score/predictions/cyp2d6_veith/uniform_candidate_average_seed_202.csv
cyp2d6_veith,AUPRC,validation_stacking,202,9,chem_fp_chemberta_kpgt_ept_xgb;chem_fp_chemberta_kpgt_xgb;chem_fp_xgb;deep_chemberta_kpgt_ept_ridge_linear;deep_chemberta_kpgt_ridge_linear;deep_chemberta_ridge_linear;deep_ept_ridge_linear;deep_kpgt_ept_ridge_linear;deep_kpgt_ridge_linear,0.7069306713786915,/mnt/data/projects/trimole_hybrid_revision_20260915/results_strict/revision_20260918_expanded_candidate_pool_controls_v4_threshold_aligned/score/predictions/cyp2d6_veith/validation_stacking_seed_202.csv
cyp2d6_veith,AUPRC,global_single,303,9,chem_fp_chemberta_kpgt_ept_xgb,0.6934256502172325,/mnt/data/projects/trimole_hybrid_revision_20260915/results_strict/revision_20260918_expanded_candidate_pool_controls_v4_threshold_aligned/score/predictions/cyp2d6_veith/global_single_seed_303.csv
cyp2d6_veith,AUPRC,per_task_single,303,9,chem_fp_chemberta_kpgt_xgb,0.6943931217542746,/mnt/data/projects/trimole_hybrid_revision_20260915/results_strict/revision_20260918_expanded_candidate_pool_controls_v4_threshold_aligned/score/predictions/cyp2d6_veith/per_task_single_seed_303.csv
cyp2d6_veith,AUPRC,validation_top2_average,303,9,chem_fp_chemberta_kpgt_xgb;chem_fp_chemberta_kpgt_ept_xgb,0.7147834898351718,/mnt/data/projects/trimole_hybrid_revision_20260915/results_strict/revision_20260918_expanded_candidate_pool_controls_v4_threshold_aligned/score/predictions/cyp2d6_veith/validation_top2_average_seed_303.csv
cyp2d6_veith,AUPRC,validation_top3_average,303,9,chem_fp_chemberta_kpgt_xgb;chem_fp_chemberta_kpgt_ept_xgb;chem_fp_xgb,0.710191284680551,/mnt/data/projects/trimole_hybrid_revision_20260915/results_strict/revision_20260918_expanded_candidate_pool_controls_v4_threshold_aligned/score/predictions/cyp2d6_veith/validation_top3_average_seed_303.csv
cyp2d6_veith,AUPRC,uniform_candidate_average,303,9,chem_fp_chemberta_kpgt_ept_xgb;chem_fp_chemberta_kpgt_xgb;chem_fp_xgb;deep_chemberta_kpgt_ept_ridge_linear;deep_chemberta_kpgt_ridge_linear;deep_chemberta_ridge_linear;deep_ept_ridge_linear;deep_kpgt_ept_ridge_linear;deep_kpgt_ridge_linear,0.6611266012178557,/mnt/data/projects/trimole_hybrid_revision_20260915/results_strict/revision_20260918_expanded_candidate_pool_controls_v4_threshold_aligned/score/predictions/cyp2d6_veith/uniform_candidate_average_seed_303.csv
cyp2d6_veith,AUPRC,validation_stacking,303,9,chem_fp_chemberta_kpgt_ept_xgb;chem_fp_chemberta_kpgt_xgb;chem_fp_xgb;deep_chemberta_kpgt_ept_ridge_linear;deep_chemberta_kpgt_ridge_linear;deep_chemberta_ridge_linear;deep_ept_ridge_linear;deep_kpgt_ept_ridge_linear;deep_kpgt_ridge_linear,0.7095256827026216,/mnt/data/projects/trimole_hybrid_revision_20260915/results_strict/revision_20260918_expanded_candidate_pool_controls_v4_threshold_aligned/score/predictions/cyp2d6_veith/validation_stacking_seed_303.csv
cyp2d6_veith,AUPRC,global_single,404,9,chem_fp_chemberta_kpgt_ept_xgb,0.6878855644510772,/mnt/data/projects/trimole_hybrid_revision_20260915/results_strict/revision_20260918_expanded_candidate_pool_controls_v4_threshold_aligned/score/predictions/cyp2d6_veith/global_single_seed_404.csv
cyp2d6_veith,AUPRC,per_task_single,404,9,chem_fp_chemberta_kpgt_xgb,0.6946795432605876,/mnt/data/projects/trimole_hybrid_revision_20260915/results_strict/revision_20260918_expanded_candidate_pool_controls_v4_threshold_aligned/score/predictions/cyp2d6_veith/per_task_single_seed_404.csv
cyp2d6_veith,AUPRC,validation_top2_average,404,9,chem_fp_chemberta_kpgt_xgb;chem_fp_chemberta_kpgt_ept_xgb,0.7128709476256152,/mnt/data/projects/trimole_hybrid_revision_20260915/results_strict/revision_20260918_expanded_candidate_pool_controls_v4_threshold_aligned/score/predictions/cyp2d6_veith/validation_top2_average_seed_404.csv
cyp2d6_veith,AUPRC,validation_top3_average,404,9,chem_fp_chemberta_kpgt_xgb;chem_fp_chemberta_kpgt_ept_xgb;chem_fp_xgb,0.7086825456272788,/mnt/data/projects/trimole_hybrid_revision_20260915/results_strict/revision_20260918_expanded_candidate_pool_controls_v4_threshold_aligned/score/predictions/cyp2d6_veith/validation_top3_average_seed_404.csv
cyp2d6_veith,AUPRC,uniform_candidate_average,404,9,chem_fp_chemberta_kpgt_ept_xgb;chem_fp_chemberta_kpgt_xgb;chem_fp_xgb;deep_chemberta_kpgt_ept_ridge_linear;deep_chemberta_kpgt_ridge_linear;deep_chemberta_ridge_linear;deep_ept_ridge_linear;deep_kpgt_ept_ridge_linear;deep_kpgt_ridge_linear,0.653369802940434,/mnt/data/projects/trimole_hybrid_revision_20260915/results_strict/revision_20260918_expanded_candidate_pool_controls_v4_threshold_aligned/score/predictions/cyp2d6_veith/uniform_candidate_average_seed_404.csv
cyp2d6_veith,AUPRC,validation_stacking,404,9,chem_fp_chemberta_kpgt_ept_xgb;chem_fp_chemberta_kpgt_xgb;chem_fp_xgb;deep_chemberta_kpgt_ept_ridge_linear;deep_chemberta_kpgt_ridge_linear;deep_chemberta_ridge_linear;deep_ept_ridge_linear;deep_kpgt_ept_ridge_linear;deep_kpgt_ridge_linear,0.7040236481551794,/mnt/data/projects/trimole_hybrid_revision_20260915/results_strict/revision_20260918_expanded_candidate_pool_controls_v4_threshold_aligned/score/predictions/cyp2d6_veith/validation_stacking_seed_404.csv
cyp2d6_veith,AUPRC,global_single,505,9,chem_fp_chemberta_kpgt_ept_xgb,0.6850836624295957,/mnt/data/projects/trimole_hybrid_revision_20260915/results_strict/revision_20260918_expanded_candidate_pool_controls_v4_threshold_aligned/score/predictions/cyp2d6_veith/global_single_seed_505.csv
cyp2d6_veith,AUPRC,per_task_single,505,9,chem_fp_chemberta_kpgt_xgb,0.6917717792121304,/mnt/data/projects/trimole_hybrid_revision_20260915/results_strict/revision_20260918_expanded_candidate_pool_controls_v4_threshold_aligned/score/predictions/cyp2d6_veith/per_task_single_seed_505.csv
cyp2d6_veith,AUPRC,validation_top2_average,505,9,chem_fp_chemberta_kpgt_xgb;chem_fp_chemberta_kpgt_ept_xgb,0.7097951559031398,/mnt/data/projects/trimole_hybrid_revision_20260915/results_strict/revision_20260918_expanded_candidate_pool_controls_v4_threshold_aligned/score/predictions/cyp2d6_veith/validation_top2_average_seed_505.csv
cyp2d6_veith,AUPRC,validation_top3_average,505,9,chem_fp_chemberta_kpgt_xgb;chem_fp_chemberta_kpgt_ept_xgb;chem_fp_xgb,0.7081526986043536,/mnt/data/projects/trimole_hybrid_revision_20260915/results_strict/revision_20260918_expanded_candidate_pool_controls_v4_threshold_aligned/score/predictions/cyp2d6_veith/validation_top3_average_seed_505.csv
cyp2d6_veith,AUPRC,uniform_candidate_average,505,9,chem_fp_chemberta_kpgt_ept_xgb;chem_fp_chemberta_kpgt_xgb;chem_fp_xgb;deep_chemberta_kpgt_ept_ridge_linear;deep_chemberta_kpgt_ridge_linear;deep_chemberta_ridge_linear;deep_ept_ridge_linear;deep_kpgt_ept_ridge_linear;deep_kpgt_ridge_linear,0.6634889323260192,/mnt/data/projects/trimole_hybrid_revision_20260915/results_strict/revision_20260918_expanded_candidate_pool_controls_v4_threshold_aligned/score/predictions/cyp2d6_veith/uniform_candidate_average_seed_505.csv
cyp2d6_veith,AUPRC,validation_stacking,505,9,chem_fp_chemberta_kpgt_ept_xgb;chem_fp_chemberta_kpgt_xgb;chem_fp_xgb;deep_chemberta_kpgt_ept_ridge_linear;deep_chemberta_kpgt_ridge_linear;deep_chemberta_ridge_linear;deep_ept_ridge_linear;deep_kpgt_ept_ridge_linear;deep_kpgt_ridge_linear,0.7056649970773198,/mnt/data/projects/trimole_hybrid_revision_20260915/results_strict/revision_20260918_expanded_candidate_pool_controls_v4_threshold_aligned/score/predictions/cyp2d6_veith/validation_stacking_seed_505.csv
cyp3a4_substrate_carbonmangels,AUROC,global_single,101,9,chem_fp_chemberta_kpgt_ept_xgb,0.6760849909584086,/mnt/data/projects/trimole_hybrid_revision_20260915/results_strict/revision_20260918_expanded_candidate_pool_controls_v4_threshold_aligned/score/predictions/cyp3a4_substrate_carbonmangels/global_single_seed_101.csv
cyp3a4_substrate_carbonmangels,AUROC,per_task_single,101,9,chem_fp_xgb,0.6734855334538878,/mnt/data/projects/trimole_hybrid_revision_20260915/results_strict/revision_20260918_expanded_candidate_pool_controls_v4_threshold_aligned/score/predictions/cyp3a4_substrate_carbonmangels/per_task_single_seed_101.csv
cyp3a4_substrate_carbonmangels,AUROC,validation_top2_average,101,9,chem_fp_xgb;chem_fp_chemberta_kpgt_xgb,0.6849005424954792,/mnt/data/projects/trimole_hybrid_revision_20260915/results_strict/revision_20260918_expanded_candidate_pool_controls_v4_threshold_aligned/score/predictions/cyp3a4_substrate_carbonmangels/validation_top2_average_seed_101.csv
cyp3a4_substrate_carbonmangels,AUROC,validation_top3_average,101,9,chem_fp_xgb;chem_fp_chemberta_kpgt_xgb;chem_fp_chemberta_kpgt_ept_xgb,0.6819620253164558,/mnt/data/projects/trimole_hybrid_revision_20260915/results_strict/revision_20260918_expanded_candidate_pool_controls_v4_threshold_aligned/score/predictions/cyp3a4_substrate_carbonmangels/validation_top3_average_seed_101.csv
cyp3a4_substrate_carbonmangels,AUROC,uniform_candidate_average,101,9,chem_fp_chemberta_kpgt_ept_xgb;chem_fp_chemberta_kpgt_xgb;chem_fp_xgb;deep_chemberta_kpgt_ept_ridge_linear;deep_chemberta_kpgt_ridge_linear;deep_chemberta_ridge_linear;deep_ept_ridge_linear;deep_kpgt_ept_ridge_linear;deep_kpgt_ridge_linear,0.6677215189873418,/mnt/data/projects/trimole_hybrid_revision_20260915/results_strict/revision_20260918_expanded_candidate_pool_controls_v4_threshold_aligned/score/predictions/cyp3a4_substrate_carbonmangels/uniform_candidate_average_seed_101.csv
cyp3a4_substrate_carbonmangels,AUROC,validation_stacking,101,9,chem_fp_chemberta_kpgt_ept_xgb;chem_fp_chemberta_kpgt_xgb;chem_fp_xgb;deep_chemberta_kpgt_ept_ridge_linear;deep_chemberta_kpgt_ridge_linear;deep_chemberta_ridge_linear;deep_ept_ridge_linear;deep_kpgt_ept_ridge_linear;deep_kpgt_ridge_linear,0.6751808318264014,/mnt/data/projects/trimole_hybrid_revision_20260915/results_strict/revision_20260918_expanded_candidate_pool_controls_v4_threshold_aligned/score/predictions/cyp3a4_substrate_carbonmangels/validation_stacking_seed_101.csv
cyp3a4_substrate_carbonmangels,AUROC,global_single,202,9,chem_fp_chemberta_kpgt_ept_xgb,0.668625678119349,/mnt/data/projects/trimole_hybrid_revision_20260915/results_strict/revision_20260918_expanded_candidate_pool_controls_v4_threshold_aligned/score/predictions/cyp3a4_substrate_carbonmangels/global_single_seed_202.csv
cyp3a4_substrate_carbonmangels,AUROC,per_task_single,202,9,chem_fp_xgb,0.6691907775768535,/mnt/data/projects/trimole_hybrid_revision_20260915/results_strict/revision_20260918_expanded_candidate_pool_controls_v4_threshold_aligned/score/predictions/cyp3a4_substrate_carbonmangels/per_task_single_seed_202.csv
cyp3a4_substrate_carbonmangels,AUROC,validation_top2_average,202,9,chem_fp_xgb;chem_fp_chemberta_kpgt_xgb,0.6853526220614828,/mnt/data/projects/trimole_hybrid_revision_20260915/results_strict/revision_20260918_expanded_candidate_pool_controls_v4_threshold_aligned/score/predictions/cyp3a4_substrate_carbonmangels/validation_top2_average_seed_202.csv
cyp3a4_substrate_carbonmangels,AUROC,validation_top3_average,202,9,chem_fp_xgb;chem_fp_chemberta_kpgt_xgb;chem_fp_chemberta_kpgt_ept_xgb,0.6794755877034357,/mnt/data/projects/trimole_hybrid_revision_20260915/results_strict/revision_20260918_expanded_candidate_pool_controls_v4_threshold_aligned/score/predictions/cyp3a4_substrate_carbonmangels/validation_top3_average_seed_202.csv
cyp3a4_substrate_carbonmangels,AUROC,uniform_candidate_average,202,9,chem_fp_chemberta_kpgt_ept_xgb;chem_fp_chemberta_kpgt_xgb;chem_fp_xgb;deep_chemberta_kpgt_ept_ridge_linear;deep_chemberta_kpgt_ridge_linear;deep_chemberta_ridge_linear;deep_ept_ridge_linear;deep_kpgt_ept_ridge_linear;deep_kpgt_ridge_linear,0.6683996383363473,/mnt/data/projects/trimole_hybrid_revision_20260915/results_strict/revision_20260918_expanded_candidate_pool_controls_v4_threshold_aligned/score/predictions/cyp3a4_substrate_carbonmangels/uniform_candidate_average_seed_202.csv
cyp3a4_substrate_carbonmangels,AUROC,validation_stacking,202,9,chem_fp_chemberta_kpgt_ept_xgb;chem_fp_chemberta_kpgt_xgb;chem_fp_xgb;deep_chemberta_kpgt_ept_ridge_linear;deep_chemberta_kpgt_ridge_linear;deep_chemberta_ridge_linear;deep_ept_ridge_linear;deep_kpgt_ept_ridge_linear;deep_kpgt_ridge_linear,0.6541591320072333,/mnt/data/projects/trimole_hybrid_revision_20260915/results_strict/revision_20260918_expanded_candidate_pool_controls_v4_threshold_aligned/score/predictions/cyp3a4_substrate_carbonmangels/validation_stacking_seed_202.csv
cyp3a4_substrate_carbonmangels,AUROC,global_single,303,9,chem_fp_chemberta_kpgt_ept_xgb,0.6693037974683543,/mnt/data/projects/trimole_hybrid_revision_20260915/results_strict/revision_20260918_expanded_candidate_pool_controls_v4_threshold_aligned/score/predictions/cyp3a4_substrate_carbonmangels/global_single_seed_303.csv
cyp3a4_substrate_carbonmangels,AUROC,per_task_single,303,9,chem_fp_xgb,0.6633137432188065,/mnt/data/projects/trimole_hybrid_revision_20260915/results_strict/revision_20260918_expanded_candidate_pool_controls_v4_threshold_aligned/score/predictions/cyp3a4_substrate_carbonmangels/per_task_single_seed_303.csv
cyp3a4_substrate_carbonmangels,AUROC,validation_top2_average,303,9,chem_fp_xgb;chem_fp_chemberta_kpgt_xgb,0.6912296564195299,/mnt/data/projects/trimole_hybrid_revision_20260915/results_strict/revision_20260918_expanded_candidate_pool_controls_v4_threshold_aligned/score/predictions/cyp3a4_substrate_carbonmangels/validation_top2_average_seed_303.csv
cyp3a4_substrate_carbonmangels,AUROC,validation_top3_average,303,9,chem_fp_xgb;chem_fp_chemberta_kpgt_xgb;chem_fp_chemberta_kpgt_ept_xgb,0.6882911392405063,/mnt/data/projects/trimole_hybrid_revision_20260915/results_strict/revision_20260918_expanded_candidate_pool_controls_v4_threshold_aligned/score/predictions/cyp3a4_substrate_carbonmangels/validation_top3_average_seed_303.csv
cyp3a4_substrate_carbonmangels,AUROC,uniform_candidate_average,303,9,chem_fp_chemberta_kpgt_ept_xgb;chem_fp_chemberta_kpgt_xgb;chem_fp_xgb;deep_chemberta_kpgt_ept_ridge_linear;deep_chemberta_kpgt_ridge_linear;deep_chemberta_ridge_linear;deep_ept_ridge_linear;deep_kpgt_ept_ridge_linear;deep_kpgt_ridge_linear,0.6702079566003616,/mnt/data/projects/trimole_hybrid_revision_20260915/results_strict/revision_20260918_expanded_candidate_pool_controls_v4_threshold_aligned/score/predictions/cyp3a4_substrate_carbonmangels/uniform_candidate_average_seed_303.csv
cyp3a4_substrate_carbonmangels,AUROC,validation_stacking,303,9,chem_fp_chemberta_kpgt_ept_xgb;chem_fp_chemberta_kpgt_xgb;chem_fp_xgb;deep_chemberta_kpgt_ept_ridge_linear;deep_chemberta_kpgt_ridge_linear;deep_chemberta_ridge_linear;deep_ept_ridge_linear;deep_kpgt_ept_ridge_linear;deep_kpgt_ridge_linear,0.695750452079566,/mnt/data/projects/trimole_hybrid_revision_20260915/results_strict/revision_20260918_expanded_candidate_pool_controls_v4_threshold_aligned/score/predictions/cyp3a4_substrate_carbonmangels/validation_stacking_seed_303.csv
cyp3a4_substrate_carbonmangels,AUROC,global_single,404,9,chem_fp_chemberta_kpgt_ept_xgb,0.6677215189873418,/mnt/data/projects/trimole_hybrid_revision_20260915/results_strict/revision_20260918_expanded_candidate_pool_controls_v4_threshold_aligned/score/predictions/cyp3a4_substrate_carbonmangels/global_single_seed_404.csv
cyp3a4_substrate_carbonmangels,AUROC,per_task_single,404,9,chem_fp_xgb,0.66625226039783,/mnt/data/projects/trimole_hybrid_revision_20260915/results_strict/revision_20260918_expanded_candidate_pool_controls_v4_threshold_aligned/score/predictions/cyp3a4_substrate_carbonmangels/per_task_single_seed_404.csv
cyp3a4_substrate_carbonmangels,AUROC,validation_top2_average,404,9,chem_fp_xgb;chem_fp_chemberta_kpgt_xgb,0.6781193490054249,/mnt/data/projects/trimole_hybrid_revision_20260915/results_strict/revision_20260918_expanded_candidate_pool_controls_v4_threshold_aligned/score/predictions/cyp3a4_substrate_carbonmangels/validation_top2_average_seed_404.csv
cyp3a4_substrate_carbonmangels,AUROC,validation_top3_average,404,9,chem_fp_xgb;chem_fp_chemberta_kpgt_xgb;chem_fp_chemberta_kpgt_ept_xgb,0.6794755877034359,/mnt/data/projects/trimole_hybrid_revision_20260915/results_strict/revision_20260918_expanded_candidate_pool_controls_v4_threshold_aligned/score/predictions/cyp3a4_substrate_carbonmangels/validation_top3_average_seed_404.csv
cyp3a4_substrate_carbonmangels,AUROC,uniform_candidate_average,404,9,chem_fp_chemberta_kpgt_ept_xgb;chem_fp_chemberta_kpgt_xgb;chem_fp_xgb;deep_chemberta_kpgt_ept_ridge_linear;deep_chemberta_kpgt_ridge_linear;deep_chemberta_ridge_linear;deep_ept_ridge_linear;deep_kpgt_ept_ridge_linear;deep_kpgt_ridge_linear,0.6672694394213382,/mnt/data/projects/trimole_hybrid_revision_20260915/results_strict/revision_20260918_expanded_candidate_pool_controls_v4_threshold_aligned/score/predictions/cyp3a4_substrate_carbonmangels/uniform_candidate_average_seed_404.csv
cyp3a4_substrate_carbonmangels,AUROC,validation_stacking,404,9,chem_fp_chemberta_kpgt_ept_xgb;chem_fp_chemberta_kpgt_xgb;chem_fp_xgb;deep_chemberta_kpgt_ept_ridge_linear;deep_chemberta_kpgt_ridge_linear;deep_chemberta_ridge_linear;deep_ept_ridge_linear;deep_kpgt_ept_ridge_linear;deep_kpgt_ridge_linear,0.6105334538878843,/mnt/data/projects/trimole_hybrid_revision_20260915/results_strict/revision_20260918_expanded_candidate_pool_controls_v4_threshold_aligned/score/predictions/cyp3a4_substrate_carbonmangels/validation_stacking_seed_404.csv
cyp3a4_substrate_carbonmangels,AUROC,global_single,505,9,chem_fp_chemberta_kpgt_ept_xgb,0.6598101265822784,/mnt/data/projects/trimole_hybrid_revision_20260915/results_strict/revision_20260918_expanded_candidate_pool_controls_v4_threshold_aligned/score/predictions/cyp3a4_substrate_carbonmangels/global_single_seed_505.csv
cyp3a4_substrate_carbonmangels,AUROC,per_task_single,505,9,chem_fp_xgb,0.6804927667269439,/mnt/data/projects/trimole_hybrid_revision_20260915/results_strict/revision_20260918_expanded_candidate_pool_controls_v4_threshold_aligned/score/predictions/cyp3a4_substrate_carbonmangels/per_task_single_seed_505.csv
cyp3a4_substrate_carbonmangels,AUROC,validation_top2_average,505,9,chem_fp_xgb;chem_fp_chemberta_kpgt_xgb,0.6914556962025317,/mnt/data/projects/trimole_hybrid_revision_20260915/results_strict/revision_20260918_expanded_candidate_pool_controls_v4_threshold_aligned/score/predictions/cyp3a4_substrate_carbonmangels/validation_top2_average_seed_505.csv
cyp3a4_substrate_carbonmangels,AUROC,validation_top3_average,505,9,chem_fp_xgb;chem_fp_chemberta_kpgt_xgb;chem_fp_chemberta_kpgt_ept_xgb,0.6833182640144665,/mnt/data/projects/trimole_hybrid_revision_20260915/results_strict/revision_20260918_expanded_candidate_pool_controls_v4_threshold_aligned/score/predictions/cyp3a4_substrate_carbonmangels/validation_top3_average_seed_505.csv
cyp3a4_substrate_carbonmangels,AUROC,uniform_candidate_average,505,9,chem_fp_chemberta_kpgt_ept_xgb;chem_fp_chemberta_kpgt_xgb;chem_fp_xgb;deep_chemberta_kpgt_ept_ridge_linear;deep_chemberta_kpgt_ridge_linear;deep_chemberta_ridge_linear;deep_ept_ridge_linear;deep_kpgt_ept_ridge_linear;deep_kpgt_ridge_linear,0.6749547920433997,/mnt/data/projects/trimole_hybrid_revision_20260915/results_strict/revision_20260918_expanded_candidate_pool_controls_v4_threshold_aligned/score/predictions/cyp3a4_substrate_carbonmangels/uniform_candidate_average_seed_505.csv
cyp3a4_substrate_carbonmangels,AUROC,validation_stacking,505,9,chem_fp_chemberta_kpgt_ept_xgb;chem_fp_chemberta_kpgt_xgb;chem_fp_xgb;deep_chemberta_kpgt_ept_ridge_linear;deep_chemberta_kpgt_ridge_linear;deep_chemberta_ridge_linear;deep_ept_ridge_linear;deep_kpgt_ept_ridge_linear;deep_kpgt_ridge_linear,0.6781193490054249,/mnt/data/projects/trimole_hybrid_revision_20260915/results_strict/revision_20260918_expanded_candidate_pool_controls_v4_threshold_aligned/score/predictions/cyp3a4_substrate_carbonmangels/validation_stacking_seed_505.csv
cyp3a4_veith,AUPRC,global_single,101,9,chem_fp_chemberta_kpgt_ept_xgb,0.8598534982538227,/mnt/data/projects/trimole_hybrid_revision_20260915/results_strict/revision_20260918_expanded_candidate_pool_controls_v4_threshold_aligned/score/predictions/cyp3a4_veith/global_single_seed_101.csv
cyp3a4_veith,AUPRC,per_task_single,101,9,chem_fp_chemberta_kpgt_xgb,0.8623033394316458,/mnt/data/projects/trimole_hybrid_revision_20260915/results_strict/revision_20260918_expanded_candidate_pool_controls_v4_threshold_aligned/score/predictions/cyp3a4_veith/per_task_single_seed_101.csv
cyp3a4_veith,AUPRC,validation_top2_average,101,9,chem_fp_chemberta_kpgt_xgb;chem_fp_chemberta_kpgt_ept_xgb,0.869092395256717,/mnt/data/projects/trimole_hybrid_revision_20260915/results_strict/revision_20260918_expanded_candidate_pool_controls_v4_threshold_aligned/score/predictions/cyp3a4_veith/validation_top2_average_seed_101.csv
cyp3a4_veith,AUPRC,validation_top3_average,101,9,chem_fp_chemberta_kpgt_xgb;chem_fp_chemberta_kpgt_ept_xgb;chem_fp_xgb,0.8695855942905798,/mnt/data/projects/trimole_hybrid_revision_20260915/results_strict/revision_20260918_expanded_candidate_pool_controls_v4_threshold_aligned/score/predictions/cyp3a4_veith/validation_top3_average_seed_101.csv
cyp3a4_veith,AUPRC,uniform_candidate_average,101,9,chem_fp_chemberta_kpgt_ept_xgb;chem_fp_chemberta_kpgt_xgb;chem_fp_xgb;deep_chemberta_kpgt_ept_ridge_linear;deep_chemberta_kpgt_ridge_linear;deep_chemberta_ridge_linear;deep_ept_ridge_linear;deep_kpgt_ept_ridge_linear;deep_kpgt_ridge_linear,0.850871541877233,/mnt/data/projects/trimole_hybrid_revision_20260915/results_strict/revision_20260918_expanded_candidate_pool_controls_v4_threshold_aligned/score/predictions/cyp3a4_veith/uniform_candidate_average_seed_101.csv
cyp3a4_veith,AUPRC,validation_stacking,101,9,chem_fp_chemberta_kpgt_ept_xgb;chem_fp_chemberta_kpgt_xgb;chem_fp_xgb;deep_chemberta_kpgt_ept_ridge_linear;deep_chemberta_kpgt_ridge_linear;deep_chemberta_ridge_linear;deep_ept_ridge_linear;deep_kpgt_ept_ridge_linear;deep_kpgt_ridge_linear,0.8726149020008769,/mnt/data/projects/trimole_hybrid_revision_20260915/results_strict/revision_20260918_expanded_candidate_pool_controls_v4_threshold_aligned/score/predictions/cyp3a4_veith/validation_stacking_seed_101.csv
cyp3a4_veith,AUPRC,global_single,202,9,chem_fp_chemberta_kpgt_ept_xgb,0.8595266231023063,/mnt/data/projects/trimole_hybrid_revision_20260915/results_strict/revision_20260918_expanded_candidate_pool_controls_v4_threshold_aligned/score/predictions/cyp3a4_veith/global_single_seed_202.csv
cyp3a4_veith,AUPRC,per_task_single,202,9,chem_fp_chemberta_kpgt_xgb,0.8610641857097738,/mnt/data/projects/trimole_hybrid_revision_20260915/results_strict/revision_20260918_expanded_candidate_pool_controls_v4_threshold_aligned/score/predictions/cyp3a4_veith/per_task_single_seed_202.csv
cyp3a4_veith,AUPRC,validation_top2_average,202,9,chem_fp_chemberta_kpgt_xgb;chem_fp_chemberta_kpgt_ept_xgb,0.8675698801123374,/mnt/data/projects/trimole_hybrid_revision_20260915/results_strict/revision_20260918_expanded_candidate_pool_controls_v4_threshold_aligned/score/predictions/cyp3a4_veith/validation_top2_average_seed_202.csv
cyp3a4_veith,AUPRC,validation_top3_average,202,9,chem_fp_chemberta_kpgt_xgb;chem_fp_chemberta_kpgt_ept_xgb;chem_fp_xgb,0.867010689581917,/mnt/data/projects/trimole_hybrid_revision_20260915/results_strict/revision_20260918_expanded_candidate_pool_controls_v4_threshold_aligned/score/predictions/cyp3a4_veith/validation_top3_average_seed_202.csv
cyp3a4_veith,AUPRC,uniform_candidate_average,202,9,chem_fp_chemberta_kpgt_ept_xgb;chem_fp_chemberta_kpgt_xgb;chem_fp_xgb;deep_chemberta_kpgt_ept_ridge_linear;deep_chemberta_kpgt_ridge_linear;deep_chemberta_ridge_linear;deep_ept_ridge_linear;deep_kpgt_ept_ridge_linear;deep_kpgt_ridge_linear,0.8573558670813115,/mnt/data/projects/trimole_hybrid_revision_20260915/results_strict/revision_20260918_expanded_candidate_pool_controls_v4_threshold_aligned/score/predictions/cyp3a4_veith/uniform_candidate_average_seed_202.csv
cyp3a4_veith,AUPRC,validation_stacking,202,9,chem_fp_chemberta_kpgt_ept_xgb;chem_fp_chemberta_kpgt_xgb;chem_fp_xgb;deep_chemberta_kpgt_ept_ridge_linear;deep_chemberta_kpgt_ridge_linear;deep_chemberta_ridge_linear;deep_ept_ridge_linear;deep_kpgt_ept_ridge_linear;deep_kpgt_ridge_linear,0.874089216543136,/mnt/data/projects/trimole_hybrid_revision_20260915/results_strict/revision_20260918_expanded_candidate_pool_controls_v4_threshold_aligned/score/predictions/cyp3a4_veith/validation_stacking_seed_202.csv
cyp3a4_veith,AUPRC,global_single,303,9,chem_fp_chemberta_kpgt_ept_xgb,0.8598546336785096,/mnt/data/projects/trimole_hybrid_revision_20260915/results_strict/revision_20260918_expanded_candidate_pool_controls_v4_threshold_aligned/score/predictions/cyp3a4_veith/global_single_seed_303.csv
cyp3a4_veith,AUPRC,per_task_single,303,9,chem_fp_chemberta_kpgt_xgb,0.8611453895611555,/mnt/data/projects/trimole_hybrid_revision_20260915/results_strict/revision_20260918_expanded_candidate_pool_controls_v4_threshold_aligned/score/predictions/cyp3a4_veith/per_task_single_seed_303.csv
cyp3a4_veith,AUPRC,validation_top2_average,303,9,chem_fp_chemberta_kpgt_xgb;chem_fp_chemberta_kpgt_ept_xgb,0.8675775272999418,/mnt/data/projects/trimole_hybrid_revision_20260915/results_strict/revision_20260918_expanded_candidate_pool_controls_v4_threshold_aligned/score/predictions/cyp3a4_veith/validation_top2_average_seed_303.csv
cyp3a4_veith,AUPRC,validation_top3_average,303,9,chem_fp_chemberta_kpgt_xgb;chem_fp_chemberta_kpgt_ept_xgb;chem_fp_xgb,0.8691339938590051,/mnt/data/projects/trimole_hybrid_revision_20260915/results_strict/revision_20260918_expanded_candidate_pool_controls_v4_threshold_aligned/score/predictions/cyp3a4_veith/validation_top3_average_seed_303.csv
cyp3a4_veith,AUPRC,uniform_candidate_average,303,9,chem_fp_chemberta_kpgt_ept_xgb;chem_fp_chemberta_kpgt_xgb;chem_fp_xgb;deep_chemberta_kpgt_ept_ridge_linear;deep_chemberta_kpgt_ridge_linear;deep_chemberta_ridge_linear;deep_ept_ridge_linear;deep_kpgt_ept_ridge_linear;deep_kpgt_ridge_linear,0.856488469411124,/mnt/data/projects/trimole_hybrid_revision_20260915/results_strict/revision_20260918_expanded_candidate_pool_controls_v4_threshold_aligned/score/predictions/cyp3a4_veith/uniform_candidate_average_seed_303.csv
cyp3a4_veith,AUPRC,validation_stacking,303,9,chem_fp_chemberta_kpgt_ept_xgb;chem_fp_chemberta_kpgt_xgb;chem_fp_xgb;deep_chemberta_kpgt_ept_ridge_linear;deep_chemberta_kpgt_ridge_linear;deep_chemberta_ridge_linear;deep_ept_ridge_linear;deep_kpgt_ept_ridge_linear;deep_kpgt_ridge_linear,0.8738452654401496,/mnt/data/projects/trimole_hybrid_revision_20260915/results_strict/revision_20260918_expanded_candidate_pool_controls_v4_threshold_aligned/score/predictions/cyp3a4_veith/validation_stacking_seed_303.csv
cyp3a4_veith,AUPRC,global_single,404,9,chem_fp_chemberta_kpgt_ept_xgb,0.8616071742834146,/mnt/data/projects/trimole_hybrid_revision_20260915/results_strict/revision_20260918_expanded_candidate_pool_controls_v4_threshold_aligned/score/predictions/cyp3a4_veith/global_single_seed_404.csv
cyp3a4_veith,AUPRC,per_task_single,404,9,chem_fp_chemberta_kpgt_xgb,0.8624185599815495,/mnt/data/projects/trimole_hybrid_revision_20260915/results_strict/revision_20260918_expanded_candidate_pool_controls_v4_threshold_aligned/score/predictions/cyp3a4_veith/per_task_single_seed_404.csv
cyp3a4_veith,AUPRC,validation_top2_average,404,9,chem_fp_chemberta_kpgt_xgb;chem_fp_chemberta_kpgt_ept_xgb,0.870076618434965,/mnt/data/projects/trimole_hybrid_revision_20260915/results_strict/revision_20260918_expanded_candidate_pool_controls_v4_threshold_aligned/score/predictions/cyp3a4_veith/validation_top2_average_seed_404.csv
cyp3a4_veith,AUPRC,validation_top3_average,404,9,chem_fp_chemberta_kpgt_xgb;chem_fp_chemberta_kpgt_ept_xgb;chem_fp_xgb,0.8704713076132087,/mnt/data/projects/trimole_hybrid_revision_20260915/results_strict/revision_20260918_expanded_candidate_pool_controls_v4_threshold_aligned/score/predictions/cyp3a4_veith/validation_top3_average_seed_404.csv
cyp3a4_veith,AUPRC,uniform_candidate_average,404,9,chem_fp_chemberta_kpgt_ept_xgb;chem_fp_chemberta_kpgt_xgb;chem_fp_xgb;deep_chemberta_kpgt_ept_ridge_linear;deep_chemberta_kpgt_ridge_linear;deep_chemberta_ridge_linear;deep_ept_ridge_linear;deep_kpgt_ept_ridge_linear;deep_kpgt_ridge_linear,0.8567639658575785,/mnt/data/projects/trimole_hybrid_revision_20260915/results_strict/revision_20260918_expanded_candidate_pool_controls_v4_threshold_aligned/score/predictions/cyp3a4_veith/uniform_candidate_average_seed_404.csv
cyp3a4_veith,AUPRC,validation_stacking,404,9,chem_fp_chemberta_kpgt_ept_xgb;chem_fp_chemberta_kpgt_xgb;chem_fp_xgb;deep_chemberta_kpgt_ept_ridge_linear;deep_chemberta_kpgt_ridge_linear;deep_chemberta_ridge_linear;deep_ept_ridge_linear;deep_kpgt_ept_ridge_linear;deep_kpgt_ridge_linear,0.87390102773425,/mnt/data/projects/trimole_hybrid_revision_20260915/results_strict/revision_20260918_expanded_candidate_pool_controls_v4_threshold_aligned/score/predictions/cyp3a4_veith/validation_stacking_seed_404.csv
cyp3a4_veith,AUPRC,global_single,505,9,chem_fp_chemberta_kpgt_ept_xgb,0.8586498491103747,/mnt/data/projects/trimole_hybrid_revision_20260915/results_strict/revision_20260918_expanded_candidate_pool_controls_v4_threshold_aligned/score/predictions/cyp3a4_veith/global_single_seed_505.csv
cyp3a4_veith,AUPRC,per_task_single,505,9,chem_fp_chemberta_kpgt_xgb,0.8595294883935413,/mnt/data/projects/trimole_hybrid_revision_20260915/results_strict/revision_20260918_expanded_candidate_pool_controls_v4_threshold_aligned/score/predictions/cyp3a4_veith/per_task_single_seed_505.csv
cyp3a4_veith,AUPRC,validation_top2_average,505,9,chem_fp_chemberta_kpgt_xgb;chem_fp_chemberta_kpgt_ept_xgb,0.8666174967495512,/mnt/data/projects/trimole_hybrid_revision_20260915/results_strict/revision_20260918_expanded_candidate_pool_controls_v4_threshold_aligned/score/predictions/cyp3a4_veith/validation_top2_average_seed_505.csv
cyp3a4_veith,AUPRC,validation_top3_average,505,9,chem_fp_chemberta_kpgt_xgb;chem_fp_chemberta_kpgt_ept_xgb;chem_fp_xgb,0.8666787263072352,/mnt/data/projects/trimole_hybrid_revision_20260915/results_strict/revision_20260918_expanded_candidate_pool_controls_v4_threshold_aligned/score/predictions/cyp3a4_veith/validation_top3_average_seed_505.csv
cyp3a4_veith,AUPRC,uniform_candidate_average,505,9,chem_fp_chemberta_kpgt_ept_xgb;chem_fp_chemberta_kpgt_xgb;chem_fp_xgb;deep_chemberta_kpgt_ept_ridge_linear;deep_chemberta_kpgt_ridge_linear;deep_chemberta_ridge_linear;deep_ept_ridge_linear;deep_kpgt_ept_ridge_linear;deep_kpgt_ridge_linear,0.8591239465915087,/mnt/data/projects/trimole_hybrid_revision_20260915/results_strict/revision_20260918_expanded_candidate_pool_controls_v4_threshold_aligned/score/predictions/cyp3a4_veith/uniform_candidate_average_seed_505.csv
cyp3a4_veith,AUPRC,validation_stacking,505,9,chem_fp_chemberta_kpgt_ept_xgb;chem_fp_chemberta_kpgt_xgb;chem_fp_xgb;deep_chemberta_kpgt_ept_ridge_linear;deep_chemberta_kpgt_ridge_linear;deep_chemberta_ridge_linear;deep_ept_ridge_linear;deep_kpgt_ept_ridge_linear;deep_kpgt_ridge_linear,0.8707135276875169,/mnt/data/projects/trimole_hybrid_revision_20260915/results_strict/revision_20260918_expanded_candidate_pool_controls_v4_threshold_aligned/score/predictions/cyp3a4_veith/validation_stacking_seed_505.csv
dili,AUROC,global_single,101,9,chem_fp_chemberta_kpgt_ept_xgb,0.9160869565217392,/mnt/data/projects/trimole_hybrid_revision_20260915/results_strict/revision_20260918_expanded_candidate_pool_controls_v4_threshold_aligned/score/predictions/dili/global_single_seed_101.csv
dili,AUROC,per_task_single,101,9,chem_fp_xgb,0.8578260869565217,/mnt/data/projects/trimole_hybrid_revision_20260915/results_strict/revision_20260918_expanded_candidate_pool_controls_v4_threshold_aligned/score/predictions/dili/per_task_single_seed_101.csv
dili,AUROC,validation_top2_average,101,9,chem_fp_xgb;chem_fp_chemberta_kpgt_ept_xgb,0.9073913043478261,/mnt/data/projects/trimole_hybrid_revision_20260915/results_strict/revision_20260918_expanded_candidate_pool_controls_v4_threshold_aligned/score/predictions/dili/validation_top2_average_seed_101.csv
dili,AUROC,validation_top3_average,101,9,chem_fp_xgb;chem_fp_chemberta_kpgt_ept_xgb;chem_fp_chemberta_kpgt_xgb,0.9073913043478261,/mnt/data/projects/trimole_hybrid_revision_20260915/results_strict/revision_20260918_expanded_candidate_pool_controls_v4_threshold_aligned/score/predictions/dili/validation_top3_average_seed_101.csv
dili,AUROC,uniform_candidate_average,101,9,chem_fp_chemberta_kpgt_ept_xgb;chem_fp_chemberta_kpgt_xgb;chem_fp_xgb;deep_chemberta_kpgt_ept_ridge_linear;deep_chemberta_kpgt_ridge_linear;deep_chemberta_ridge_linear;deep_ept_ridge_linear;deep_kpgt_ept_ridge_linear;deep_kpgt_ridge_linear,0.9069565217391304,/mnt/data/projects/trimole_hybrid_revision_20260915/results_strict/revision_20260918_expanded_candidate_pool_controls_v4_threshold_aligned/score/predictions/dili/uniform_candidate_average_seed_101.csv
dili,AUROC,validation_stacking,101,9,chem_fp_chemberta_kpgt_ept_xgb;chem_fp_chemberta_kpgt_xgb;chem_fp_xgb;deep_chemberta_kpgt_ept_ridge_linear;deep_chemberta_kpgt_ridge_linear;deep_chemberta_ridge_linear;deep_ept_ridge_linear;deep_kpgt_ept_ridge_linear;deep_kpgt_ridge_linear,0.92,/mnt/data/projects/trimole_hybrid_revision_20260915/results_strict/revision_20260918_expanded_candidate_pool_controls_v4_threshold_aligned/score/predictions/dili/validation_stacking_seed_101.csv
dili,AUROC,global_single,202,9,chem_fp_chemberta_kpgt_ept_xgb,0.8995652173913044,/mnt/data/projects/trimole_hybrid_revision_20260915/results_strict/revision_20260918_expanded_candidate_pool_controls_v4_threshold_aligned/score/predictions/dili/global_single_seed_202.csv
dili,AUROC,per_task_single,202,9,chem_fp_xgb,0.8721739130434782,/mnt/data/projects/trimole_hybrid_revision_20260915/results_strict/revision_20260918_expanded_candidate_pool_controls_v4_threshold_aligned/score/predictions/dili/per_task_single_seed_202.csv
dili,AUROC,validation_top2_average,202,9,chem_fp_xgb;chem_fp_chemberta_kpgt_ept_xgb,0.9069565217391304,/mnt/data/projects/trimole_hybrid_revision_20260915/results_strict/revision_20260918_expanded_candidate_pool_controls_v4_threshold_aligned/score/predictions/dili/validation_top2_average_seed_202.csv
dili,AUROC,validation_top3_average,202,9,chem_fp_xgb;chem_fp_chemberta_kpgt_ept_xgb;chem_fp_chemberta_kpgt_xgb,0.9030434782608696,/mnt/data/projects/trimole_hybrid_revision_20260915/results_strict/revision_20260918_expanded_candidate_pool_controls_v4_threshold_aligned/score/predictions/dili/validation_top3_average_seed_202.csv
dili,AUROC,uniform_candidate_average,202,9,chem_fp_chemberta_kpgt_ept_xgb;chem_fp_chemberta_kpgt_xgb;chem_fp_xgb;deep_chemberta_kpgt_ept_ridge_linear;deep_chemberta_kpgt_ridge_linear;deep_chemberta_ridge_linear;deep_ept_ridge_linear;deep_kpgt_ept_ridge_linear;deep_kpgt_ridge_linear,0.9056521739130435,/mnt/data/projects/trimole_hybrid_revision_20260915/results_strict/revision_20260918_expanded_candidate_pool_controls_v4_threshold_aligned/score/predictions/dili/uniform_candidate_average_seed_202.csv
dili,AUROC,validation_stacking,202,9,chem_fp_chemberta_kpgt_ept_xgb;chem_fp_chemberta_kpgt_xgb;chem_fp_xgb;deep_chemberta_kpgt_ept_ridge_linear;deep_chemberta_kpgt_ridge_linear;deep_chemberta_ridge_linear;deep_ept_ridge_linear;deep_kpgt_ept_ridge_linear;deep_kpgt_ridge_linear,0.8847826086956522,/mnt/data/projects/trimole_hybrid_revision_20260915/results_strict/revision_20260918_expanded_candidate_pool_controls_v4_threshold_aligned/score/predictions/dili/validation_stacking_seed_202.csv
dili,AUROC,global_single,303,9,chem_fp_chemberta_kpgt_ept_xgb,0.908695652173913,/mnt/data/projects/trimole_hybrid_revision_20260915/results_strict/revision_20260918_expanded_candidate_pool_controls_v4_threshold_aligned/score/predictions/dili/global_single_seed_303.csv
dili,AUROC,per_task_single,303,9,chem_fp_xgb,0.8739130434782608,/mnt/data/projects/trimole_hybrid_revision_20260915/results_strict/revision_20260918_expanded_candidate_pool_controls_v4_threshold_aligned/score/predictions/dili/per_task_single_seed_303.csv
dili,AUROC,validation_top2_average,303,9,chem_fp_xgb;chem_fp_chemberta_kpgt_ept_xgb,0.9108695652173914,/mnt/data/projects/trimole_hybrid_revision_20260915/results_strict/revision_20260918_expanded_candidate_pool_controls_v4_threshold_aligned/score/predictions/dili/validation_top2_average_seed_303.csv
dili,AUROC,validation_top3_average,303,9,chem_fp_xgb;chem_fp_chemberta_kpgt_ept_xgb;chem_fp_chemberta_kpgt_xgb,0.908695652173913,/mnt/data/projects/trimole_hybrid_revision_20260915/results_strict/revision_20260918_expanded_candidate_pool_controls_v4_threshold_aligned/score/predictions/dili/validation_top3_average_seed_303.csv
dili,AUROC,uniform_candidate_average,303,9,chem_fp_chemberta_kpgt_ept_xgb;chem_fp_chemberta_kpgt_xgb;chem_fp_xgb;deep_chemberta_kpgt_ept_ridge_linear;deep_chemberta_kpgt_ridge_linear;deep_chemberta_ridge_linear;deep_ept_ridge_linear;deep_kpgt_ept_ridge_linear;deep_kpgt_ridge_linear,0.8943478260869565,/mnt/data/projects/trimole_hybrid_revision_20260915/results_strict/revision_20260918_expanded_candidate_pool_controls_v4_threshold_aligned/score/predictions/dili/uniform_candidate_average_seed_303.csv
dili,AUROC,validation_stacking,303,9,chem_fp_chemberta_kpgt_ept_xgb;chem_fp_chemberta_kpgt_xgb;chem_fp_xgb;deep_chemberta_kpgt_ept_ridge_linear;deep_chemberta_kpgt_ridge_linear;deep_chemberta_ridge_linear;deep_ept_ridge_linear;deep_kpgt_ept_ridge_linear;deep_kpgt_ridge_linear,0.8917391304347826,/mnt/data/projects/trimole_hybrid_revision_20260915/results_strict/revision_20260918_expanded_candidate_pool_controls_v4_threshold_aligned/score/predictions/dili/validation_stacking_seed_303.csv
dili,AUROC,global_single,404,9,chem_fp_chemberta_kpgt_ept_xgb,0.8891304347826087,/mnt/data/projects/trimole_hybrid_revision_20260915/results_strict/revision_20260918_expanded_candidate_pool_controls_v4_threshold_aligned/score/predictions/dili/global_single_seed_404.csv
dili,AUROC,per_task_single,404,9,chem_fp_xgb,0.8621739130434782,/mnt/data/projects/trimole_hybrid_revision_20260915/results_strict/revision_20260918_expanded_candidate_pool_controls_v4_threshold_aligned/score/predictions/dili/per_task_single_seed_404.csv
dili,AUROC,validation_top2_average,404,9,chem_fp_xgb;chem_fp_chemberta_kpgt_ept_xgb,0.8978260869565218,/mnt/data/projects/trimole_hybrid_revision_20260915/results_strict/revision_20260918_expanded_candidate_pool_controls_v4_threshold_aligned/score/predictions/dili/validation_top2_average_seed_404.csv
dili,AUROC,validation_top3_average,404,9,chem_fp_xgb;chem_fp_chemberta_kpgt_ept_xgb;chem_fp_chemberta_kpgt_xgb,0.9013043478260869,/mnt/data/projects/trimole_hybrid_revision_20260915/results_strict/revision_20260918_expanded_candidate_pool_controls_v4_threshold_aligned/score/predictions/dili/validation_top3_average_seed_404.csv
dili,AUROC,uniform_candidate_average,404,9,chem_fp_chemberta_kpgt_ept_xgb;chem_fp_chemberta_kpgt_xgb;chem_fp_xgb;deep_chemberta_kpgt_ept_ridge_linear;deep_chemberta_kpgt_ridge_linear;deep_chemberta_ridge_linear;deep_ept_ridge_linear;deep_kpgt_ept_ridge_linear;deep_kpgt_ridge_linear,0.8926086956521739,/mnt/data/projects/trimole_hybrid_revision_20260915/results_strict/revision_20260918_expanded_candidate_pool_controls_v4_threshold_aligned/score/predictions/dili/uniform_candidate_average_seed_404.csv
dili,AUROC,validation_stacking,404,9,chem_fp_chemberta_kpgt_ept_xgb;chem_fp_chemberta_kpgt_xgb;chem_fp_xgb;deep_chemberta_kpgt_ept_ridge_linear;deep_chemberta_kpgt_ridge_linear;deep_chemberta_ridge_linear;deep_ept_ridge_linear;deep_kpgt_ept_ridge_linear;deep_kpgt_ridge_linear,0.8721739130434782,/mnt/data/projects/trimole_hybrid_revision_20260915/results_strict/revision_20260918_expanded_candidate_pool_controls_v4_threshold_aligned/score/predictions/dili/validation_stacking_seed_404.csv
dili,AUROC,global_single,505,9,chem_fp_chemberta_kpgt_ept_xgb,0.9030434782608695,/mnt/data/projects/trimole_hybrid_revision_20260915/results_strict/revision_20260918_expanded_candidate_pool_controls_v4_threshold_aligned/score/predictions/dili/global_single_seed_505.csv
dili,AUROC,per_task_single,505,9,chem_fp_xgb,0.8669565217391304,/mnt/data/projects/trimole_hybrid_revision_20260915/results_strict/revision_20260918_expanded_candidate_pool_controls_v4_threshold_aligned/score/predictions/dili/per_task_single_seed_505.csv
dili,AUROC,validation_top2_average,505,9,chem_fp_xgb;chem_fp_chemberta_kpgt_ept_xgb,0.9013043478260869,/mnt/data/projects/trimole_hybrid_revision_20260915/results_strict/revision_20260918_expanded_candidate_pool_controls_v4_threshold_aligned/score/predictions/dili/validation_top2_average_seed_505.csv
dili,AUROC,validation_top3_average,505,9,chem_fp_xgb;chem_fp_chemberta_kpgt_ept_xgb;chem_fp_chemberta_kpgt_xgb,0.9060869565217391,/mnt/data/projects/trimole_hybrid_revision_20260915/results_strict/revision_20260918_expanded_candidate_pool_controls_v4_threshold_aligned/score/predictions/dili/validation_top3_average_seed_505.csv
dili,AUROC,uniform_candidate_average,505,9,chem_fp_chemberta_kpgt_ept_xgb;chem_fp_chemberta_kpgt_xgb;chem_fp_xgb;deep_chemberta_kpgt_ept_ridge_linear;deep_chemberta_kpgt_ridge_linear;deep_chemberta_ridge_linear;deep_ept_ridge_linear;deep_kpgt_ept_ridge_linear;deep_kpgt_ridge_linear,0.8791304347826088,/mnt/data/projects/trimole_hybrid_revision_20260915/results_strict/revision_20260918_expanded_candidate_pool_controls_v4_threshold_aligned/score/predictions/dili/uniform_candidate_average_seed_505.csv
dili,AUROC,validation_stacking,505,9,chem_fp_chemberta_kpgt_ept_xgb;chem_fp_chemberta_kpgt_xgb;chem_fp_xgb;deep_chemberta_kpgt_ept_ridge_linear;deep_chemberta_kpgt_ridge_linear;deep_chemberta_ridge_linear;deep_ept_ridge_linear;deep_kpgt_ept_ridge_linear;deep_kpgt_ridge_linear,0.8530434782608696,/mnt/data/projects/trimole_hybrid_revision_20260915/results_strict/revision_20260918_expanded_candidate_pool_controls_v4_threshold_aligned/score/predictions/dili/validation_stacking_seed_505.csv
half_life_obach,Spearman,global_single,101,9,chem_fp_chemberta_kpgt_ept_xgb,0.35341901979492213,/mnt/data/projects/trimole_hybrid_revision_20260915/results_strict/revision_20260918_expanded_candidate_pool_controls_v4_threshold_aligned/score/predictions/half_life_obach/global_single_seed_101.csv
half_life_obach,Spearman,per_task_single,101,9,chem_fp_chemberta_kpgt_xgb,0.4196225087944947,/mnt/data/projects/trimole_hybrid_revision_20260915/results_strict/revision_20260918_expanded_candidate_pool_controls_v4_threshold_aligned/score/predictions/half_life_obach/per_task_single_seed_101.csv
half_life_obach,Spearman,validation_top2_average,101,9,chem_fp_chemberta_kpgt_xgb;chem_fp_chemberta_kpgt_ept_xgb,0.40480520062397546,/mnt/data/projects/trimole_hybrid_revision_20260915/results_strict/revision_20260918_expanded_candidate_pool_controls_v4_threshold_aligned/score/predictions/half_life_obach/validation_top2_average_seed_101.csv
half_life_obach,Spearman,validation_top3_average,101,9,chem_fp_chemberta_kpgt_xgb;chem_fp_chemberta_kpgt_ept_xgb;deep_ept_ridge_linear,0.40721083979477257,/mnt/data/projects/trimole_hybrid_revision_20260915/results_strict/revision_20260918_expanded_candidate_pool_controls_v4_threshold_aligned/score/predictions/half_life_obach/validation_top3_average_seed_101.csv
half_life_obach,Spearman,uniform_candidate_average,101,9,chem_fp_chemberta_kpgt_ept_xgb;chem_fp_chemberta_kpgt_xgb;chem_fp_xgb;deep_chemberta_kpgt_ept_ridge_linear;deep_chemberta_kpgt_ridge_linear;deep_chemberta_ridge_linear;deep_ept_ridge_linear;deep_kpgt_ept_ridge_linear;deep_kpgt_ridge_linear,0.26097699154977344,/mnt/data/projects/trimole_hybrid_revision_20260915/results_strict/revision_20260918_expanded_candidate_pool_controls_v4_threshold_aligned/score/predictions/half_life_obach/uniform_candidate_average_seed_101.csv
half_life_obach,Spearman,validation_stacking,101,9,chem_fp_chemberta_kpgt_ept_xgb;chem_fp_chemberta_kpgt_xgb;chem_fp_xgb;deep_chemberta_kpgt_ept_ridge_linear;deep_chemberta_kpgt_ridge_linear;deep_chemberta_ridge_linear;deep_ept_ridge_linear;deep_kpgt_ept_ridge_linear;deep_kpgt_ridge_linear,-0.023673517322424516,/mnt/data/projects/trimole_hybrid_revision_20260915/results_strict/revision_20260918_expanded_candidate_pool_controls_v4_threshold_aligned/score/predictions/half_life_obach/validation_stacking_seed_101.csv
half_life_obach,Spearman,global_single,202,9,chem_fp_chemberta_kpgt_ept_xgb,0.4231420768093193,/mnt/data/projects/trimole_hybrid_revision_20260915/results_strict/revision_20260918_expanded_candidate_pool_controls_v4_threshold_aligned/score/predictions/half_life_obach/global_single_seed_202.csv
half_life_obach,Spearman,per_task_single,202,9,chem_fp_chemberta_kpgt_xgb,0.40568570239345,/mnt/data/projects/trimole_hybrid_revision_20260915/results_strict/revision_20260918_expanded_candidate_pool_controls_v4_threshold_aligned/score/predictions/half_life_obach/per_task_single_seed_202.csv
half_life_obach,Spearman,validation_top2_average,202,9,chem_fp_chemberta_kpgt_xgb;chem_fp_chemberta_kpgt_ept_xgb,0.429025096942207,/mnt/data/projects/trimole_hybrid_revision_20260915/results_strict/revision_20260918_expanded_candidate_pool_controls_v4_threshold_aligned/score/predictions/half_life_obach/validation_top2_average_seed_202.csv
half_life_obach,Spearman,validation_top3_average,202,9,chem_fp_chemberta_kpgt_xgb;chem_fp_chemberta_kpgt_ept_xgb;deep_ept_ridge_linear,0.4234501019349645,/mnt/data/projects/trimole_hybrid_revision_20260915/results_strict/revision_20260918_expanded_candidate_pool_controls_v4_threshold_aligned/score/predictions/half_life_obach/validation_top3_average_seed_202.csv
half_life_obach,Spearman,uniform_candidate_average,202,9,chem_fp_chemberta_kpgt_ept_xgb;chem_fp_chemberta_kpgt_xgb;chem_fp_xgb;deep_chemberta_kpgt_ept_ridge_linear;deep_chemberta_kpgt_ridge_linear;deep_chemberta_ridge_linear;deep_ept_ridge_linear;deep_kpgt_ept_ridge_linear;deep_kpgt_ridge_linear,0.2585306142703183,/mnt/data/projects/trimole_hybrid_revision_20260915/results_strict/revision_20260918_expanded_candidate_pool_controls_v4_threshold_aligned/score/predictions/half_life_obach/uniform_candidate_average_seed_202.csv
half_life_obach,Spearman,validation_stacking,202,9,chem_fp_chemberta_kpgt_ept_xgb;chem_fp_chemberta_kpgt_xgb;chem_fp_xgb;deep_chemberta_kpgt_ept_ridge_linear;deep_chemberta_kpgt_ridge_linear;deep_chemberta_ridge_linear;deep_ept_ridge_linear;deep_kpgt_ept_ridge_linear;deep_kpgt_ridge_linear,0.09601360080334238,/mnt/data/projects/trimole_hybrid_revision_20260915/results_strict/revision_20260918_expanded_candidate_pool_controls_v4_threshold_aligned/score/predictions/half_life_obach/validation_stacking_seed_202.csv
half_life_obach,Spearman,global_single,303,9,chem_fp_chemberta_kpgt_ept_xgb,0.3604898636445246,/mnt/data/projects/trimole_hybrid_revision_20260915/results_strict/revision_20260918_expanded_candidate_pool_controls_v4_threshold_aligned/score/predictions/half_life_obach/global_single_seed_303.csv
half_life_obach,Spearman,per_task_single,303,9,chem_fp_chemberta_kpgt_xgb,0.34678232917237356,/mnt/data/projects/trimole_hybrid_revision_20260915/results_strict/revision_20260918_expanded_candidate_pool_controls_v4_threshold_aligned/score/predictions/half_life_obach/per_task_single_seed_303.csv
half_life_obach,Spearman,validation_top2_average,303,9,chem_fp_chemberta_kpgt_xgb;chem_fp_chemberta_kpgt_ept_xgb,0.358702030411769,/mnt/data/projects/trimole_hybrid_revision_20260915/results_strict/revision_20260918_expanded_candidate_pool_controls_v4_threshold_aligned/score/predictions/half_life_obach/validation_top2_average_seed_303.csv
half_life_obach,Spearman,validation_top3_average,303,9,chem_fp_chemberta_kpgt_xgb;chem_fp_chemberta_kpgt_ept_xgb;deep_ept_ridge_linear,0.399730242470656,/mnt/data/projects/trimole_hybrid_revision_20260915/results_strict/revision_20260918_expanded_candidate_pool_controls_v4_threshold_aligned/score/predictions/half_life_obach/validation_top3_average_seed_303.csv
half_life_obach,Spearman,uniform_candidate_average,303,9,chem_fp_chemberta_kpgt_ept_xgb;chem_fp_chemberta_kpgt_xgb;chem_fp_xgb;deep_chemberta_kpgt_ept_ridge_linear;deep_chemberta_kpgt_ridge_linear;deep_chemberta_ridge_linear;deep_ept_ridge_linear;deep_kpgt_ept_ridge_linear;deep_kpgt_ridge_linear,0.2584915893087318,/mnt/data/projects/trimole_hybrid_revision_20260915/results_strict/revision_20260918_expanded_candidate_pool_controls_v4_threshold_aligned/score/predictions/half_life_obach/uniform_candidate_average_seed_303.csv
half_life_obach,Spearman,validation_stacking,303,9,chem_fp_chemberta_kpgt_ept_xgb;chem_fp_chemberta_kpgt_xgb;chem_fp_xgb;deep_chemberta_kpgt_ept_ridge_linear;deep_chemberta_kpgt_ridge_linear;deep_chemberta_ridge_linear;deep_ept_ridge_linear;deep_kpgt_ept_ridge_linear;deep_kpgt_ridge_linear,0.06093259939715736,/mnt/data/projects/trimole_hybrid_revision_20260915/results_strict/revision_20260918_expanded_candidate_pool_controls_v4_threshold_aligned/score/predictions/half_life_obach/validation_stacking_seed_303.csv
half_life_obach,Spearman,global_single,404,9,chem_fp_chemberta_kpgt_ept_xgb,0.3844439020877624,/mnt/data/projects/trimole_hybrid_revision_20260915/results_strict/revision_20260918_expanded_candidate_pool_controls_v4_threshold_aligned/score/predictions/half_life_obach/global_single_seed_404.csv
half_life_obach,Spearman,per_task_single,404,9,chem_fp_chemberta_kpgt_xgb,0.42932510170022736,/mnt/data/projects/trimole_hybrid_revision_20260915/results_strict/revision_20260918_expanded_candidate_pool_controls_v4_threshold_aligned/score/predictions/half_life_obach/per_task_single_seed_404.csv
half_life_obach,Spearman,validation_top2_average,404,9,chem_fp_chemberta_kpgt_xgb;chem_fp_chemberta_kpgt_ept_xgb,0.4097613767889953,/mnt/data/projects/trimole_hybrid_revision_20260915/results_strict/revision_20260918_expanded_candidate_pool_controls_v4_threshold_aligned/score/predictions/half_life_obach/validation_top2_average_seed_404.csv
half_life_obach,Spearman,validation_top3_average,404,9,chem_fp_chemberta_kpgt_xgb;chem_fp_chemberta_kpgt_ept_xgb;deep_ept_ridge_linear,0.4244232869145284,/mnt/data/projects/trimole_hybrid_revision_20260915/results_strict/revision_20260918_expanded_candidate_pool_controls_v4_threshold_aligned/score/predictions/half_life_obach/validation_top3_average_seed_404.csv
half_life_obach,Spearman,uniform_candidate_average,404,9,chem_fp_chemberta_kpgt_ept_xgb;chem_fp_chemberta_kpgt_xgb;chem_fp_xgb;deep_chemberta_kpgt_ept_ridge_linear;deep_chemberta_kpgt_ridge_linear;deep_chemberta_ridge_linear;deep_ept_ridge_linear;deep_kpgt_ept_ridge_linear;deep_kpgt_ridge_linear,0.2457548174709303,/mnt/data/projects/trimole_hybrid_revision_20260915/results_strict/revision_20260918_expanded_candidate_pool_controls_v4_threshold_aligned/score/predictions/half_life_obach/uniform_candidate_average_seed_404.csv
half_life_obach,Spearman,validation_stacking,404,9,chem_fp_chemberta_kpgt_ept_xgb;chem_fp_chemberta_kpgt_xgb;chem_fp_xgb;deep_chemberta_kpgt_ept_ridge_linear;deep_chemberta_kpgt_ridge_linear;deep_chemberta_ridge_linear;deep_ept_ridge_linear;deep_kpgt_ept_ridge_linear;deep_kpgt_ridge_linear,0.0702400527355431,/mnt/data/projects/trimole_hybrid_revision_20260915/results_strict/revision_20260918_expanded_candidate_pool_controls_v4_threshold_aligned/score/predictions/half_life_obach/validation_stacking_seed_404.csv
half_life_obach,Spearman,global_single,505,9,chem_fp_chemberta_kpgt_ept_xgb,0.40399055355748115,/mnt/data/projects/trimole_hybrid_revision_20260915/results_strict/revision_20260918_expanded_candidate_pool_controls_v4_threshold_aligned/score/predictions/half_life_obach/global_single_seed_505.csv
half_life_obach,Spearman,per_task_single,505,9,chem_fp_chemberta_kpgt_xgb,0.4079564701147263,/mnt/data/projects/trimole_hybrid_revision_20260915/results_strict/revision_20260918_expanded_candidate_pool_controls_v4_threshold_aligned/score/predictions/half_life_obach/per_task_single_seed_505.csv
half_life_obach,Spearman,validation_top2_average,505,9,chem_fp_chemberta_kpgt_xgb;chem_fp_chemberta_kpgt_ept_xgb,0.4227859736006122,/mnt/data/projects/trimole_hybrid_revision_20260915/results_strict/revision_20260918_expanded_candidate_pool_controls_v4_threshold_aligned/score/predictions/half_life_obach/validation_top2_average_seed_505.csv
half_life_obach,Spearman,validation_top3_average,505,9,chem_fp_chemberta_kpgt_xgb;chem_fp_chemberta_kpgt_ept_xgb;deep_ept_ridge_linear,0.4310892381655264,/mnt/data/projects/trimole_hybrid_revision_20260915/results_strict/revision_20260918_expanded_candidate_pool_controls_v4_threshold_aligned/score/predictions/half_life_obach/validation_top3_average_seed_505.csv
half_life_obach,Spearman,uniform_candidate_average,505,9,chem_fp_chemberta_kpgt_ept_xgb;chem_fp_chemberta_kpgt_xgb;chem_fp_xgb;deep_chemberta_kpgt_ept_ridge_linear;deep_chemberta_kpgt_ridge_linear;deep_chemberta_ridge_linear;deep_ept_ridge_linear;deep_kpgt_ept_ridge_linear;deep_kpgt_ridge_linear,0.25555740000944505,/mnt/data/projects/trimole_hybrid_revision_20260915/results_strict/revision_20260918_expanded_candidate_pool_controls_v4_threshold_aligned/score/predictions/half_life_obach/uniform_candidate_average_seed_505.csv
half_life_obach,Spearman,validation_stacking,505,9,chem_fp_chemberta_kpgt_ept_xgb;chem_fp_chemberta_kpgt_xgb;chem_fp_xgb;deep_chemberta_kpgt_ept_ridge_linear;deep_chemberta_kpgt_ridge_linear;deep_chemberta_ridge_linear;deep_ept_ridge_linear;deep_kpgt_ept_ridge_linear;deep_kpgt_ridge_linear,0.11438704053029723,/mnt/data/projects/trimole_hybrid_revision_20260915/results_strict/revision_20260918_expanded_candidate_pool_controls_v4_threshold_aligned/score/predictions/half_life_obach/validation_stacking_seed_505.csv
herg,AUROC,global_single,101,9,chem_fp_chemberta_kpgt_ept_xgb,0.804860088365243,/mnt/data/projects/trimole_hybrid_revision_20260915/results_strict/revision_20260918_expanded_candidate_pool_controls_v4_threshold_aligned/score/predictions/herg/global_single_seed_101.csv
herg,AUROC,per_task_single,101,9,chem_fp_chemberta_kpgt_ept_xgb,0.804860088365243,/mnt/data/projects/trimole_hybrid_revision_20260915/results_strict/revision_20260918_expanded_candidate_pool_controls_v4_threshold_aligned/score/predictions/herg/per_task_single_seed_101.csv
herg,AUROC,validation_top2_average,101,9,chem_fp_chemberta_kpgt_ept_xgb;chem_fp_chemberta_kpgt_xgb,0.8083946980854197,/mnt/data/projects/trimole_hybrid_revision_20260915/results_strict/revision_20260918_expanded_candidate_pool_controls_v4_threshold_aligned/score/predictions/herg/validation_top2_average_seed_101.csv
herg,AUROC,validation_top3_average,101,9,chem_fp_chemberta_kpgt_ept_xgb;chem_fp_chemberta_kpgt_xgb;chem_fp_xgb,0.8013254786450662,/mnt/data/projects/trimole_hybrid_revision_20260915/results_strict/revision_20260918_expanded_candidate_pool_controls_v4_threshold_aligned/score/predictions/herg/validation_top3_average_seed_101.csv
herg,AUROC,uniform_candidate_average,101,9,chem_fp_chemberta_kpgt_ept_xgb;chem_fp_chemberta_kpgt_xgb;chem_fp_xgb;deep_chemberta_kpgt_ept_ridge_linear;deep_chemberta_kpgt_ridge_linear;deep_chemberta_ridge_linear;deep_ept_ridge_linear;deep_kpgt_ept_ridge_linear;deep_kpgt_ridge_linear,0.8275405007363771,/mnt/data/projects/trimole_hybrid_revision_20260915/results_strict/revision_20260918_expanded_candidate_pool_controls_v4_threshold_aligned/score/predictions/herg/uniform_candidate_average_seed_101.csv
herg,AUROC,validation_stacking,101,9,chem_fp_chemberta_kpgt_ept_xgb;chem_fp_chemberta_kpgt_xgb;chem_fp_xgb;deep_chemberta_kpgt_ept_ridge_linear;deep_chemberta_kpgt_ridge_linear;deep_chemberta_ridge_linear;deep_ept_ridge_linear;deep_kpgt_ept_ridge_linear;deep_kpgt_ridge_linear,0.7353460972017674,/mnt/data/projects/trimole_hybrid_revision_20260915/results_strict/revision_20260918_expanded_candidate_pool_controls_v4_threshold_aligned/score/predictions/herg/validation_stacking_seed_101.csv
herg,AUROC,global_single,202,9,chem_fp_chemberta_kpgt_ept_xgb,0.8269513991163475,/mnt/data/projects/trimole_hybrid_revision_20260915/results_strict/revision_20260918_expanded_candidate_pool_controls_v4_threshold_aligned/score/predictions/herg/global_single_seed_202.csv
herg,AUROC,per_task_single,202,9,chem_fp_chemberta_kpgt_ept_xgb,0.8269513991163475,/mnt/data/projects/trimole_hybrid_revision_20260915/results_strict/revision_20260918_expanded_candidate_pool_controls_v4_threshold_aligned/score/predictions/herg/per_task_single_seed_202.csv
herg,AUROC,validation_top2_average,202,9,chem_fp_chemberta_kpgt_ept_xgb;chem_fp_chemberta_kpgt_xgb,0.8310751104565538,/mnt/data/projects/trimole_hybrid_revision_20260915/results_strict/revision_20260918_expanded_candidate_pool_controls_v4_threshold_aligned/score/predictions/herg/validation_top2_average_seed_202.csv
herg,AUROC,validation_top3_average,202,9,chem_fp_chemberta_kpgt_ept_xgb;chem_fp_chemberta_kpgt_xgb;chem_fp_xgb,0.8189985272459499,/mnt/data/projects/trimole_hybrid_revision_20260915/results_strict/revision_20260918_expanded_candidate_pool_controls_v4_threshold_aligned/score/predictions/herg/validation_top3_average_seed_202.csv
herg,AUROC,uniform_candidate_average,202,9,chem_fp_chemberta_kpgt_ept_xgb;chem_fp_chemberta_kpgt_xgb;chem_fp_xgb;deep_chemberta_kpgt_ept_ridge_linear;deep_chemberta_kpgt_ridge_linear;deep_chemberta_ridge_linear;deep_ept_ridge_linear;deep_kpgt_ept_ridge_linear;deep_kpgt_ridge_linear,0.8101620029455081,/mnt/data/projects/trimole_hybrid_revision_20260915/results_strict/revision_20260918_expanded_candidate_pool_controls_v4_threshold_aligned/score/predictions/herg/uniform_candidate_average_seed_202.csv
herg,AUROC,validation_stacking,202,9,chem_fp_chemberta_kpgt_ept_xgb;chem_fp_chemberta_kpgt_xgb;chem_fp_xgb;deep_chemberta_kpgt_ept_ridge_linear;deep_chemberta_kpgt_ridge_linear;deep_chemberta_ridge_linear;deep_ept_ridge_linear;deep_kpgt_ept_ridge_linear;deep_kpgt_ridge_linear,0.8192930780559645,/mnt/data/projects/trimole_hybrid_revision_20260915/results_strict/revision_20260918_expanded_candidate_pool_controls_v4_threshold_aligned/score/predictions/herg/validation_stacking_seed_202.csv
herg,AUROC,global_single,303,9,chem_fp_chemberta_kpgt_ept_xgb,0.8175257731958763,/mnt/data/projects/trimole_hybrid_revision_20260915/results_strict/revision_20260918_expanded_candidate_pool_controls_v4_threshold_aligned/score/predictions/herg/global_single_seed_303.csv
herg,AUROC,per_task_single,303,9,chem_fp_chemberta_kpgt_ept_xgb,0.8175257731958763,/mnt/data/projects/trimole_hybrid_revision_20260915/results_strict/revision_20260918_expanded_candidate_pool_controls_v4_threshold_aligned/score/predictions/herg/per_task_single_seed_303.csv
herg,AUROC,validation_top2_average,303,9,chem_fp_chemberta_kpgt_ept_xgb;chem_fp_chemberta_kpgt_xgb,0.8310751104565538,/mnt/data/projects/trimole_hybrid_revision_20260915/results_strict/revision_20260918_expanded_candidate_pool_controls_v4_threshold_aligned/score/predictions/herg/validation_top2_average_seed_303.csv
herg,AUROC,validation_top3_average,303,9,chem_fp_chemberta_kpgt_ept_xgb;chem_fp_chemberta_kpgt_xgb;chem_fp_xgb,0.8030927835051547,/mnt/data/projects/trimole_hybrid_revision_20260915/results_strict/revision_20260918_expanded_candidate_pool_controls_v4_threshold_aligned/score/predictions/herg/validation_top3_average_seed_303.csv
herg,AUROC,uniform_candidate_average,303,9,chem_fp_chemberta_kpgt_ept_xgb;chem_fp_chemberta_kpgt_xgb;chem_fp_xgb;deep_chemberta_kpgt_ept_ridge_linear;deep_chemberta_kpgt_ridge_linear;deep_chemberta_ridge_linear;deep_ept_ridge_linear;deep_kpgt_ept_ridge_linear;deep_kpgt_ridge_linear,0.7851251840942562,/mnt/data/projects/trimole_hybrid_revision_20260915/results_strict/revision_20260918_expanded_candidate_pool_controls_v4_threshold_aligned/score/predictions/herg/uniform_candidate_average_seed_303.csv
herg,AUROC,validation_stacking,303,9,chem_fp_chemberta_kpgt_ept_xgb;chem_fp_chemberta_kpgt_xgb;chem_fp_xgb;deep_chemberta_kpgt_ept_ridge_linear;deep_chemberta_kpgt_ridge_linear;deep_chemberta_ridge_linear;deep_ept_ridge_linear;deep_kpgt_ept_ridge_linear;deep_kpgt_ridge_linear,0.7539027982326951,/mnt/data/projects/trimole_hybrid_revision_20260915/results_strict/revision_20260918_expanded_candidate_pool_controls_v4_threshold_aligned/score/predictions/herg/validation_stacking_seed_303.csv
herg,AUROC,global_single,404,9,chem_fp_chemberta_kpgt_ept_xgb,0.8234167893961708,/mnt/data/projects/trimole_hybrid_revision_20260915/results_strict/revision_20260918_expanded_candidate_pool_controls_v4_threshold_aligned/score/predictions/herg/global_single_seed_404.csv
herg,AUROC,per_task_single,404,9,chem_fp_chemberta_kpgt_ept_xgb,0.8234167893961708,/mnt/data/projects/trimole_hybrid_revision_20260915/results_strict/revision_20260918_expanded_candidate_pool_controls_v4_threshold_aligned/score/predictions/herg/per_task_single_seed_404.csv
herg,AUROC,validation_top2_average,404,9,chem_fp_chemberta_kpgt_ept_xgb;chem_fp_chemberta_kpgt_xgb,0.8207658321060384,/mnt/data/projects/trimole_hybrid_revision_20260915/results_strict/revision_20260918_expanded_candidate_pool_controls_v4_threshold_aligned/score/predictions/herg/validation_top2_average_seed_404.csv
herg,AUROC,validation_top3_average,404,9,chem_fp_chemberta_kpgt_ept_xgb;chem_fp_chemberta_kpgt_xgb;chem_fp_xgb,0.8057437407952872,/mnt/data/projects/trimole_hybrid_revision_20260915/results_strict/revision_20260918_expanded_candidate_pool_controls_v4_threshold_aligned/score/predictions/herg/validation_top3_average_seed_404.csv
herg,AUROC,uniform_candidate_average,404,9,chem_fp_chemberta_kpgt_ept_xgb;chem_fp_chemberta_kpgt_xgb;chem_fp_xgb;deep_chemberta_kpgt_ept_ridge_linear;deep_chemberta_kpgt_ridge_linear;deep_chemberta_ridge_linear;deep_ept_ridge_linear;deep_kpgt_ept_ridge_linear;deep_kpgt_ridge_linear,0.8207658321060383,/mnt/data/projects/trimole_hybrid_revision_20260915/results_strict/revision_20260918_expanded_candidate_pool_controls_v4_threshold_aligned/score/predictions/herg/uniform_candidate_average_seed_404.csv
herg,AUROC,validation_stacking,404,9,chem_fp_chemberta_kpgt_ept_xgb;chem_fp_chemberta_kpgt_xgb;chem_fp_xgb;deep_chemberta_kpgt_ept_ridge_linear;deep_chemberta_kpgt_ridge_linear;deep_chemberta_ridge_linear;deep_ept_ridge_linear;deep_kpgt_ept_ridge_linear;deep_kpgt_ridge_linear,0.7415316642120765,/mnt/data/projects/trimole_hybrid_revision_20260915/results_strict/revision_20260918_expanded_candidate_pool_controls_v4_threshold_aligned/score/predictions/herg/validation_stacking_seed_404.csv
herg,AUROC,global_single,505,9,chem_fp_chemberta_kpgt_ept_xgb,0.809720176730486,/mnt/data/projects/trimole_hybrid_revision_20260915/results_strict/revision_20260918_expanded_candidate_pool_controls_v4_threshold_aligned/score/predictions/herg/global_single_seed_505.csv
herg,AUROC,per_task_single,505,9,chem_fp_chemberta_kpgt_ept_xgb,0.809720176730486,/mnt/data/projects/trimole_hybrid_revision_20260915/results_strict/revision_20260918_expanded_candidate_pool_controls_v4_threshold_aligned/score/predictions/herg/per_task_single_seed_505.csv
herg,AUROC,validation_top2_average,505,9,chem_fp_chemberta_kpgt_ept_xgb;chem_fp_chemberta_kpgt_xgb,0.8176730486008837,/mnt/data/projects/trimole_hybrid_revision_20260915/results_strict/revision_20260918_expanded_candidate_pool_controls_v4_threshold_aligned/score/predictions/herg/validation_top2_average_seed_505.csv
herg,AUROC,validation_top3_average,505,9,chem_fp_chemberta_kpgt_ept_xgb;chem_fp_chemberta_kpgt_xgb;chem_fp_xgb,0.8005891016200294,/mnt/data/projects/trimole_hybrid_revision_20260915/results_strict/revision_20260918_expanded_candidate_pool_controls_v4_threshold_aligned/score/predictions/herg/validation_top3_average_seed_505.csv
herg,AUROC,uniform_candidate_average,505,9,chem_fp_chemberta_kpgt_ept_xgb;chem_fp_chemberta_kpgt_xgb;chem_fp_xgb;deep_chemberta_kpgt_ept_ridge_linear;deep_chemberta_kpgt_ridge_linear;deep_chemberta_ridge_linear;deep_ept_ridge_linear;deep_kpgt_ept_ridge_linear;deep_kpgt_ridge_linear,0.7823269513991163,/mnt/data/projects/trimole_hybrid_revision_20260915/results_strict/revision_20260918_expanded_candidate_pool_controls_v4_threshold_aligned/score/predictions/herg/uniform_candidate_average_seed_505.csv
herg,AUROC,validation_stacking,505,9,chem_fp_chemberta_kpgt_ept_xgb;chem_fp_chemberta_kpgt_xgb;chem_fp_xgb;deep_chemberta_kpgt_ept_ridge_linear;deep_chemberta_kpgt_ridge_linear;deep_chemberta_ridge_linear;deep_ept_ridge_linear;deep_kpgt_ept_ridge_linear;deep_kpgt_ridge_linear,0.7652430044182621,/mnt/data/projects/trimole_hybrid_revision_20260915/results_strict/revision_20260918_expanded_candidate_pool_controls_v4_threshold_aligned/score/predictions/herg/validation_stacking_seed_505.csv
hia_hou,AUROC,global_single,101,9,chem_fp_chemberta_kpgt_ept_xgb,0.9646090534979423,/mnt/data/projects/trimole_hybrid_revision_20260915/results_strict/revision_20260918_expanded_candidate_pool_controls_v4_threshold_aligned/score/predictions/hia_hou/global_single_seed_101.csv
hia_hou,AUROC,per_task_single,101,9,chem_fp_chemberta_kpgt_xgb,0.9456790123456791,/mnt/data/projects/trimole_hybrid_revision_20260915/results_strict/revision_20260918_expanded_candidate_pool_controls_v4_threshold_aligned/score/predictions/hia_hou/per_task_single_seed_101.csv
hia_hou,AUROC,validation_top2_average,101,9,chem_fp_chemberta_kpgt_xgb;chem_fp_chemberta_kpgt_ept_xgb,0.9650205761316873,/mnt/data/projects/trimole_hybrid_revision_20260915/results_strict/revision_20260918_expanded_candidate_pool_controls_v4_threshold_aligned/score/predictions/hia_hou/validation_top2_average_seed_101.csv
hia_hou,AUROC,validation_top3_average,101,9,chem_fp_chemberta_kpgt_xgb;chem_fp_chemberta_kpgt_ept_xgb;chem_fp_xgb,0.9781893004115227,/mnt/data/projects/trimole_hybrid_revision_20260915/results_strict/revision_20260918_expanded_candidate_pool_controls_v4_threshold_aligned/score/predictions/hia_hou/validation_top3_average_seed_101.csv
hia_hou,AUROC,uniform_candidate_average,101,9,chem_fp_chemberta_kpgt_ept_xgb;chem_fp_chemberta_kpgt_xgb;chem_fp_xgb;deep_chemberta_kpgt_ept_ridge_linear;deep_chemberta_kpgt_ridge_linear;deep_chemberta_ridge_linear;deep_ept_ridge_linear;deep_kpgt_ept_ridge_linear;deep_kpgt_ridge_linear,0.9732510288065843,/mnt/data/projects/trimole_hybrid_revision_20260915/results_strict/revision_20260918_expanded_candidate_pool_controls_v4_threshold_aligned/score/predictions/hia_hou/uniform_candidate_average_seed_101.csv
hia_hou,AUROC,validation_stacking,101,9,chem_fp_chemberta_kpgt_ept_xgb;chem_fp_chemberta_kpgt_xgb;chem_fp_xgb;deep_chemberta_kpgt_ept_ridge_linear;deep_chemberta_kpgt_ridge_linear;deep_chemberta_ridge_linear;deep_ept_ridge_linear;deep_kpgt_ept_ridge_linear;deep_kpgt_ridge_linear,0.9753086419753086,/mnt/data/projects/trimole_hybrid_revision_20260915/results_strict/revision_20260918_expanded_candidate_pool_controls_v4_threshold_aligned/score/predictions/hia_hou/validation_stacking_seed_101.csv
hia_hou,AUROC,global_single,202,9,chem_fp_chemberta_kpgt_ept_xgb,0.9720164609053499,/mnt/data/projects/trimole_hybrid_revision_20260915/results_strict/revision_20260918_expanded_candidate_pool_controls_v4_threshold_aligned/score/predictions/hia_hou/global_single_seed_202.csv
hia_hou,AUROC,per_task_single,202,9,chem_fp_chemberta_kpgt_xgb,0.9530864197530864,/mnt/data/projects/trimole_hybrid_revision_20260915/results_strict/revision_20260918_expanded_candidate_pool_controls_v4_threshold_aligned/score/predictions/hia_hou/per_task_single_seed_202.csv
hia_hou,AUROC,validation_top2_average,202,9,chem_fp_chemberta_kpgt_xgb;chem_fp_chemberta_kpgt_ept_xgb,0.971604938271605,/mnt/data/projects/trimole_hybrid_revision_20260915/results_strict/revision_20260918_expanded_candidate_pool_controls_v4_threshold_aligned/score/predictions/hia_hou/validation_top2_average_seed_202.csv
hia_hou,AUROC,validation_top3_average,202,9,chem_fp_chemberta_kpgt_xgb;chem_fp_chemberta_kpgt_ept_xgb;chem_fp_xgb,0.9732510288065843,/mnt/data/projects/trimole_hybrid_revision_20260915/results_strict/revision_20260918_expanded_candidate_pool_controls_v4_threshold_aligned/score/predictions/hia_hou/validation_top3_average_seed_202.csv
hia_hou,AUROC,uniform_candidate_average,202,9,chem_fp_chemberta_kpgt_ept_xgb;chem_fp_chemberta_kpgt_xgb;chem_fp_xgb;deep_chemberta_kpgt_ept_ridge_linear;deep_chemberta_kpgt_ridge_linear;deep_chemberta_ridge_linear;deep_ept_ridge_linear;deep_kpgt_ept_ridge_linear;deep_kpgt_ridge_linear,0.980246913580247,/mnt/data/projects/trimole_hybrid_revision_20260915/results_strict/revision_20260918_expanded_candidate_pool_controls_v4_threshold_aligned/score/predictions/hia_hou/uniform_candidate_average_seed_202.csv
hia_hou,AUROC,validation_stacking,202,9,chem_fp_chemberta_kpgt_ept_xgb;chem_fp_chemberta_kpgt_xgb;chem_fp_xgb;deep_chemberta_kpgt_ept_ridge_linear;deep_chemberta_kpgt_ridge_linear;deep_chemberta_ridge_linear;deep_ept_ridge_linear;deep_kpgt_ept_ridge_linear;deep_kpgt_ridge_linear,0.971604938271605,/mnt/data/projects/trimole_hybrid_revision_20260915/results_strict/revision_20260918_expanded_candidate_pool_controls_v4_threshold_aligned/score/predictions/hia_hou/validation_stacking_seed_202.csv
hia_hou,AUROC,global_single,303,9,chem_fp_chemberta_kpgt_ept_xgb,0.9732510288065844,/mnt/data/projects/trimole_hybrid_revision_20260915/results_strict/revision_20260918_expanded_candidate_pool_controls_v4_threshold_aligned/score/predictions/hia_hou/global_single_seed_303.csv
hia_hou,AUROC,per_task_single,303,9,chem_fp_chemberta_kpgt_xgb,0.9559670781893005,/mnt/data/projects/trimole_hybrid_revision_20260915/results_strict/revision_20260918_expanded_candidate_pool_controls_v4_threshold_aligned/score/predictions/hia_hou/per_task_single_seed_303.csv
hia_hou,AUROC,validation_top2_average,303,9,chem_fp_chemberta_kpgt_xgb;chem_fp_chemberta_kpgt_ept_xgb,0.9728395061728394,/mnt/data/projects/trimole_hybrid_revision_20260915/results_strict/revision_20260918_expanded_candidate_pool_controls_v4_threshold_aligned/score/predictions/hia_hou/validation_top2_average_seed_303.csv
hia_hou,AUROC,validation_top3_average,303,9,chem_fp_chemberta_kpgt_xgb;chem_fp_chemberta_kpgt_ept_xgb;chem_fp_xgb,0.980246913580247,/mnt/data/projects/trimole_hybrid_revision_20260915/results_strict/revision_20260918_expanded_candidate_pool_controls_v4_threshold_aligned/score/predictions/hia_hou/validation_top3_average_seed_303.csv
hia_hou,AUROC,uniform_candidate_average,303,9,chem_fp_chemberta_kpgt_ept_xgb;chem_fp_chemberta_kpgt_xgb;chem_fp_xgb;deep_chemberta_kpgt_ept_ridge_linear;deep_chemberta_kpgt_ridge_linear;deep_chemberta_ridge_linear;deep_ept_ridge_linear;deep_kpgt_ept_ridge_linear;deep_kpgt_ridge_linear,0.9823045267489712,/mnt/data/projects/trimole_hybrid_revision_20260915/results_strict/revision_20260918_expanded_candidate_pool_controls_v4_threshold_aligned/score/predictions/hia_hou/uniform_candidate_average_seed_303.csv
hia_hou,AUROC,validation_stacking,303,9,chem_fp_chemberta_kpgt_ept_xgb;chem_fp_chemberta_kpgt_xgb;chem_fp_xgb;deep_chemberta_kpgt_ept_ridge_linear;deep_chemberta_kpgt_ridge_linear;deep_chemberta_ridge_linear;deep_ept_ridge_linear;deep_kpgt_ept_ridge_linear;deep_kpgt_ridge_linear,0.9827160493827161,/mnt/data/projects/trimole_hybrid_revision_20260915/results_strict/revision_20260918_expanded_candidate_pool_controls_v4_threshold_aligned/score/predictions/hia_hou/validation_stacking_seed_303.csv
hia_hou,AUROC,global_single,404,9,chem_fp_chemberta_kpgt_ept_xgb,0.9761316872427983,/mnt/data/projects/trimole_hybrid_revision_20260915/results_strict/revision_20260918_expanded_candidate_pool_controls_v4_threshold_aligned/score/predictions/hia_hou/global_single_seed_404.csv
hia_hou,AUROC,per_task_single,404,9,chem_fp_chemberta_kpgt_xgb,0.9522633744855967,/mnt/data/projects/trimole_hybrid_revision_20260915/results_strict/revision_20260918_expanded_candidate_pool_controls_v4_threshold_aligned/score/predictions/hia_hou/per_task_single_seed_404.csv
hia_hou,AUROC,validation_top2_average,404,9,chem_fp_chemberta_kpgt_xgb;chem_fp_chemberta_kpgt_ept_xgb,0.9740740740740741,/mnt/data/projects/trimole_hybrid_revision_20260915/results_strict/revision_20260918_expanded_candidate_pool_controls_v4_threshold_aligned/score/predictions/hia_hou/validation_top2_average_seed_404.csv
hia_hou,AUROC,validation_top3_average,404,9,chem_fp_chemberta_kpgt_xgb;chem_fp_chemberta_kpgt_ept_xgb;chem_fp_xgb,0.9814814814814815,/mnt/data/projects/trimole_hybrid_revision_20260915/results_strict/revision_20260918_expanded_candidate_pool_controls_v4_threshold_aligned/score/predictions/hia_hou/validation_top3_average_seed_404.csv
hia_hou,AUROC,uniform_candidate_average,404,9,chem_fp_chemberta_kpgt_ept_xgb;chem_fp_chemberta_kpgt_xgb;chem_fp_xgb;deep_chemberta_kpgt_ept_ridge_linear;deep_chemberta_kpgt_ridge_linear;deep_chemberta_ridge_linear;deep_ept_ridge_linear;deep_kpgt_ept_ridge_linear;deep_kpgt_ridge_linear,0.9810699588477365,/mnt/data/projects/trimole_hybrid_revision_20260915/results_strict/revision_20260918_expanded_candidate_pool_controls_v4_threshold_aligned/score/predictions/hia_hou/uniform_candidate_average_seed_404.csv
hia_hou,AUROC,validation_stacking,404,9,chem_fp_chemberta_kpgt_ept_xgb;chem_fp_chemberta_kpgt_xgb;chem_fp_xgb;deep_chemberta_kpgt_ept_ridge_linear;deep_chemberta_kpgt_ridge_linear;deep_chemberta_ridge_linear;deep_ept_ridge_linear;deep_kpgt_ept_ridge_linear;deep_kpgt_ridge_linear,0.9835390946502057,/mnt/data/projects/trimole_hybrid_revision_20260915/results_strict/revision_20260918_expanded_candidate_pool_controls_v4_threshold_aligned/score/predictions/hia_hou/validation_stacking_seed_404.csv
hia_hou,AUROC,global_single,505,9,chem_fp_chemberta_kpgt_ept_xgb,0.9641975308641975,/mnt/data/projects/trimole_hybrid_revision_20260915/results_strict/revision_20260918_expanded_candidate_pool_controls_v4_threshold_aligned/score/predictions/hia_hou/global_single_seed_505.csv
hia_hou,AUROC,per_task_single,505,9,chem_fp_chemberta_kpgt_xgb,0.9473251028806584,/mnt/data/projects/trimole_hybrid_revision_20260915/results_strict/revision_20260918_expanded_candidate_pool_controls_v4_threshold_aligned/score/predictions/hia_hou/per_task_single_seed_505.csv
hia_hou,AUROC,validation_top2_average,505,9,chem_fp_chemberta_kpgt_xgb;chem_fp_chemberta_kpgt_ept_xgb,0.9625514403292181,/mnt/data/projects/trimole_hybrid_revision_20260915/results_strict/revision_20260918_expanded_candidate_pool_controls_v4_threshold_aligned/score/predictions/hia_hou/validation_top2_average_seed_505.csv
hia_hou,AUROC,validation_top3_average,505,9,chem_fp_chemberta_kpgt_xgb;chem_fp_chemberta_kpgt_ept_xgb;chem_fp_xgb,0.9728395061728395,/mnt/data/projects/trimole_hybrid_revision_20260915/results_strict/revision_20260918_expanded_candidate_pool_controls_v4_threshold_aligned/score/predictions/hia_hou/validation_top3_average_seed_505.csv
hia_hou,AUROC,uniform_candidate_average,505,9,chem_fp_chemberta_kpgt_ept_xgb;chem_fp_chemberta_kpgt_xgb;chem_fp_xgb;deep_chemberta_kpgt_ept_ridge_linear;deep_chemberta_kpgt_ridge_linear;deep_chemberta_ridge_linear;deep_ept_ridge_linear;deep_kpgt_ept_ridge_linear;deep_kpgt_ridge_linear,0.9860082304526749,/mnt/data/projects/trimole_hybrid_revision_20260915/results_strict/revision_20260918_expanded_candidate_pool_controls_v4_threshold_aligned/score/predictions/hia_hou/uniform_candidate_average_seed_505.csv
hia_hou,AUROC,validation_stacking,505,9,chem_fp_chemberta_kpgt_ept_xgb;chem_fp_chemberta_kpgt_xgb;chem_fp_xgb;deep_chemberta_kpgt_ept_ridge_linear;deep_chemberta_kpgt_ridge_linear;deep_chemberta_ridge_linear;deep_ept_ridge_linear;deep_kpgt_ept_ridge_linear;deep_kpgt_ridge_linear,0.9555555555555556,/mnt/data/projects/trimole_hybrid_revision_20260915/results_strict/revision_20260918_expanded_candidate_pool_controls_v4_threshold_aligned/score/predictions/hia_hou/validation_stacking_seed_505.csv
ld50_zhu,MAE,global_single,101,9,chem_fp_chemberta_kpgt_ept_xgb,0.6218126131258458,/mnt/data/projects/trimole_hybrid_revision_20260915/results_strict/revision_20260918_expanded_candidate_pool_controls_v4_threshold_aligned/score/predictions/ld50_zhu/global_single_seed_101.csv
ld50_zhu,MAE,per_task_single,101,9,chem_fp_chemberta_kpgt_ept_xgb,0.6218126131258458,/mnt/data/projects/trimole_hybrid_revision_20260915/results_strict/revision_20260918_expanded_candidate_pool_controls_v4_threshold_aligned/score/predictions/ld50_zhu/per_task_single_seed_101.csv
ld50_zhu,MAE,validation_top2_average,101,9,chem_fp_chemberta_kpgt_ept_xgb;chem_fp_chemberta_kpgt_xgb,0.6263459411366712,/mnt/data/projects/trimole_hybrid_revision_20260915/results_strict/revision_20260918_expanded_candidate_pool_controls_v4_threshold_aligned/score/predictions/ld50_zhu/validation_top2_average_seed_101.csv
ld50_zhu,MAE,validation_top3_average,101,9,chem_fp_chemberta_kpgt_ept_xgb;chem_fp_chemberta_kpgt_xgb;chem_fp_xgb,0.6315974201623816,/mnt/data/projects/trimole_hybrid_revision_20260915/results_strict/revision_20260918_expanded_candidate_pool_controls_v4_threshold_aligned/score/predictions/ld50_zhu/validation_top3_average_seed_101.csv
ld50_zhu,MAE,uniform_candidate_average,101,9,chem_fp_chemberta_kpgt_ept_xgb;chem_fp_chemberta_kpgt_xgb;chem_fp_xgb;deep_chemberta_kpgt_ept_ridge_linear;deep_chemberta_kpgt_ridge_linear;deep_chemberta_ridge_linear;deep_ept_ridge_linear;deep_kpgt_ept_ridge_linear;deep_kpgt_ridge_linear,0.6188672397478199,/mnt/data/projects/trimole_hybrid_revision_20260915/results_strict/revision_20260918_expanded_candidate_pool_controls_v4_threshold_aligned/score/predictions/ld50_zhu/uniform_candidate_average_seed_101.csv
ld50_zhu,MAE,validation_stacking,101,9,chem_fp_chemberta_kpgt_ept_xgb;chem_fp_chemberta_kpgt_xgb;chem_fp_xgb;deep_chemberta_kpgt_ept_ridge_linear;deep_chemberta_kpgt_ridge_linear;deep_chemberta_ridge_linear;deep_ept_ridge_linear;deep_kpgt_ept_ridge_linear;deep_kpgt_ridge_linear,0.6312956713734813,/mnt/data/projects/trimole_hybrid_revision_20260915/results_strict/revision_20260918_expanded_candidate_pool_controls_v4_threshold_aligned/score/predictions/ld50_zhu/validation_stacking_seed_101.csv
ld50_zhu,MAE,global_single,202,9,chem_fp_chemberta_kpgt_ept_xgb,0.6186068446549391,/mnt/data/projects/trimole_hybrid_revision_20260915/results_strict/revision_20260918_expanded_candidate_pool_controls_v4_threshold_aligned/score/predictions/ld50_zhu/global_single_seed_202.csv
ld50_zhu,MAE,per_task_single,202,9,chem_fp_chemberta_kpgt_ept_xgb,0.6186068446549391,/mnt/data/projects/trimole_hybrid_revision_20260915/results_strict/revision_20260918_expanded_candidate_pool_controls_v4_threshold_aligned/score/predictions/ld50_zhu/per_task_single_seed_202.csv
ld50_zhu,MAE,validation_top2_average,202,9,chem_fp_chemberta_kpgt_ept_xgb;chem_fp_chemberta_kpgt_xgb,0.6178556966508796,/mnt/data/projects/trimole_hybrid_revision_20260915/results_strict/revision_20260918_expanded_candidate_pool_controls_v4_threshold_aligned/score/predictions/ld50_zhu/validation_top2_average_seed_202.csv
ld50_zhu,MAE,validation_top3_average,202,9,chem_fp_chemberta_kpgt_ept_xgb;chem_fp_chemberta_kpgt_xgb;chem_fp_xgb,0.6286944744023455,/mnt/data/projects/trimole_hybrid_revision_20260915/results_strict/revision_20260918_expanded_candidate_pool_controls_v4_threshold_aligned/score/predictions/ld50_zhu/validation_top3_average_seed_202.csv
ld50_zhu,MAE,uniform_candidate_average,202,9,chem_fp_chemberta_kpgt_ept_xgb;chem_fp_chemberta_kpgt_xgb;chem_fp_xgb;deep_chemberta_kpgt_ept_ridge_linear;deep_chemberta_kpgt_ridge_linear;deep_chemberta_ridge_linear;deep_ept_ridge_linear;deep_kpgt_ept_ridge_linear;deep_kpgt_ridge_linear,0.6170213877180499,/mnt/data/projects/trimole_hybrid_revision_20260915/results_strict/revision_20260918_expanded_candidate_pool_controls_v4_threshold_aligned/score/predictions/ld50_zhu/uniform_candidate_average_seed_202.csv
ld50_zhu,MAE,validation_stacking,202,9,chem_fp_chemberta_kpgt_ept_xgb;chem_fp_chemberta_kpgt_xgb;chem_fp_xgb;deep_chemberta_kpgt_ept_ridge_linear;deep_chemberta_kpgt_ridge_linear;deep_chemberta_ridge_linear;deep_ept_ridge_linear;deep_kpgt_ept_ridge_linear;deep_kpgt_ridge_linear,0.6212558443779379,/mnt/data/projects/trimole_hybrid_revision_20260915/results_strict/revision_20260918_expanded_candidate_pool_controls_v4_threshold_aligned/score/predictions/ld50_zhu/validation_stacking_seed_202.csv
ld50_zhu,MAE,global_single,303,9,chem_fp_chemberta_kpgt_ept_xgb,0.6149193642760487,/mnt/data/projects/trimole_hybrid_revision_20260915/results_strict/revision_20260918_expanded_candidate_pool_controls_v4_threshold_aligned/score/predictions/ld50_zhu/global_single_seed_303.csv
ld50_zhu,MAE,per_task_single,303,9,chem_fp_chemberta_kpgt_ept_xgb,0.6149193642760487,/mnt/data/projects/trimole_hybrid_revision_20260915/results_strict/revision_20260918_expanded_candidate_pool_controls_v4_threshold_aligned/score/predictions/ld50_zhu/per_task_single_seed_303.csv
ld50_zhu,MAE,validation_top2_average,303,9,chem_fp_chemberta_kpgt_ept_xgb;chem_fp_chemberta_kpgt_xgb,0.6186377389715833,/mnt/data/projects/trimole_hybrid_revision_20260915/results_strict/revision_20260918_expanded_candidate_pool_controls_v4_threshold_aligned/score/predictions/ld50_zhu/validation_top2_average_seed_303.csv
ld50_zhu,MAE,validation_top3_average,303,9,chem_fp_chemberta_kpgt_ept_xgb;chem_fp_chemberta_kpgt_xgb;chem_fp_xgb,0.6265009922643211,/mnt/data/projects/trimole_hybrid_revision_20260915/results_strict/revision_20260918_expanded_candidate_pool_controls_v4_threshold_aligned/score/predictions/ld50_zhu/validation_top3_average_seed_303.csv
ld50_zhu,MAE,uniform_candidate_average,303,9,chem_fp_chemberta_kpgt_ept_xgb;chem_fp_chemberta_kpgt_xgb;chem_fp_xgb;deep_chemberta_kpgt_ept_ridge_linear;deep_chemberta_kpgt_ridge_linear;deep_chemberta_ridge_linear;deep_ept_ridge_linear;deep_kpgt_ept_ridge_linear;deep_kpgt_ridge_linear,0.6166211715400316,/mnt/data/projects/trimole_hybrid_revision_20260915/results_strict/revision_20260918_expanded_candidate_pool_controls_v4_threshold_aligned/score/predictions/ld50_zhu/uniform_candidate_average_seed_303.csv
ld50_zhu,MAE,validation_stacking,303,9,chem_fp_chemberta_kpgt_ept_xgb;chem_fp_chemberta_kpgt_xgb;chem_fp_xgb;deep_chemberta_kpgt_ept_ridge_linear;deep_chemberta_kpgt_ridge_linear;deep_chemberta_ridge_linear;deep_ept_ridge_linear;deep_kpgt_ept_ridge_linear;deep_kpgt_ridge_linear,0.6233289487009666,/mnt/data/projects/trimole_hybrid_revision_20260915/results_strict/revision_20260918_expanded_candidate_pool_controls_v4_threshold_aligned/score/predictions/ld50_zhu/validation_stacking_seed_303.csv
ld50_zhu,MAE,global_single,404,9,chem_fp_chemberta_kpgt_ept_xgb,0.6220335903247632,/mnt/data/projects/trimole_hybrid_revision_20260915/results_strict/revision_20260918_expanded_candidate_pool_controls_v4_threshold_aligned/score/predictions/ld50_zhu/global_single_seed_404.csv
ld50_zhu,MAE,per_task_single,404,9,chem_fp_chemberta_kpgt_ept_xgb,0.6220335903247632,/mnt/data/projects/trimole_hybrid_revision_20260915/results_strict/revision_20260918_expanded_candidate_pool_controls_v4_threshold_aligned/score/predictions/ld50_zhu/per_task_single_seed_404.csv
ld50_zhu,MAE,validation_top2_average,404,9,chem_fp_chemberta_kpgt_ept_xgb;chem_fp_chemberta_kpgt_xgb,0.6223596482746956,/mnt/data/projects/trimole_hybrid_revision_20260915/results_strict/revision_20260918_expanded_candidate_pool_controls_v4_threshold_aligned/score/predictions/ld50_zhu/validation_top2_average_seed_404.csv
ld50_zhu,MAE,validation_top3_average,404,9,chem_fp_chemberta_kpgt_ept_xgb;chem_fp_chemberta_kpgt_xgb;chem_fp_xgb,0.6284997179972938,/mnt/data/projects/trimole_hybrid_revision_20260915/results_strict/revision_20260918_expanded_candidate_pool_controls_v4_threshold_aligned/score/predictions/ld50_zhu/validation_top3_average_seed_404.csv
ld50_zhu,MAE,uniform_candidate_average,404,9,chem_fp_chemberta_kpgt_ept_xgb;chem_fp_chemberta_kpgt_xgb;chem_fp_xgb;deep_chemberta_kpgt_ept_ridge_linear;deep_chemberta_kpgt_ridge_linear;deep_chemberta_ridge_linear;deep_ept_ridge_linear;deep_kpgt_ept_ridge_linear;deep_kpgt_ridge_linear,0.6176234132104571,/mnt/data/projects/trimole_hybrid_revision_20260915/results_strict/revision_20260918_expanded_candidate_pool_controls_v4_threshold_aligned/score/predictions/ld50_zhu/uniform_candidate_average_seed_404.csv
ld50_zhu,MAE,validation_stacking,404,9,chem_fp_chemberta_kpgt_ept_xgb;chem_fp_chemberta_kpgt_xgb;chem_fp_xgb;deep_chemberta_kpgt_ept_ridge_linear;deep_chemberta_kpgt_ridge_linear;deep_chemberta_ridge_linear;deep_ept_ridge_linear;deep_kpgt_ept_ridge_linear;deep_kpgt_ridge_linear,0.6269526807495331,/mnt/data/projects/trimole_hybrid_revision_20260915/results_strict/revision_20260918_expanded_candidate_pool_controls_v4_threshold_aligned/score/predictions/ld50_zhu/validation_stacking_seed_404.csv
ld50_zhu,MAE,global_single,505,9,chem_fp_chemberta_kpgt_ept_xgb,0.6190200667794317,/mnt/data/projects/trimole_hybrid_revision_20260915/results_strict/revision_20260918_expanded_candidate_pool_controls_v4_threshold_aligned/score/predictions/ld50_zhu/global_single_seed_505.csv
ld50_zhu,MAE,per_task_single,505,9,chem_fp_chemberta_kpgt_ept_xgb,0.6190200667794317,/mnt/data/projects/trimole_hybrid_revision_20260915/results_strict/revision_20260918_expanded_candidate_pool_controls_v4_threshold_aligned/score/predictions/ld50_zhu/per_task_single_seed_505.csv
ld50_zhu,MAE,validation_top2_average,505,9,chem_fp_chemberta_kpgt_ept_xgb;chem_fp_chemberta_kpgt_xgb,0.6215570406292287,/mnt/data/projects/trimole_hybrid_revision_20260915/results_strict/revision_20260918_expanded_candidate_pool_controls_v4_threshold_aligned/score/predictions/ld50_zhu/validation_top2_average_seed_505.csv
ld50_zhu,MAE,validation_top3_average,505,9,chem_fp_chemberta_kpgt_ept_xgb;chem_fp_chemberta_kpgt_xgb;chem_fp_xgb,0.6296585321154713,/mnt/data/projects/trimole_hybrid_revision_20260915/results_strict/revision_20260918_expanded_candidate_pool_controls_v4_threshold_aligned/score/predictions/ld50_zhu/validation_top3_average_seed_505.csv
ld50_zhu,MAE,uniform_candidate_average,505,9,chem_fp_chemberta_kpgt_ept_xgb;chem_fp_chemberta_kpgt_xgb;chem_fp_xgb;deep_chemberta_kpgt_ept_ridge_linear;deep_chemberta_kpgt_ridge_linear;deep_chemberta_ridge_linear;deep_ept_ridge_linear;deep_kpgt_ept_ridge_linear;deep_kpgt_ridge_linear,0.617974084944031,/mnt/data/projects/trimole_hybrid_revision_20260915/results_strict/revision_20260918_expanded_candidate_pool_controls_v4_threshold_aligned/score/predictions/ld50_zhu/uniform_candidate_average_seed_505.csv
ld50_zhu,MAE,validation_stacking,505,9,chem_fp_chemberta_kpgt_ept_xgb;chem_fp_chemberta_kpgt_xgb;chem_fp_xgb;deep_chemberta_kpgt_ept_ridge_linear;deep_chemberta_kpgt_ridge_linear;deep_chemberta_ridge_linear;deep_ept_ridge_linear;deep_kpgt_ept_ridge_linear;deep_kpgt_ridge_linear,0.6289539615255566,/mnt/data/projects/trimole_hybrid_revision_20260915/results_strict/revision_20260918_expanded_candidate_pool_controls_v4_threshold_aligned/score/predictions/ld50_zhu/validation_stacking_seed_505.csv
lipophilicity_astrazeneca,MAE,global_single,101,9,chem_fp_chemberta_kpgt_ept_xgb,0.601103601077381,/mnt/data/projects/trimole_hybrid_revision_20260915/results_strict/revision_20260918_expanded_candidate_pool_controls_v4_threshold_aligned/score/predictions/lipophilicity_astrazeneca/global_single_seed_101.csv
lipophilicity_astrazeneca,MAE,per_task_single,101,9,deep_kpgt_ept_ridge_linear,0.5572363429341667,/mnt/data/projects/trimole_hybrid_revision_20260915/results_strict/revision_20260918_expanded_candidate_pool_controls_v4_threshold_aligned/score/predictions/lipophilicity_astrazeneca/per_task_single_seed_101.csv
lipophilicity_astrazeneca,MAE,validation_top2_average,101,9,deep_kpgt_ept_ridge_linear;deep_kpgt_ridge_linear,0.5563194900861309,/mnt/data/projects/trimole_hybrid_revision_20260915/results_strict/revision_20260918_expanded_candidate_pool_controls_v4_threshold_aligned/score/predictions/lipophilicity_astrazeneca/validation_top2_average_seed_101.csv
lipophilicity_astrazeneca,MAE,validation_top3_average,101,9,deep_kpgt_ept_ridge_linear;deep_kpgt_ridge_linear;chem_fp_chemberta_kpgt_xgb,0.5098823930127778,/mnt/data/projects/trimole_hybrid_revision_20260915/results_strict/revision_20260918_expanded_candidate_pool_controls_v4_threshold_aligned/score/predictions/lipophilicity_astrazeneca/validation_top3_average_seed_101.csv
lipophilicity_astrazeneca,MAE,uniform_candidate_average,101,9,chem_fp_chemberta_kpgt_ept_xgb;chem_fp_chemberta_kpgt_xgb;chem_fp_xgb;deep_chemberta_kpgt_ept_ridge_linear;deep_chemberta_kpgt_ridge_linear;deep_chemberta_ridge_linear;deep_ept_ridge_linear;deep_kpgt_ept_ridge_linear;deep_kpgt_ridge_linear,0.5320502405580291,/mnt/data/projects/trimole_hybrid_revision_20260915/results_strict/revision_20260918_expanded_candidate_pool_controls_v4_threshold_aligned/score/predictions/lipophilicity_astrazeneca/uniform_candidate_average_seed_101.csv
lipophilicity_astrazeneca,MAE,validation_stacking,101,9,chem_fp_chemberta_kpgt_ept_xgb;chem_fp_chemberta_kpgt_xgb;chem_fp_xgb;deep_chemberta_kpgt_ept_ridge_linear;deep_chemberta_kpgt_ridge_linear;deep_chemberta_ridge_linear;deep_ept_ridge_linear;deep_kpgt_ept_ridge_linear;deep_kpgt_ridge_linear,0.5197027914422685,/mnt/data/projects/trimole_hybrid_revision_20260915/results_strict/revision_20260918_expanded_candidate_pool_controls_v4_threshold_aligned/score/predictions/lipophilicity_astrazeneca/validation_stacking_seed_101.csv
lipophilicity_astrazeneca,MAE,global_single,202,9,chem_fp_chemberta_kpgt_ept_xgb,0.601413699032381,/mnt/data/projects/trimole_hybrid_revision_20260915/results_strict/revision_20260918_expanded_candidate_pool_controls_v4_threshold_aligned/score/predictions/lipophilicity_astrazeneca/global_single_seed_202.csv
lipophilicity_astrazeneca,MAE,per_task_single,202,9,deep_kpgt_ept_ridge_linear,0.5572363429341667,/mnt/data/projects/trimole_hybrid_revision_20260915/results_strict/revision_20260918_expanded_candidate_pool_controls_v4_threshold_aligned/score/predictions/lipophilicity_astrazeneca/per_task_single_seed_202.csv
lipophilicity_astrazeneca,MAE,validation_top2_average,202,9,deep_kpgt_ept_ridge_linear;deep_kpgt_ridge_linear,0.5563194900861309,/mnt/data/projects/trimole_hybrid_revision_20260915/results_strict/revision_20260918_expanded_candidate_pool_controls_v4_threshold_aligned/score/predictions/lipophilicity_astrazeneca/validation_top2_average_seed_202.csv
lipophilicity_astrazeneca,MAE,validation_top3_average,202,9,deep_kpgt_ept_ridge_linear;deep_kpgt_ridge_linear;chem_fp_chemberta_kpgt_xgb,0.5138226213351984,/mnt/data/projects/trimole_hybrid_revision_20260915/results_strict/revision_20260918_expanded_candidate_pool_controls_v4_threshold_aligned/score/predictions/lipophilicity_astrazeneca/validation_top3_average_seed_202.csv
lipophilicity_astrazeneca,MAE,uniform_candidate_average,202,9,chem_fp_chemberta_kpgt_ept_xgb;chem_fp_chemberta_kpgt_xgb;chem_fp_xgb;deep_chemberta_kpgt_ept_ridge_linear;deep_chemberta_kpgt_ridge_linear;deep_chemberta_ridge_linear;deep_ept_ridge_linear;deep_kpgt_ept_ridge_linear;deep_kpgt_ridge_linear,0.5324352908333863,/mnt/data/projects/trimole_hybrid_revision_20260915/results_strict/revision_20260918_expanded_candidate_pool_controls_v4_threshold_aligned/score/predictions/lipophilicity_astrazeneca/uniform_candidate_average_seed_202.csv
lipophilicity_astrazeneca,MAE,validation_stacking,202,9,chem_fp_chemberta_kpgt_ept_xgb;chem_fp_chemberta_kpgt_xgb;chem_fp_xgb;deep_chemberta_kpgt_ept_ridge_linear;deep_chemberta_kpgt_ridge_linear;deep_chemberta_ridge_linear;deep_ept_ridge_linear;deep_kpgt_ept_ridge_linear;deep_kpgt_ridge_linear,0.5142977922572655,/mnt/data/projects/trimole_hybrid_revision_20260915/results_strict/revision_20260918_expanded_candidate_pool_controls_v4_threshold_aligned/score/predictions/lipophilicity_astrazeneca/validation_stacking_seed_202.csv
lipophilicity_astrazeneca,MAE,global_single,303,9,chem_fp_chemberta_kpgt_ept_xgb,0.6005388515619048,/mnt/data/projects/trimole_hybrid_revision_20260915/results_strict/revision_20260918_expanded_candidate_pool_controls_v4_threshold_aligned/score/predictions/lipophilicity_astrazeneca/global_single_seed_303.csv
lipophilicity_astrazeneca,MAE,per_task_single,303,9,deep_kpgt_ept_ridge_linear,0.5572363429341667,/mnt/data/projects/trimole_hybrid_revision_20260915/results_strict/revision_20260918_expanded_candidate_pool_controls_v4_threshold_aligned/score/predictions/lipophilicity_astrazeneca/per_task_single_seed_303.csv
lipophilicity_astrazeneca,MAE,validation_top2_average,303,9,deep_kpgt_ept_ridge_linear;deep_kpgt_ridge_linear,0.5563194900861309,/mnt/data/projects/trimole_hybrid_revision_20260915/results_strict/revision_20260918_expanded_candidate_pool_controls_v4_threshold_aligned/score/predictions/lipophilicity_astrazeneca/validation_top2_average_seed_303.csv
lipophilicity_astrazeneca,MAE,validation_top3_average,303,9,deep_kpgt_ept_ridge_linear;deep_kpgt_ridge_linear;chem_fp_chemberta_kpgt_xgb,0.5108706642871825,/mnt/data/projects/trimole_hybrid_revision_20260915/results_strict/revision_20260918_expanded_candidate_pool_controls_v4_threshold_aligned/score/predictions/lipophilicity_astrazeneca/validation_top3_average_seed_303.csv
lipophilicity_astrazeneca,MAE,uniform_candidate_average,303,9,chem_fp_chemberta_kpgt_ept_xgb;chem_fp_chemberta_kpgt_xgb;chem_fp_xgb;deep_chemberta_kpgt_ept_ridge_linear;deep_chemberta_kpgt_ridge_linear;deep_chemberta_ridge_linear;deep_ept_ridge_linear;deep_kpgt_ept_ridge_linear;deep_kpgt_ridge_linear,0.5311064743169577,/mnt/data/projects/trimole_hybrid_revision_20260915/results_strict/revision_20260918_expanded_candidate_pool_controls_v4_threshold_aligned/score/predictions/lipophilicity_astrazeneca/uniform_candidate_average_seed_303.csv
lipophilicity_astrazeneca,MAE,validation_stacking,303,9,chem_fp_chemberta_kpgt_ept_xgb;chem_fp_chemberta_kpgt_xgb;chem_fp_xgb;deep_chemberta_kpgt_ept_ridge_linear;deep_chemberta_kpgt_ridge_linear;deep_chemberta_ridge_linear;deep_ept_ridge_linear;deep_kpgt_ept_ridge_linear;deep_kpgt_ridge_linear,0.5095553358663752,/mnt/data/projects/trimole_hybrid_revision_20260915/results_strict/revision_20260918_expanded_candidate_pool_controls_v4_threshold_aligned/score/predictions/lipophilicity_astrazeneca/validation_stacking_seed_303.csv
lipophilicity_astrazeneca,MAE,global_single,404,9,chem_fp_chemberta_kpgt_ept_xgb,0.604914122947619,/mnt/data/projects/trimole_hybrid_revision_20260915/results_strict/revision_20260918_expanded_candidate_pool_controls_v4_threshold_aligned/score/predictions/lipophilicity_astrazeneca/global_single_seed_404.csv
lipophilicity_astrazeneca,MAE,per_task_single,404,9,deep_kpgt_ept_ridge_linear,0.5572363429341667,/mnt/data/projects/trimole_hybrid_revision_20260915/results_strict/revision_20260918_expanded_candidate_pool_controls_v4_threshold_aligned/score/predictions/lipophilicity_astrazeneca/per_task_single_seed_404.csv
lipophilicity_astrazeneca,MAE,validation_top2_average,404,9,deep_kpgt_ept_ridge_linear;deep_kpgt_ridge_linear,0.5563194900861309,/mnt/data/projects/trimole_hybrid_revision_20260915/results_strict/revision_20260918_expanded_candidate_pool_controls_v4_threshold_aligned/score/predictions/lipophilicity_astrazeneca/validation_top2_average_seed_404.csv
lipophilicity_astrazeneca,MAE,validation_top3_average,404,9,deep_kpgt_ept_ridge_linear;deep_kpgt_ridge_linear;chem_fp_chemberta_kpgt_xgb,0.5099083362447222,/mnt/data/projects/trimole_hybrid_revision_20260915/results_strict/revision_20260918_expanded_candidate_pool_controls_v4_threshold_aligned/score/predictions/lipophilicity_astrazeneca/validation_top3_average_seed_404.csv
lipophilicity_astrazeneca,MAE,uniform_candidate_average,404,9,chem_fp_chemberta_kpgt_ept_xgb;chem_fp_chemberta_kpgt_xgb;chem_fp_xgb;deep_chemberta_kpgt_ept_ridge_linear;deep_chemberta_kpgt_ridge_linear;deep_chemberta_ridge_linear;deep_ept_ridge_linear;deep_kpgt_ept_ridge_linear;deep_kpgt_ridge_linear,0.5322288819346825,/mnt/data/projects/trimole_hybrid_revision_20260915/results_strict/revision_20260918_expanded_candidate_pool_controls_v4_threshold_aligned/score/predictions/lipophilicity_astrazeneca/uniform_candidate_average_seed_404.csv
lipophilicity_astrazeneca,MAE,validation_stacking,404,9,chem_fp_chemberta_kpgt_ept_xgb;chem_fp_chemberta_kpgt_xgb;chem_fp_xgb;deep_chemberta_kpgt_ept_ridge_linear;deep_chemberta_kpgt_ridge_linear;deep_chemberta_ridge_linear;deep_ept_ridge_linear;deep_kpgt_ept_ridge_linear;deep_kpgt_ridge_linear,0.5122228953030201,/mnt/data/projects/trimole_hybrid_revision_20260915/results_strict/revision_20260918_expanded_candidate_pool_controls_v4_threshold_aligned/score/predictions/lipophilicity_astrazeneca/validation_stacking_seed_404.csv
lipophilicity_astrazeneca,MAE,global_single,505,9,chem_fp_chemberta_kpgt_ept_xgb,0.5938500736333333,/mnt/data/projects/trimole_hybrid_revision_20260915/results_strict/revision_20260918_expanded_candidate_pool_controls_v4_threshold_aligned/score/predictions/lipophilicity_astrazeneca/global_single_seed_505.csv
lipophilicity_astrazeneca,MAE,per_task_single,505,9,deep_kpgt_ept_ridge_linear,0.5572363429341667,/mnt/data/projects/trimole_hybrid_revision_20260915/results_strict/revision_20260918_expanded_candidate_pool_controls_v4_threshold_aligned/score/predictions/lipophilicity_astrazeneca/per_task_single_seed_505.csv
lipophilicity_astrazeneca,MAE,validation_top2_average,505,9,deep_kpgt_ept_ridge_linear;deep_kpgt_ridge_linear,0.5563194900861309,/mnt/data/projects/trimole_hybrid_revision_20260915/results_strict/revision_20260918_expanded_candidate_pool_controls_v4_threshold_aligned/score/predictions/lipophilicity_astrazeneca/validation_top2_average_seed_505.csv
lipophilicity_astrazeneca,MAE,validation_top3_average,505,9,deep_kpgt_ept_ridge_linear;deep_kpgt_ridge_linear;chem_fp_chemberta_kpgt_xgb,0.510669458624881,/mnt/data/projects/trimole_hybrid_revision_20260915/results_strict/revision_20260918_expanded_candidate_pool_controls_v4_threshold_aligned/score/predictions/lipophilicity_astrazeneca/validation_top3_average_seed_505.csv
lipophilicity_astrazeneca,MAE,uniform_candidate_average,505,9,chem_fp_chemberta_kpgt_ept_xgb;chem_fp_chemberta_kpgt_xgb;chem_fp_xgb;deep_chemberta_kpgt_ept_ridge_linear;deep_chemberta_kpgt_ridge_linear;deep_chemberta_ridge_linear;deep_ept_ridge_linear;deep_kpgt_ept_ridge_linear;deep_kpgt_ridge_linear,0.5313092276069444,/mnt/data/projects/trimole_hybrid_revision_20260915/results_strict/revision_20260918_expanded_candidate_pool_controls_v4_threshold_aligned/score/predictions/lipophilicity_astrazeneca/uniform_candidate_average_seed_505.csv
lipophilicity_astrazeneca,MAE,validation_stacking,505,9,chem_fp_chemberta_kpgt_ept_xgb;chem_fp_chemberta_kpgt_xgb;chem_fp_xgb;deep_chemberta_kpgt_ept_ridge_linear;deep_chemberta_kpgt_ridge_linear;deep_chemberta_ridge_linear;deep_ept_ridge_linear;deep_kpgt_ept_ridge_linear;deep_kpgt_ridge_linear,0.5172869006218135,/mnt/data/projects/trimole_hybrid_revision_20260915/results_strict/revision_20260918_expanded_candidate_pool_controls_v4_threshold_aligned/score/predictions/lipophilicity_astrazeneca/validation_stacking_seed_505.csv
pgp_broccatelli,AUROC,global_single,101,9,chem_fp_chemberta_kpgt_ept_xgb,0.9273527059450812,/mnt/data/projects/trimole_hybrid_revision_20260915/results_strict/revision_20260918_expanded_candidate_pool_controls_v4_threshold_aligned/score/predictions/pgp_broccatelli/global_single_seed_101.csv
pgp_broccatelli,AUROC,per_task_single,101,9,chem_fp_chemberta_kpgt_ept_xgb,0.9273527059450812,/mnt/data/projects/trimole_hybrid_revision_20260915/results_strict/revision_20260918_expanded_candidate_pool_controls_v4_threshold_aligned/score/predictions/pgp_broccatelli/per_task_single_seed_101.csv
pgp_broccatelli,AUROC,validation_top2_average,101,9,chem_fp_chemberta_kpgt_ept_xgb;chem_fp_chemberta_kpgt_xgb,0.9326179685417222,/mnt/data/projects/trimole_hybrid_revision_20260915/results_strict/revision_20260918_expanded_candidate_pool_controls_v4_threshold_aligned/score/predictions/pgp_broccatelli/validation_top2_average_seed_101.csv
pgp_broccatelli,AUROC,validation_top3_average,101,9,chem_fp_chemberta_kpgt_ept_xgb;chem_fp_chemberta_kpgt_xgb;chem_fp_xgb,0.935483870967742,/mnt/data/projects/trimole_hybrid_revision_20260915/results_strict/revision_20260918_expanded_candidate_pool_controls_v4_threshold_aligned/score/predictions/pgp_broccatelli/validation_top3_average_seed_101.csv
pgp_broccatelli,AUROC,uniform_candidate_average,101,9,chem_fp_chemberta_kpgt_ept_xgb;chem_fp_chemberta_kpgt_xgb;chem_fp_xgb;deep_chemberta_kpgt_ept_ridge_linear;deep_chemberta_kpgt_ridge_linear;deep_chemberta_ridge_linear;deep_ept_ridge_linear;deep_kpgt_ept_ridge_linear;deep_kpgt_ridge_linear,0.9416155691815515,/mnt/data/projects/trimole_hybrid_revision_20260915/results_strict/revision_20260918_expanded_candidate_pool_controls_v4_threshold_aligned/score/predictions/pgp_broccatelli/uniform_candidate_average_seed_101.csv
pgp_broccatelli,AUROC,validation_stacking,101,9,chem_fp_chemberta_kpgt_ept_xgb;chem_fp_chemberta_kpgt_xgb;chem_fp_xgb;deep_chemberta_kpgt_ept_ridge_linear;deep_chemberta_kpgt_ridge_linear;deep_chemberta_ridge_linear;deep_ept_ridge_linear;deep_kpgt_ept_ridge_linear;deep_kpgt_ridge_linear,0.9296854172220741,/mnt/data/projects/trimole_hybrid_revision_20260915/results_strict/revision_20260918_expanded_candidate_pool_controls_v4_threshold_aligned/score/predictions/pgp_broccatelli/validation_stacking_seed_101.csv
pgp_broccatelli,AUROC,global_single,202,9,chem_fp_chemberta_kpgt_ept_xgb,0.9286856838176486,/mnt/data/projects/trimole_hybrid_revision_20260915/results_strict/revision_20260918_expanded_candidate_pool_controls_v4_threshold_aligned/score/predictions/pgp_broccatelli/global_single_seed_202.csv
pgp_broccatelli,AUROC,per_task_single,202,9,chem_fp_chemberta_kpgt_ept_xgb,0.9286856838176486,/mnt/data/projects/trimole_hybrid_revision_20260915/results_strict/revision_20260918_expanded_candidate_pool_controls_v4_threshold_aligned/score/predictions/pgp_broccatelli/per_task_single_seed_202.csv
pgp_broccatelli,AUROC,validation_top2_average,202,9,chem_fp_chemberta_kpgt_ept_xgb;chem_fp_chemberta_kpgt_xgb,0.932418021860837,/mnt/data/projects/trimole_hybrid_revision_20260915/results_strict/revision_20260918_expanded_candidate_pool_controls_v4_threshold_aligned/score/predictions/pgp_broccatelli/validation_top2_average_seed_202.csv
pgp_broccatelli,AUROC,validation_top3_average,202,9,chem_fp_chemberta_kpgt_ept_xgb;chem_fp_chemberta_kpgt_xgb;chem_fp_xgb,0.9354172220741136,/mnt/data/projects/trimole_hybrid_revision_20260915/results_strict/revision_20260918_expanded_candidate_pool_controls_v4_threshold_aligned/score/predictions/pgp_broccatelli/validation_top3_average_seed_202.csv
pgp_broccatelli,AUROC,uniform_candidate_average,202,9,chem_fp_chemberta_kpgt_ept_xgb;chem_fp_chemberta_kpgt_xgb;chem_fp_xgb;deep_chemberta_kpgt_ept_ridge_linear;deep_chemberta_kpgt_ridge_linear;deep_chemberta_ridge_linear;deep_ept_ridge_linear;deep_kpgt_ept_ridge_linear;deep_kpgt_ridge_linear,0.9343508397760597,/mnt/data/projects/trimole_hybrid_revision_20260915/results_strict/revision_20260918_expanded_candidate_pool_controls_v4_threshold_aligned/score/predictions/pgp_broccatelli/uniform_candidate_average_seed_202.csv
pgp_broccatelli,AUROC,validation_stacking,202,9,chem_fp_chemberta_kpgt_ept_xgb;chem_fp_chemberta_kpgt_xgb;chem_fp_xgb;deep_chemberta_kpgt_ept_ridge_linear;deep_chemberta_kpgt_ridge_linear;deep_chemberta_ridge_linear;deep_ept_ridge_linear;deep_kpgt_ept_ridge_linear;deep_kpgt_ridge_linear,0.9308184484137563,/mnt/data/projects/trimole_hybrid_revision_20260915/results_strict/revision_20260918_expanded_candidate_pool_controls_v4_threshold_aligned/score/predictions/pgp_broccatelli/validation_stacking_seed_202.csv
pgp_broccatelli,AUROC,global_single,303,9,chem_fp_chemberta_kpgt_ept_xgb,0.9313516395627832,/mnt/data/projects/trimole_hybrid_revision_20260915/results_strict/revision_20260918_expanded_candidate_pool_controls_v4_threshold_aligned/score/predictions/pgp_broccatelli/global_single_seed_303.csv
pgp_broccatelli,AUROC,per_task_single,303,9,chem_fp_chemberta_kpgt_ept_xgb,0.9313516395627832,/mnt/data/projects/trimole_hybrid_revision_20260915/results_strict/revision_20260918_expanded_candidate_pool_controls_v4_threshold_aligned/score/predictions/pgp_broccatelli/per_task_single_seed_303.csv
pgp_broccatelli,AUROC,validation_top2_average,303,9,chem_fp_chemberta_kpgt_ept_xgb;chem_fp_chemberta_kpgt_xgb,0.9323513729672087,/mnt/data/projects/trimole_hybrid_revision_20260915/results_strict/revision_20260918_expanded_candidate_pool_controls_v4_threshold_aligned/score/predictions/pgp_broccatelli/validation_top2_average_seed_303.csv
pgp_broccatelli,AUROC,validation_top3_average,303,9,chem_fp_chemberta_kpgt_ept_xgb;chem_fp_chemberta_kpgt_xgb;chem_fp_xgb,0.9372833910957078,/mnt/data/projects/trimole_hybrid_revision_20260915/results_strict/revision_20260918_expanded_candidate_pool_controls_v4_threshold_aligned/score/predictions/pgp_broccatelli/validation_top3_average_seed_303.csv
pgp_broccatelli,AUROC,uniform_candidate_average,303,9,chem_fp_chemberta_kpgt_ept_xgb;chem_fp_chemberta_kpgt_xgb;chem_fp_xgb;deep_chemberta_kpgt_ept_ridge_linear;deep_chemberta_kpgt_ridge_linear;deep_chemberta_ridge_linear;deep_ept_ridge_linear;deep_kpgt_ept_ridge_linear;deep_kpgt_ridge_linear,0.9402159424153559,/mnt/data/projects/trimole_hybrid_revision_20260915/results_strict/revision_20260918_expanded_candidate_pool_controls_v4_threshold_aligned/score/predictions/pgp_broccatelli/uniform_candidate_average_seed_303.csv
pgp_broccatelli,AUROC,validation_stacking,303,9,chem_fp_chemberta_kpgt_ept_xgb;chem_fp_chemberta_kpgt_xgb;chem_fp_xgb;deep_chemberta_kpgt_ept_ridge_linear;deep_chemberta_kpgt_ridge_linear;deep_chemberta_ridge_linear;deep_ept_ridge_linear;deep_kpgt_ept_ridge_linear;deep_kpgt_ridge_linear,0.9446147693948279,/mnt/data/projects/trimole_hybrid_revision_20260915/results_strict/revision_20260918_expanded_candidate_pool_controls_v4_threshold_aligned/score/predictions/pgp_broccatelli/validation_stacking_seed_303.csv
pgp_broccatelli,AUROC,global_single,404,9,chem_fp_chemberta_kpgt_ept_xgb,0.9320847773926954,/mnt/data/projects/trimole_hybrid_revision_20260915/results_strict/revision_20260918_expanded_candidate_pool_controls_v4_threshold_aligned/score/predictions/pgp_broccatelli/global_single_seed_404.csv
pgp_broccatelli,AUROC,per_task_single,404,9,chem_fp_chemberta_kpgt_ept_xgb,0.9320847773926954,/mnt/data/projects/trimole_hybrid_revision_20260915/results_strict/revision_20260918_expanded_candidate_pool_controls_v4_threshold_aligned/score/predictions/pgp_broccatelli/per_task_single_seed_404.csv
pgp_broccatelli,AUROC,validation_top2_average,404,9,chem_fp_chemberta_kpgt_ept_xgb;chem_fp_chemberta_kpgt_xgb,0.9335510530525194,/mnt/data/projects/trimole_hybrid_revision_20260915/results_strict/revision_20260918_expanded_candidate_pool_controls_v4_threshold_aligned/score/predictions/pgp_broccatelli/validation_top2_average_seed_404.csv
pgp_broccatelli,AUROC,validation_top3_average,404,9,chem_fp_chemberta_kpgt_ept_xgb;chem_fp_chemberta_kpgt_xgb;chem_fp_xgb,0.9364836043721674,/mnt/data/projects/trimole_hybrid_revision_20260915/results_strict/revision_20260918_expanded_candidate_pool_controls_v4_threshold_aligned/score/predictions/pgp_broccatelli/validation_top3_average_seed_404.csv
pgp_broccatelli,AUROC,uniform_candidate_average,404,9,chem_fp_chemberta_kpgt_ept_xgb;chem_fp_chemberta_kpgt_xgb;chem_fp_xgb;deep_chemberta_kpgt_ept_ridge_linear;deep_chemberta_kpgt_ridge_linear;deep_chemberta_ridge_linear;deep_ept_ridge_linear;deep_kpgt_ept_ridge_linear;deep_kpgt_ridge_linear,0.933684350839776,/mnt/data/projects/trimole_hybrid_revision_20260915/results_strict/revision_20260918_expanded_candidate_pool_controls_v4_threshold_aligned/score/predictions/pgp_broccatelli/uniform_candidate_average_seed_404.csv
pgp_broccatelli,AUROC,validation_stacking,404,9,chem_fp_chemberta_kpgt_ept_xgb;chem_fp_chemberta_kpgt_xgb;chem_fp_xgb;deep_chemberta_kpgt_ept_ridge_linear;deep_chemberta_kpgt_ridge_linear;deep_chemberta_ridge_linear;deep_ept_ridge_linear;deep_kpgt_ept_ridge_linear;deep_kpgt_ridge_linear,0.9161556918155158,/mnt/data/projects/trimole_hybrid_revision_20260915/results_strict/revision_20260918_expanded_candidate_pool_controls_v4_threshold_aligned/score/predictions/pgp_broccatelli/validation_stacking_seed_404.csv
pgp_broccatelli,AUROC,global_single,505,9,chem_fp_chemberta_kpgt_ept_xgb,0.9269528125833112,/mnt/data/projects/trimole_hybrid_revision_20260915/results_strict/revision_20260918_expanded_candidate_pool_controls_v4_threshold_aligned/score/predictions/pgp_broccatelli/global_single_seed_505.csv
pgp_broccatelli,AUROC,per_task_single,505,9,chem_fp_chemberta_kpgt_ept_xgb,0.9269528125833112,/mnt/data/projects/trimole_hybrid_revision_20260915/results_strict/revision_20260918_expanded_candidate_pool_controls_v4_threshold_aligned/score/predictions/pgp_broccatelli/per_task_single_seed_505.csv
pgp_broccatelli,AUROC,validation_top2_average,505,9,chem_fp_chemberta_kpgt_ept_xgb;chem_fp_chemberta_kpgt_xgb,0.9339509464142894,/mnt/data/projects/trimole_hybrid_revision_20260915/results_strict/revision_20260918_expanded_candidate_pool_controls_v4_threshold_aligned/score/predictions/pgp_broccatelli/validation_top2_average_seed_505.csv
pgp_broccatelli,AUROC,validation_top3_average,505,9,chem_fp_chemberta_kpgt_ept_xgb;chem_fp_chemberta_kpgt_xgb;chem_fp_xgb,0.9360837110103973,/mnt/data/projects/trimole_hybrid_revision_20260915/results_strict/revision_20260918_expanded_candidate_pool_controls_v4_threshold_aligned/score/predictions/pgp_broccatelli/validation_top3_average_seed_505.csv
pgp_broccatelli,AUROC,uniform_candidate_average,505,9,chem_fp_chemberta_kpgt_ept_xgb;chem_fp_chemberta_kpgt_xgb;chem_fp_xgb;deep_chemberta_kpgt_ept_ridge_linear;deep_chemberta_kpgt_ridge_linear;deep_chemberta_ridge_linear;deep_ept_ridge_linear;deep_kpgt_ept_ridge_linear;deep_kpgt_ridge_linear,0.9398160490535857,/mnt/data/projects/trimole_hybrid_revision_20260915/results_strict/revision_20260918_expanded_candidate_pool_controls_v4_threshold_aligned/score/predictions/pgp_broccatelli/uniform_candidate_average_seed_505.csv
pgp_broccatelli,AUROC,validation_stacking,505,9,chem_fp_chemberta_kpgt_ept_xgb;chem_fp_chemberta_kpgt_xgb;chem_fp_xgb;deep_chemberta_kpgt_ept_ridge_linear;deep_chemberta_kpgt_ridge_linear;deep_chemberta_ridge_linear;deep_ept_ridge_linear;deep_kpgt_ept_ridge_linear;deep_kpgt_ridge_linear,0.9322847240735804,/mnt/data/projects/trimole_hybrid_revision_20260915/results_strict/revision_20260918_expanded_candidate_pool_controls_v4_threshold_aligned/score/predictions/pgp_broccatelli/validation_stacking_seed_505.csv
ppbr_az,MAE,global_single,101,9,chem_fp_chemberta_kpgt_ept_xgb,9.118758939177102,/mnt/data/projects/trimole_hybrid_revision_20260915/results_strict/revision_20260918_expanded_candidate_pool_controls_v4_threshold_aligned/score/predictions/ppbr_az/global_single_seed_101.csv
ppbr_az,MAE,per_task_single,101,9,chem_fp_chemberta_kpgt_ept_xgb,9.118758939177102,/mnt/data/projects/trimole_hybrid_revision_20260915/results_strict/revision_20260918_expanded_candidate_pool_controls_v4_threshold_aligned/score/predictions/ppbr_az/per_task_single_seed_101.csv
ppbr_az,MAE,validation_top2_average,101,9,chem_fp_chemberta_kpgt_ept_xgb;chem_fp_chemberta_kpgt_xgb,8.403116129695885,/mnt/data/projects/trimole_hybrid_revision_20260915/results_strict/revision_20260918_expanded_candidate_pool_controls_v4_threshold_aligned/score/predictions/ppbr_az/validation_top2_average_seed_101.csv
ppbr_az,MAE,validation_top3_average,101,9,chem_fp_chemberta_kpgt_ept_xgb;chem_fp_chemberta_kpgt_xgb;chem_fp_xgb,8.693425339296363,/mnt/data/projects/trimole_hybrid_revision_20260915/results_strict/revision_20260918_expanded_candidate_pool_controls_v4_threshold_aligned/score/predictions/ppbr_az/validation_top3_average_seed_101.csv
ppbr_az,MAE,uniform_candidate_average,101,9,chem_fp_chemberta_kpgt_ept_xgb;chem_fp_chemberta_kpgt_xgb;chem_fp_xgb;deep_chemberta_kpgt_ept_ridge_linear;deep_chemberta_kpgt_ridge_linear;deep_chemberta_ridge_linear;deep_ept_ridge_linear;deep_kpgt_ept_ridge_linear;deep_kpgt_ridge_linear,8.8062271549195,/mnt/data/projects/trimole_hybrid_revision_20260915/results_strict/revision_20260918_expanded_candidate_pool_controls_v4_threshold_aligned/score/predictions/ppbr_az/uniform_candidate_average_seed_101.csv
ppbr_az,MAE,validation_stacking,101,9,chem_fp_chemberta_kpgt_ept_xgb;chem_fp_chemberta_kpgt_xgb;chem_fp_xgb;deep_chemberta_kpgt_ept_ridge_linear;deep_chemberta_kpgt_ridge_linear;deep_chemberta_ridge_linear;deep_ept_ridge_linear;deep_kpgt_ept_ridge_linear;deep_kpgt_ridge_linear,10.107833379122901,/mnt/data/projects/trimole_hybrid_revision_20260915/results_strict/revision_20260918_expanded_candidate_pool_controls_v4_threshold_aligned/score/predictions/ppbr_az/validation_stacking_seed_101.csv
ppbr_az,MAE,global_single,202,9,chem_fp_chemberta_kpgt_ept_xgb,9.252873676207514,/mnt/data/projects/trimole_hybrid_revision_20260915/results_strict/revision_20260918_expanded_candidate_pool_controls_v4_threshold_aligned/score/predictions/ppbr_az/global_single_seed_202.csv
ppbr_az,MAE,per_task_single,202,9,chem_fp_chemberta_kpgt_ept_xgb,9.252873676207514,/mnt/data/projects/trimole_hybrid_revision_20260915/results_strict/revision_20260918_expanded_candidate_pool_controls_v4_threshold_aligned/score/predictions/ppbr_az/per_task_single_seed_202.csv
ppbr_az,MAE,validation_top2_average,202,9,chem_fp_chemberta_kpgt_ept_xgb;chem_fp_chemberta_kpgt_xgb,8.495167762075136,/mnt/data/projects/trimole_hybrid_revision_20260915/results_strict/revision_20260918_expanded_candidate_pool_controls_v4_threshold_aligned/score/predictions/ppbr_az/validation_top2_average_seed_202.csv
ppbr_az,MAE,validation_top3_average,202,9,chem_fp_chemberta_kpgt_ept_xgb;chem_fp_chemberta_kpgt_xgb;chem_fp_xgb,8.620225089445439,/mnt/data/projects/trimole_hybrid_revision_20260915/results_strict/revision_20260918_expanded_candidate_pool_controls_v4_threshold_aligned/score/predictions/ppbr_az/validation_top3_average_seed_202.csv
ppbr_az,MAE,uniform_candidate_average,202,9,chem_fp_chemberta_kpgt_ept_xgb;chem_fp_chemberta_kpgt_xgb;chem_fp_xgb;deep_chemberta_kpgt_ept_ridge_linear;deep_chemberta_kpgt_ridge_linear;deep_chemberta_ridge_linear;deep_ept_ridge_linear;deep_kpgt_ept_ridge_linear;deep_kpgt_ridge_linear,8.791006243172331,/mnt/data/projects/trimole_hybrid_revision_20260915/results_strict/revision_20260918_expanded_candidate_pool_controls_v4_threshold_aligned/score/predictions/ppbr_az/uniform_candidate_average_seed_202.csv
ppbr_az,MAE,validation_stacking,202,9,chem_fp_chemberta_kpgt_ept_xgb;chem_fp_chemberta_kpgt_xgb;chem_fp_xgb;deep_chemberta_kpgt_ept_ridge_linear;deep_chemberta_kpgt_ridge_linear;deep_chemberta_ridge_linear;deep_ept_ridge_linear;deep_kpgt_ept_ridge_linear;deep_kpgt_ridge_linear,9.602575683470855,/mnt/data/projects/trimole_hybrid_revision_20260915/results_strict/revision_20260918_expanded_candidate_pool_controls_v4_threshold_aligned/score/predictions/ppbr_az/validation_stacking_seed_202.csv
ppbr_az,MAE,global_single,303,9,chem_fp_chemberta_kpgt_ept_xgb,9.100486441860465,/mnt/data/projects/trimole_hybrid_revision_20260915/results_strict/revision_20260918_expanded_candidate_pool_controls_v4_threshold_aligned/score/predictions/ppbr_az/global_single_seed_303.csv
ppbr_az,MAE,per_task_single,303,9,chem_fp_chemberta_kpgt_ept_xgb,9.100486441860465,/mnt/data/projects/trimole_hybrid_revision_20260915/results_strict/revision_20260918_expanded_candidate_pool_controls_v4_threshold_aligned/score/predictions/ppbr_az/per_task_single_seed_303.csv
ppbr_az,MAE,validation_top2_average,303,9,chem_fp_chemberta_kpgt_ept_xgb;chem_fp_chemberta_kpgt_xgb,8.57899299373882,/mnt/data/projects/trimole_hybrid_revision_20260915/results_strict/revision_20260918_expanded_candidate_pool_controls_v4_threshold_aligned/score/predictions/ppbr_az/validation_top2_average_seed_303.csv
ppbr_az,MAE,validation_top3_average,303,9,chem_fp_chemberta_kpgt_ept_xgb;chem_fp_chemberta_kpgt_xgb;chem_fp_xgb,8.737480257006562,/mnt/data/projects/trimole_hybrid_revision_20260915/results_strict/revision_20260918_expanded_candidate_pool_controls_v4_threshold_aligned/score/predictions/ppbr_az/validation_top3_average_seed_303.csv
ppbr_az,MAE,uniform_candidate_average,303,9,chem_fp_chemberta_kpgt_ept_xgb;chem_fp_chemberta_kpgt_xgb;chem_fp_xgb;deep_chemberta_kpgt_ept_ridge_linear;deep_chemberta_kpgt_ridge_linear;deep_chemberta_ridge_linear;deep_ept_ridge_linear;deep_kpgt_ept_ridge_linear;deep_kpgt_ridge_linear,8.821824478910754,/mnt/data/projects/trimole_hybrid_revision_20260915/results_strict/revision_20260918_expanded_candidate_pool_controls_v4_threshold_aligned/score/predictions/ppbr_az/uniform_candidate_average_seed_303.csv
ppbr_az,MAE,validation_stacking,303,9,chem_fp_chemberta_kpgt_ept_xgb;chem_fp_chemberta_kpgt_xgb;chem_fp_xgb;deep_chemberta_kpgt_ept_ridge_linear;deep_chemberta_kpgt_ridge_linear;deep_chemberta_ridge_linear;deep_ept_ridge_linear;deep_kpgt_ept_ridge_linear;deep_kpgt_ridge_linear,10.025322840861449,/mnt/data/projects/trimole_hybrid_revision_20260915/results_strict/revision_20260918_expanded_candidate_pool_controls_v4_threshold_aligned/score/predictions/ppbr_az/validation_stacking_seed_303.csv
ppbr_az,MAE,global_single,404,9,chem_fp_chemberta_kpgt_ept_xgb,9.36572763685152,/mnt/data/projects/trimole_hybrid_revision_20260915/results_strict/revision_20260918_expanded_candidate_pool_controls_v4_threshold_aligned/score/predictions/ppbr_az/global_single_seed_404.csv
ppbr_az,MAE,per_task_single,404,9,chem_fp_chemberta_kpgt_ept_xgb,9.36572763685152,/mnt/data/projects/trimole_hybrid_revision_20260915/results_strict/revision_20260918_expanded_candidate_pool_controls_v4_threshold_aligned/score/predictions/ppbr_az/per_task_single_seed_404.csv
ppbr_az,MAE,validation_top2_average,404,9,chem_fp_chemberta_kpgt_ept_xgb;chem_fp_chemberta_kpgt_xgb,8.582176620751342,/mnt/data/projects/trimole_hybrid_revision_20260915/results_strict/revision_20260918_expanded_candidate_pool_controls_v4_threshold_aligned/score/predictions/ppbr_az/validation_top2_average_seed_404.csv
ppbr_az,MAE,validation_top3_average,404,9,chem_fp_chemberta_kpgt_ept_xgb;chem_fp_chemberta_kpgt_xgb;chem_fp_xgb,8.796507968395947,/mnt/data/projects/trimole_hybrid_revision_20260915/results_strict/revision_20260918_expanded_candidate_pool_controls_v4_threshold_aligned/score/predictions/ppbr_az/validation_top3_average_seed_404.csv
ppbr_az,MAE,uniform_candidate_average,404,9,chem_fp_chemberta_kpgt_ept_xgb;chem_fp_chemberta_kpgt_xgb;chem_fp_xgb;deep_chemberta_kpgt_ept_ridge_linear;deep_chemberta_kpgt_ridge_linear;deep_chemberta_ridge_linear;deep_ept_ridge_linear;deep_kpgt_ept_ridge_linear;deep_kpgt_ridge_linear,8.821590769509045,/mnt/data/projects/trimole_hybrid_revision_20260915/results_strict/revision_20260918_expanded_candidate_pool_controls_v4_threshold_aligned/score/predictions/ppbr_az/uniform_candidate_average_seed_404.csv
ppbr_az,MAE,validation_stacking,404,9,chem_fp_chemberta_kpgt_ept_xgb;chem_fp_chemberta_kpgt_xgb;chem_fp_xgb;deep_chemberta_kpgt_ept_ridge_linear;deep_chemberta_kpgt_ridge_linear;deep_chemberta_ridge_linear;deep_ept_ridge_linear;deep_kpgt_ept_ridge_linear;deep_kpgt_ridge_linear,9.980859361254085,/mnt/data/projects/trimole_hybrid_revision_20260915/results_strict/revision_20260918_expanded_candidate_pool_controls_v4_threshold_aligned/score/predictions/ppbr_az/validation_stacking_seed_404.csv
ppbr_az,MAE,global_single,505,9,chem_fp_chemberta_kpgt_ept_xgb,9.137209262969588,/mnt/data/projects/trimole_hybrid_revision_20260915/results_strict/revision_20260918_expanded_candidate_pool_controls_v4_threshold_aligned/score/predictions/ppbr_az/global_single_seed_505.csv
ppbr_az,MAE,per_task_single,505,9,chem_fp_chemberta_kpgt_ept_xgb,9.137209262969588,/mnt/data/projects/trimole_hybrid_revision_20260915/results_strict/revision_20260918_expanded_candidate_pool_controls_v4_threshold_aligned/score/predictions/ppbr_az/per_task_single_seed_505.csv
ppbr_az,MAE,validation_top2_average,505,9,chem_fp_chemberta_kpgt_ept_xgb;chem_fp_chemberta_kpgt_xgb,8.523905628801433,/mnt/data/projects/trimole_hybrid_revision_20260915/results_strict/revision_20260918_expanded_candidate_pool_controls_v4_threshold_aligned/score/predictions/ppbr_az/validation_top2_average_seed_505.csv
ppbr_az,MAE,validation_top3_average,505,9,chem_fp_chemberta_kpgt_ept_xgb;chem_fp_chemberta_kpgt_xgb;chem_fp_xgb,8.670655938580797,/mnt/data/projects/trimole_hybrid_revision_20260915/results_strict/revision_20260918_expanded_candidate_pool_controls_v4_threshold_aligned/score/predictions/ppbr_az/validation_top3_average_seed_505.csv
ppbr_az,MAE,uniform_candidate_average,505,9,chem_fp_chemberta_kpgt_ept_xgb;chem_fp_chemberta_kpgt_xgb;chem_fp_xgb;deep_chemberta_kpgt_ept_ridge_linear;deep_chemberta_kpgt_ridge_linear;deep_chemberta_ridge_linear;deep_ept_ridge_linear;deep_kpgt_ept_ridge_linear;deep_kpgt_ridge_linear,8.794063343152455,/mnt/data/projects/trimole_hybrid_revision_20260915/results_strict/revision_20260918_expanded_candidate_pool_controls_v4_threshold_aligned/score/predictions/ppbr_az/uniform_candidate_average_seed_505.csv
ppbr_az,MAE,validation_stacking,505,9,chem_fp_chemberta_kpgt_ept_xgb;chem_fp_chemberta_kpgt_xgb;chem_fp_xgb;deep_chemberta_kpgt_ept_ridge_linear;deep_chemberta_kpgt_ridge_linear;deep_chemberta_ridge_linear;deep_ept_ridge_linear;deep_kpgt_ept_ridge_linear;deep_kpgt_ridge_linear,9.69341547846865,/mnt/data/projects/trimole_hybrid_revision_20260915/results_strict/revision_20260918_expanded_candidate_pool_controls_v4_threshold_aligned/score/predictions/ppbr_az/validation_stacking_seed_505.csv
solubility_aqsoldb,MAE,global_single,101,9,chem_fp_chemberta_kpgt_ept_xgb,0.836095450683218,/mnt/data/projects/trimole_hybrid_revision_20260915/results_strict/revision_20260918_expanded_candidate_pool_controls_v4_threshold_aligned/score/predictions/solubility_aqsoldb/global_single_seed_101.csv
solubility_aqsoldb,MAE,per_task_single,101,9,chem_fp_chemberta_kpgt_ept_xgb,0.836095450683218,/mnt/data/projects/trimole_hybrid_revision_20260915/results_strict/revision_20260918_expanded_candidate_pool_controls_v4_threshold_aligned/score/predictions/solubility_aqsoldb/per_task_single_seed_101.csv
solubility_aqsoldb,MAE,validation_top2_average,101,9,chem_fp_chemberta_kpgt_ept_xgb;chem_fp_chemberta_kpgt_xgb,0.8199847301735389,/mnt/data/projects/trimole_hybrid_revision_20260915/results_strict/revision_20260918_expanded_candidate_pool_controls_v4_threshold_aligned/score/predictions/solubility_aqsoldb/validation_top2_average_seed_101.csv
solubility_aqsoldb,MAE,validation_top3_average,101,9,chem_fp_chemberta_kpgt_ept_xgb;chem_fp_chemberta_kpgt_xgb;deep_ept_ridge_linear,0.8221456231200868,/mnt/data/projects/trimole_hybrid_revision_20260915/results_strict/revision_20260918_expanded_candidate_pool_controls_v4_threshold_aligned/score/predictions/solubility_aqsoldb/validation_top3_average_seed_101.csv
solubility_aqsoldb,MAE,uniform_candidate_average,101,9,chem_fp_chemberta_kpgt_ept_xgb;chem_fp_chemberta_kpgt_xgb;chem_fp_xgb;deep_chemberta_kpgt_ept_ridge_linear;deep_chemberta_kpgt_ridge_linear;deep_chemberta_ridge_linear;deep_ept_ridge_linear;deep_kpgt_ept_ridge_linear;deep_kpgt_ridge_linear,0.7939662779733679,/mnt/data/projects/trimole_hybrid_revision_20260915/results_strict/revision_20260918_expanded_candidate_pool_controls_v4_threshold_aligned/score/predictions/solubility_aqsoldb/uniform_candidate_average_seed_101.csv
solubility_aqsoldb,MAE,validation_stacking,101,9,chem_fp_chemberta_kpgt_ept_xgb;chem_fp_chemberta_kpgt_xgb;chem_fp_xgb;deep_chemberta_kpgt_ept_ridge_linear;deep_chemberta_kpgt_ridge_linear;deep_chemberta_ridge_linear;deep_ept_ridge_linear;deep_kpgt_ept_ridge_linear;deep_kpgt_ridge_linear,0.84396057955141,/mnt/data/projects/trimole_hybrid_revision_20260915/results_strict/revision_20260918_expanded_candidate_pool_controls_v4_threshold_aligned/score/predictions/solubility_aqsoldb/validation_stacking_seed_101.csv
solubility_aqsoldb,MAE,global_single,202,9,chem_fp_chemberta_kpgt_ept_xgb,0.8369094141964412,/mnt/data/projects/trimole_hybrid_revision_20260915/results_strict/revision_20260918_expanded_candidate_pool_controls_v4_threshold_aligned/score/predictions/solubility_aqsoldb/global_single_seed_202.csv
solubility_aqsoldb,MAE,per_task_single,202,9,chem_fp_chemberta_kpgt_ept_xgb,0.8369094141964412,/mnt/data/projects/trimole_hybrid_revision_20260915/results_strict/revision_20260918_expanded_candidate_pool_controls_v4_threshold_aligned/score/predictions/solubility_aqsoldb/per_task_single_seed_202.csv
solubility_aqsoldb,MAE,validation_top2_average,202,9,chem_fp_chemberta_kpgt_ept_xgb;chem_fp_chemberta_kpgt_xgb,0.8225376297182706,/mnt/data/projects/trimole_hybrid_revision_20260915/results_strict/revision_20260918_expanded_candidate_pool_controls_v4_threshold_aligned/score/predictions/solubility_aqsoldb/validation_top2_average_seed_202.csv
solubility_aqsoldb,MAE,validation_top3_average,202,9,chem_fp_chemberta_kpgt_ept_xgb;chem_fp_chemberta_kpgt_xgb;deep_ept_ridge_linear,0.8266506896301086,/mnt/data/projects/trimole_hybrid_revision_20260915/results_strict/revision_20260918_expanded_candidate_pool_controls_v4_threshold_aligned/score/predictions/solubility_aqsoldb/validation_top3_average_seed_202.csv
solubility_aqsoldb,MAE,uniform_candidate_average,202,9,chem_fp_chemberta_kpgt_ept_xgb;chem_fp_chemberta_kpgt_xgb;chem_fp_xgb;deep_chemberta_kpgt_ept_ridge_linear;deep_chemberta_kpgt_ridge_linear;deep_chemberta_ridge_linear;deep_ept_ridge_linear;deep_kpgt_ept_ridge_linear;deep_kpgt_ridge_linear,0.7944518789753996,/mnt/data/projects/trimole_hybrid_revision_20260915/results_strict/revision_20260918_expanded_candidate_pool_controls_v4_threshold_aligned/score/predictions/solubility_aqsoldb/uniform_candidate_average_seed_202.csv
solubility_aqsoldb,MAE,validation_stacking,202,9,chem_fp_chemberta_kpgt_ept_xgb;chem_fp_chemberta_kpgt_xgb;chem_fp_xgb;deep_chemberta_kpgt_ept_ridge_linear;deep_chemberta_kpgt_ridge_linear;deep_chemberta_ridge_linear;deep_ept_ridge_linear;deep_kpgt_ept_ridge_linear;deep_kpgt_ridge_linear,0.8429581422406808,/mnt/data/projects/trimole_hybrid_revision_20260915/results_strict/revision_20260918_expanded_candidate_pool_controls_v4_threshold_aligned/score/predictions/solubility_aqsoldb/validation_stacking_seed_202.csv
solubility_aqsoldb,MAE,global_single,303,9,chem_fp_chemberta_kpgt_ept_xgb,0.8354787681444611,/mnt/data/projects/trimole_hybrid_revision_20260915/results_strict/revision_20260918_expanded_candidate_pool_controls_v4_threshold_aligned/score/predictions/solubility_aqsoldb/global_single_seed_303.csv
solubility_aqsoldb,MAE,per_task_single,303,9,chem_fp_chemberta_kpgt_ept_xgb,0.8354787681444611,/mnt/data/projects/trimole_hybrid_revision_20260915/results_strict/revision_20260918_expanded_candidate_pool_controls_v4_threshold_aligned/score/predictions/solubility_aqsoldb/per_task_single_seed_303.csv
solubility_aqsoldb,MAE,validation_top2_average,303,9,chem_fp_chemberta_kpgt_ept_xgb;chem_fp_chemberta_kpgt_xgb,0.8160434541132331,/mnt/data/projects/trimole_hybrid_revision_20260915/results_strict/revision_20260918_expanded_candidate_pool_controls_v4_threshold_aligned/score/predictions/solubility_aqsoldb/validation_top2_average_seed_303.csv
solubility_aqsoldb,MAE,validation_top3_average,303,9,chem_fp_chemberta_kpgt_ept_xgb;chem_fp_chemberta_kpgt_xgb;deep_ept_ridge_linear,0.8205273009234586,/mnt/data/projects/trimole_hybrid_revision_20260915/results_strict/revision_20260918_expanded_candidate_pool_controls_v4_threshold_aligned/score/predictions/solubility_aqsoldb/validation_top3_average_seed_303.csv
solubility_aqsoldb,MAE,uniform_candidate_average,303,9,chem_fp_chemberta_kpgt_ept_xgb;chem_fp_chemberta_kpgt_xgb;chem_fp_xgb;deep_chemberta_kpgt_ept_ridge_linear;deep_chemberta_kpgt_ridge_linear;deep_chemberta_ridge_linear;deep_ept_ridge_linear;deep_kpgt_ept_ridge_linear;deep_kpgt_ridge_linear,0.7954978946130994,/mnt/data/projects/trimole_hybrid_revision_20260915/results_strict/revision_20260918_expanded_candidate_pool_controls_v4_threshold_aligned/score/predictions/solubility_aqsoldb/uniform_candidate_average_seed_303.csv
solubility_aqsoldb,MAE,validation_stacking,303,9,chem_fp_chemberta_kpgt_ept_xgb;chem_fp_chemberta_kpgt_xgb;chem_fp_xgb;deep_chemberta_kpgt_ept_ridge_linear;deep_chemberta_kpgt_ridge_linear;deep_chemberta_ridge_linear;deep_ept_ridge_linear;deep_kpgt_ept_ridge_linear;deep_kpgt_ridge_linear,0.8340400846127256,/mnt/data/projects/trimole_hybrid_revision_20260915/results_strict/revision_20260918_expanded_candidate_pool_controls_v4_threshold_aligned/score/predictions/solubility_aqsoldb/validation_stacking_seed_303.csv
solubility_aqsoldb,MAE,global_single,404,9,chem_fp_chemberta_kpgt_ept_xgb,0.842374898065564,/mnt/data/projects/trimole_hybrid_revision_20260915/results_strict/revision_20260918_expanded_candidate_pool_controls_v4_threshold_aligned/score/predictions/solubility_aqsoldb/global_single_seed_404.csv
solubility_aqsoldb,MAE,per_task_single,404,9,chem_fp_chemberta_kpgt_ept_xgb,0.842374898065564,/mnt/data/projects/trimole_hybrid_revision_20260915/results_strict/revision_20260918_expanded_candidate_pool_controls_v4_threshold_aligned/score/predictions/solubility_aqsoldb/per_task_single_seed_404.csv
solubility_aqsoldb,MAE,validation_top2_average,404,9,chem_fp_chemberta_kpgt_ept_xgb;chem_fp_chemberta_kpgt_xgb,0.8198545329617293,/mnt/data/projects/trimole_hybrid_revision_20260915/results_strict/revision_20260918_expanded_candidate_pool_controls_v4_threshold_aligned/score/predictions/solubility_aqsoldb/validation_top2_average_seed_404.csv
solubility_aqsoldb,MAE,validation_top3_average,404,9,chem_fp_chemberta_kpgt_ept_xgb;chem_fp_chemberta_kpgt_xgb;deep_ept_ridge_linear,0.8236485770744193,/mnt/data/projects/trimole_hybrid_revision_20260915/results_strict/revision_20260918_expanded_candidate_pool_controls_v4_threshold_aligned/score/predictions/solubility_aqsoldb/validation_top3_average_seed_404.csv
solubility_aqsoldb,MAE,uniform_candidate_average,404,9,chem_fp_chemberta_kpgt_ept_xgb;chem_fp_chemberta_kpgt_xgb;chem_fp_xgb;deep_chemberta_kpgt_ept_ridge_linear;deep_chemberta_kpgt_ridge_linear;deep_chemberta_ridge_linear;deep_ept_ridge_linear;deep_kpgt_ept_ridge_linear;deep_kpgt_ridge_linear,0.7947008351889112,/mnt/data/projects/trimole_hybrid_revision_20260915/results_strict/revision_20260918_expanded_candidate_pool_controls_v4_threshold_aligned/score/predictions/solubility_aqsoldb/uniform_candidate_average_seed_404.csv
solubility_aqsoldb,MAE,validation_stacking,404,9,chem_fp_chemberta_kpgt_ept_xgb;chem_fp_chemberta_kpgt_xgb;chem_fp_xgb;deep_chemberta_kpgt_ept_ridge_linear;deep_chemberta_kpgt_ridge_linear;deep_chemberta_ridge_linear;deep_ept_ridge_linear;deep_kpgt_ept_ridge_linear;deep_kpgt_ridge_linear,0.8424241912644355,/mnt/data/projects/trimole_hybrid_revision_20260915/results_strict/revision_20260918_expanded_candidate_pool_controls_v4_threshold_aligned/score/predictions/solubility_aqsoldb/validation_stacking_seed_404.csv
solubility_aqsoldb,MAE,global_single,505,9,chem_fp_chemberta_kpgt_ept_xgb,0.8407333950085214,/mnt/data/projects/trimole_hybrid_revision_20260915/results_strict/revision_20260918_expanded_candidate_pool_controls_v4_threshold_aligned/score/predictions/solubility_aqsoldb/global_single_seed_505.csv
solubility_aqsoldb,MAE,per_task_single,505,9,chem_fp_chemberta_kpgt_ept_xgb,0.8407333950085214,/mnt/data/projects/trimole_hybrid_revision_20260915/results_strict/revision_20260918_expanded_candidate_pool_controls_v4_threshold_aligned/score/predictions/solubility_aqsoldb/per_task_single_seed_505.csv
solubility_aqsoldb,MAE,validation_top2_average,505,9,chem_fp_chemberta_kpgt_ept_xgb;chem_fp_chemberta_kpgt_xgb,0.8227978478753885,/mnt/data/projects/trimole_hybrid_revision_20260915/results_strict/revision_20260918_expanded_candidate_pool_controls_v4_threshold_aligned/score/predictions/solubility_aqsoldb/validation_top2_average_seed_505.csv
solubility_aqsoldb,MAE,validation_top3_average,505,9,chem_fp_chemberta_kpgt_ept_xgb;chem_fp_chemberta_kpgt_xgb;deep_ept_ridge_linear,0.8229657164241437,/mnt/data/projects/trimole_hybrid_revision_20260915/results_strict/revision_20260918_expanded_candidate_pool_controls_v4_threshold_aligned/score/predictions/solubility_aqsoldb/validation_top3_average_seed_505.csv
solubility_aqsoldb,MAE,uniform_candidate_average,505,9,chem_fp_chemberta_kpgt_ept_xgb;chem_fp_chemberta_kpgt_xgb;chem_fp_xgb;deep_chemberta_kpgt_ept_ridge_linear;deep_chemberta_kpgt_ridge_linear;deep_chemberta_ridge_linear;deep_ept_ridge_linear;deep_kpgt_ept_ridge_linear;deep_kpgt_ridge_linear,0.7943228654192481,/mnt/data/projects/trimole_hybrid_revision_20260915/results_strict/revision_20260918_expanded_candidate_pool_controls_v4_threshold_aligned/score/predictions/solubility_aqsoldb/uniform_candidate_average_seed_505.csv
solubility_aqsoldb,MAE,validation_stacking,505,9,chem_fp_chemberta_kpgt_ept_xgb;chem_fp_chemberta_kpgt_xgb;chem_fp_xgb;deep_chemberta_kpgt_ept_ridge_linear;deep_chemberta_kpgt_ridge_linear;deep_chemberta_ridge_linear;deep_ept_ridge_linear;deep_kpgt_ept_ridge_linear;deep_kpgt_ridge_linear,0.8485242908054654,/mnt/data/projects/trimole_hybrid_revision_20260915/results_strict/revision_20260918_expanded_candidate_pool_controls_v4_threshold_aligned/score/predictions/solubility_aqsoldb/validation_stacking_seed_505.csv
vdss_lombardo,Spearman,global_single,101,9,chem_fp_chemberta_kpgt_ept_xgb,0.4126633784170538,/mnt/data/projects/trimole_hybrid_revision_20260915/results_strict/revision_20260918_expanded_candidate_pool_controls_v4_threshold_aligned/score/predictions/vdss_lombardo/global_single_seed_101.csv
vdss_lombardo,Spearman,per_task_single,101,9,chem_fp_xgb,0.47983051106950614,/mnt/data/projects/trimole_hybrid_revision_20260915/results_strict/revision_20260918_expanded_candidate_pool_controls_v4_threshold_aligned/score/predictions/vdss_lombardo/per_task_single_seed_101.csv
vdss_lombardo,Spearman,validation_top2_average,101,9,chem_fp_xgb;chem_fp_chemberta_kpgt_ept_xgb,0.4287556402213582,/mnt/data/projects/trimole_hybrid_revision_20260915/results_strict/revision_20260918_expanded_candidate_pool_controls_v4_threshold_aligned/score/predictions/vdss_lombardo/validation_top2_average_seed_101.csv
vdss_lombardo,Spearman,validation_top3_average,101,9,chem_fp_xgb;chem_fp_chemberta_kpgt_ept_xgb;deep_ept_ridge_linear,0.2902285992225894,/mnt/data/projects/trimole_hybrid_revision_20260915/results_strict/revision_20260918_expanded_candidate_pool_controls_v4_threshold_aligned/score/predictions/vdss_lombardo/validation_top3_average_seed_101.csv
vdss_lombardo,Spearman,uniform_candidate_average,101,9,chem_fp_chemberta_kpgt_ept_xgb;chem_fp_chemberta_kpgt_xgb;chem_fp_xgb;deep_chemberta_kpgt_ept_ridge_linear;deep_chemberta_kpgt_ridge_linear;deep_chemberta_ridge_linear;deep_ept_ridge_linear;deep_kpgt_ept_ridge_linear;deep_kpgt_ridge_linear,0.11767623159804183,/mnt/data/projects/trimole_hybrid_revision_20260915/results_strict/revision_20260918_expanded_candidate_pool_controls_v4_threshold_aligned/score/predictions/vdss_lombardo/uniform_candidate_average_seed_101.csv
vdss_lombardo,Spearman,validation_stacking,101,9,chem_fp_chemberta_kpgt_ept_xgb;chem_fp_chemberta_kpgt_xgb;chem_fp_xgb;deep_chemberta_kpgt_ept_ridge_linear;deep_chemberta_kpgt_ridge_linear;deep_chemberta_ridge_linear;deep_ept_ridge_linear;deep_kpgt_ept_ridge_linear;deep_kpgt_ridge_linear,0.21474278661520924,/mnt/data/projects/trimole_hybrid_revision_20260915/results_strict/revision_20260918_expanded_candidate_pool_controls_v4_threshold_aligned/score/predictions/vdss_lombardo/validation_stacking_seed_101.csv
vdss_lombardo,Spearman,global_single,202,9,chem_fp_chemberta_kpgt_ept_xgb,0.4392395751592801,/mnt/data/projects/trimole_hybrid_revision_20260915/results_strict/revision_20260918_expanded_candidate_pool_controls_v4_threshold_aligned/score/predictions/vdss_lombardo/global_single_seed_202.csv
vdss_lombardo,Spearman,per_task_single,202,9,chem_fp_xgb,0.45314408928260524,/mnt/data/projects/trimole_hybrid_revision_20260915/results_strict/revision_20260918_expanded_candidate_pool_controls_v4_threshold_aligned/score/predictions/vdss_lombardo/per_task_single_seed_202.csv
vdss_lombardo,Spearman,validation_top2_average,202,9,chem_fp_xgb;chem_fp_chemberta_kpgt_ept_xgb,0.45766333309332685,/mnt/data/projects/trimole_hybrid_revision_20260915/results_strict/revision_20260918_expanded_candidate_pool_controls_v4_threshold_aligned/score/predictions/vdss_lombardo/validation_top2_average_seed_202.csv
vdss_lombardo,Spearman,validation_top3_average,202,9,chem_fp_xgb;chem_fp_chemberta_kpgt_ept_xgb;deep_ept_ridge_linear,0.29501426946936166,/mnt/data/projects/trimole_hybrid_revision_20260915/results_strict/revision_20260918_expanded_candidate_pool_controls_v4_threshold_aligned/score/predictions/vdss_lombardo/validation_top3_average_seed_202.csv
vdss_lombardo,Spearman,uniform_candidate_average,202,9,chem_fp_chemberta_kpgt_ept_xgb;chem_fp_chemberta_kpgt_xgb;chem_fp_xgb;deep_chemberta_kpgt_ept_ridge_linear;deep_chemberta_kpgt_ridge_linear;deep_chemberta_ridge_linear;deep_ept_ridge_linear;deep_kpgt_ept_ridge_linear;deep_kpgt_ridge_linear,0.10833466149870485,/mnt/data/projects/trimole_hybrid_revision_20260915/results_strict/revision_20260918_expanded_candidate_pool_controls_v4_threshold_aligned/score/predictions/vdss_lombardo/uniform_candidate_average_seed_202.csv
vdss_lombardo,Spearman,validation_stacking,202,9,chem_fp_chemberta_kpgt_ept_xgb;chem_fp_chemberta_kpgt_xgb;chem_fp_xgb;deep_chemberta_kpgt_ept_ridge_linear;deep_chemberta_kpgt_ridge_linear;deep_chemberta_ridge_linear;deep_ept_ridge_linear;deep_kpgt_ept_ridge_linear;deep_kpgt_ridge_linear,0.2138512566919837,/mnt/data/projects/trimole_hybrid_revision_20260915/results_strict/revision_20260918_expanded_candidate_pool_controls_v4_threshold_aligned/score/predictions/vdss_lombardo/validation_stacking_seed_202.csv
vdss_lombardo,Spearman,global_single,303,9,chem_fp_chemberta_kpgt_ept_xgb,0.41347277406343264,/mnt/data/projects/trimole_hybrid_revision_20260915/results_strict/revision_20260918_expanded_candidate_pool_controls_v4_threshold_aligned/score/predictions/vdss_lombardo/global_single_seed_303.csv
vdss_lombardo,Spearman,per_task_single,303,9,chem_fp_xgb,0.44590333745407684,/mnt/data/projects/trimole_hybrid_revision_20260915/results_strict/revision_20260918_expanded_candidate_pool_controls_v4_threshold_aligned/score/predictions/vdss_lombardo/per_task_single_seed_303.csv
vdss_lombardo,Spearman,validation_top2_average,303,9,chem_fp_xgb;chem_fp_chemberta_kpgt_ept_xgb,0.43243404972282024,/mnt/data/projects/trimole_hybrid_revision_20260915/results_strict/revision_20260918_expanded_candidate_pool_controls_v4_threshold_aligned/score/predictions/vdss_lombardo/validation_top2_average_seed_303.csv
vdss_lombardo,Spearman,validation_top3_average,303,9,chem_fp_xgb;chem_fp_chemberta_kpgt_ept_xgb;deep_ept_ridge_linear,0.32330721850812144,/mnt/data/projects/trimole_hybrid_revision_20260915/results_strict/revision_20260918_expanded_candidate_pool_controls_v4_threshold_aligned/score/predictions/vdss_lombardo/validation_top3_average_seed_303.csv
vdss_lombardo,Spearman,uniform_candidate_average,303,9,chem_fp_chemberta_kpgt_ept_xgb;chem_fp_chemberta_kpgt_xgb;chem_fp_xgb;deep_chemberta_kpgt_ept_ridge_linear;deep_chemberta_kpgt_ridge_linear;deep_chemberta_ridge_linear;deep_ept_ridge_linear;deep_kpgt_ept_ridge_linear;deep_kpgt_ridge_linear,0.12524461885882351,/mnt/data/projects/trimole_hybrid_revision_20260915/results_strict/revision_20260918_expanded_candidate_pool_controls_v4_threshold_aligned/score/predictions/vdss_lombardo/uniform_candidate_average_seed_303.csv
vdss_lombardo,Spearman,validation_stacking,303,9,chem_fp_chemberta_kpgt_ept_xgb;chem_fp_chemberta_kpgt_xgb;chem_fp_xgb;deep_chemberta_kpgt_ept_ridge_linear;deep_chemberta_kpgt_ridge_linear;deep_chemberta_ridge_linear;deep_ept_ridge_linear;deep_kpgt_ept_ridge_linear;deep_kpgt_ridge_linear,0.21815867181959114,/mnt/data/projects/trimole_hybrid_revision_20260915/results_strict/revision_20260918_expanded_candidate_pool_controls_v4_threshold_aligned/score/predictions/vdss_lombardo/validation_stacking_seed_303.csv
vdss_lombardo,Spearman,global_single,404,9,chem_fp_chemberta_kpgt_ept_xgb,0.44683994063640353,/mnt/data/projects/trimole_hybrid_revision_20260915/results_strict/revision_20260918_expanded_candidate_pool_controls_v4_threshold_aligned/score/predictions/vdss_lombardo/global_single_seed_404.csv
vdss_lombardo,Spearman,per_task_single,404,9,chem_fp_xgb,0.45423432427118193,/mnt/data/projects/trimole_hybrid_revision_20260915/results_strict/revision_20260918_expanded_candidate_pool_controls_v4_threshold_aligned/score/predictions/vdss_lombardo/per_task_single_seed_404.csv
vdss_lombardo,Spearman,validation_top2_average,404,9,chem_fp_xgb;chem_fp_chemberta_kpgt_ept_xgb,0.46063033736545717,/mnt/data/projects/trimole_hybrid_revision_20260915/results_strict/revision_20260918_expanded_candidate_pool_controls_v4_threshold_aligned/score/predictions/vdss_lombardo/validation_top2_average_seed_404.csv
vdss_lombardo,Spearman,validation_top3_average,404,9,chem_fp_xgb;chem_fp_chemberta_kpgt_ept_xgb;deep_ept_ridge_linear,0.3149055236864473,/mnt/data/projects/trimole_hybrid_revision_20260915/results_strict/revision_20260918_expanded_candidate_pool_controls_v4_threshold_aligned/score/predictions/vdss_lombardo/validation_top3_average_seed_404.csv
vdss_lombardo,Spearman,uniform_candidate_average,404,9,chem_fp_chemberta_kpgt_ept_xgb;chem_fp_chemberta_kpgt_xgb;chem_fp_xgb;deep_chemberta_kpgt_ept_ridge_linear;deep_chemberta_kpgt_ridge_linear;deep_chemberta_ridge_linear;deep_ept_ridge_linear;deep_kpgt_ept_ridge_linear;deep_kpgt_ridge_linear,0.12998506280628339,/mnt/data/projects/trimole_hybrid_revision_20260915/results_strict/revision_20260918_expanded_candidate_pool_controls_v4_threshold_aligned/score/predictions/vdss_lombardo/uniform_candidate_average_seed_404.csv
vdss_lombardo,Spearman,validation_stacking,404,9,chem_fp_chemberta_kpgt_ept_xgb;chem_fp_chemberta_kpgt_xgb;chem_fp_xgb;deep_chemberta_kpgt_ept_ridge_linear;deep_chemberta_kpgt_ridge_linear;deep_chemberta_ridge_linear;deep_ept_ridge_linear;deep_kpgt_ept_ridge_linear;deep_kpgt_ridge_linear,0.24108268730320614,/mnt/data/projects/trimole_hybrid_revision_20260915/results_strict/revision_20260918_expanded_candidate_pool_controls_v4_threshold_aligned/score/predictions/vdss_lombardo/validation_stacking_seed_404.csv
vdss_lombardo,Spearman,global_single,505,9,chem_fp_chemberta_kpgt_ept_xgb,0.3859762544728072,/mnt/data/projects/trimole_hybrid_revision_20260915/results_strict/revision_20260918_expanded_candidate_pool_controls_v4_threshold_aligned/score/predictions/vdss_lombardo/global_single_seed_505.csv
vdss_lombardo,Spearman,per_task_single,505,9,chem_fp_xgb,0.45231940789776137,/mnt/data/projects/trimole_hybrid_revision_20260915/results_strict/revision_20260918_expanded_candidate_pool_controls_v4_threshold_aligned/score/predictions/vdss_lombardo/per_task_single_seed_505.csv
vdss_lombardo,Spearman,validation_top2_average,505,9,chem_fp_xgb;chem_fp_chemberta_kpgt_ept_xgb,0.3905409940209683,/mnt/data/projects/trimole_hybrid_revision_20260915/results_strict/revision_20260918_expanded_candidate_pool_controls_v4_threshold_aligned/score/predictions/vdss_lombardo/validation_top2_average_seed_505.csv
vdss_lombardo,Spearman,validation_top3_average,505,9,chem_fp_xgb;chem_fp_chemberta_kpgt_ept_xgb;deep_ept_ridge_linear,0.283583452278804,/mnt/data/projects/trimole_hybrid_revision_20260915/results_strict/revision_20260918_expanded_candidate_pool_controls_v4_threshold_aligned/score/predictions/vdss_lombardo/validation_top3_average_seed_505.csv
vdss_lombardo,Spearman,uniform_candidate_average,505,9,chem_fp_chemberta_kpgt_ept_xgb;chem_fp_chemberta_kpgt_xgb;chem_fp_xgb;deep_chemberta_kpgt_ept_ridge_linear;deep_chemberta_kpgt_ridge_linear;deep_chemberta_ridge_linear;deep_ept_ridge_linear;deep_kpgt_ept_ridge_linear;deep_kpgt_ridge_linear,0.1160605610432984,/mnt/data/projects/trimole_hybrid_revision_20260915/results_strict/revision_20260918_expanded_candidate_pool_controls_v4_threshold_aligned/score/predictions/vdss_lombardo/uniform_candidate_average_seed_505.csv
vdss_lombardo,Spearman,validation_stacking,505,9,chem_fp_chemberta_kpgt_ept_xgb;chem_fp_chemberta_kpgt_xgb;chem_fp_xgb;deep_chemberta_kpgt_ept_ridge_linear;deep_chemberta_kpgt_ridge_linear;deep_chemberta_ridge_linear;deep_ept_ridge_linear;deep_kpgt_ept_ridge_linear;deep_kpgt_ridge_linear,0.23602513941803926,/mnt/data/projects/trimole_hybrid_revision_20260915/results_strict/revision_20260918_expanded_candidate_pool_controls_v4_threshold_aligned/score/predictions/vdss_lombardo/validation_stacking_seed_505.csv
